rate_id,date,currency_pair,exchange_rate
R001172,2024-06-02,USD/CNY,7.2002
R001426,2024-07-06,USD/EUR,0.9019
R002126,2024-10-05,USD/GBP,0.7843
R000455,2024-02-29,USD/CAD,1.3428
R001396,2024-07-01,USD/CNY,7.1933
R002270,2024-10-24,USD/CAD,1.3489
R002060,2024-09-26,USD/CNY,7.1939
R002167,2024-10-10,EUR/GBP,0.8431
R001135,2024-05-29,USD_GBP,0.7781
R002376,2024-11-07,EUR/GBP,0.8623
R001685,2024-08-08,EUR/GBP,0.84
R001110,2024-05-25,EUR/GBP,0.8663
R000563,2024-03-14,USD/JPY,149.7936
R002862,2025-01-11,USD/EUR,0.9245
R000416,2024-02-24,USD/INR,82.5773
R000721,2024-04-04,USD/GBP,0.7824
R000706,2024-04-02,USD/INR,83.7042
R002028,2024-09-22,EUR/GBP,0.8605
R001476,2024-07-12,USD/AUD,1.5299
R001626,2024-08-01,USD/EUR,0.9299
R002538,11/28/2024,USD/CNY,7.2459
R002828,2025-01-06,USD/CAD,1.3492
R002253,2024-10-22,USD/INR,81.9926
R000653,2024-03-26,USD/GBP,0.7779
R000181,01/24/2024,USD/JPY,149.4291
R002835,2025-01-07,USD/JPY,148.1386
R000714,2024-04-03,USD/INR,83.5321
R002140,2024-10-07,usd-eur,0.9065
R002686,2024-12-18,USD/AUD,1.5248
R001931,2024-09-09,USD/CNY,7.0917
R000671,2024-03-28,USD/AUD,1.5389
R000225,2024-01-30,USD/GBP,0.7763
R002810,01/03/2025,USD/CNY,7.1405
R002055,2024-09-26,USD/INR,82.0802
R002487,2024-11-22,USD/GBP,0.777
R000869,2024-04-23,EUR/GBP,0.8556
R000717,2024-04-03,USD/AUD,1.5217
R000363,2024-02-17,USD/INR,83.1095
R002882,2025-01-13,USD/AUD,1.4878
R001569,2024-07-24,EUR/GBP,0.8367
R000378,2024-02-19,USD/GBP,0.7814
R002811,2025-01-04,USD/EUR,0.9189
R000548,2024-03-12,USD/CAD,
R002337,2024-11-02,USD/CAD,1.3568
R002549,2024-11-30,USD/INR,84.0498
R001338,2024-06-24,USD/INR,82.9483
R002190,2024-10-13,EUR/GBP,0.855
R001182,2024-06-04,USD/GBP,0.7909
R001477,07/12/2024,EUR/GBP,0.849
R001091,2024-05-23,USD/INR,83.1404
R001204,06/07/2024,USD/EUR,0.925
R000431,2024-02-26,USD/JPY,146.7429
R002164,2024-10-10,USD/JPY,150.1931
R002879,2025-01-13,USD/INR,83.4431
R001454,2024-07-09,USD/AUD,1.5595
R001522,2024-07-18,USD/CAD,1.3579
R001136,2024-05-29,USD/INR,84.0021
R002139,2024-10-06,USD/CNY,7.091
R000276,2024-02-05,USD/CAD,1.3562
R001490,2024-07-14,USD/JPY,150.3749
R002829,2025-01-06,USD/AUD,1.5345
R000122,2024-01-17,USD/EUR,0.9116
R001602,2024-07-29,USD/EUR,0.9326
R002247,2024-10-21,USD/CAD,1.3379
R001788,2024-08-22,USD/EUR,0.9131
R002909,2025-01-17,USD/INR,82.8256
R002207,2024-10-16,USD/EUR,0.9337
R002857,2025-01-10,usd-inr,82.6027
R000639,2024-03-24,USD/JPY,
R000934,2024-05-02,USD/JPY,145.2348
R002021,2024-09-21,EUR/GBP,0.8505
R000533,2024-03-10,USD/CAD,1.3491
R001262,2024-06-14,USD/INR,83.2632
R002528,2024-11-27,USD/AUD,1.5292
R001209,2024-06-07,USD/AUD,1.4987
R001692,2024-08-09,USD/AUD,1.5128
R002768,2024-12-29,USD/EUR,0.9242
R002572,12/03/2024,USD/INR,81.9948
R002058,2024-09-26,USD/AUD,1.5333
R002264,10/23/2024,EUR/GBP,0.8409
R000808,2024-04-15,USD/CAD,1.3435
R001482,2024-07-13,USD/JPY,147.9463
R002558,2024-12-01,USD/JPY,148.505
R000096,2024-01-13,USD/AUD,
R001459,2024-07-10,USD/INR,84.2731
R002468,2024-11-19,EUR/GBP,0.8503
R002813,2025-01-04,USD/JPY,151.0822
R002610,2024-12-08,USD/CAD,1.3672
R002054,2024-09-26,USD/GBP,0.7776
R000359,2024-02-16,USD/AUD,1.5249
R002838,2025-01-07,EUR/GBP,0.8638
R000670,03/28/2024,USD/CAD,1.3647
R001444,2024-07-08,USD/JPY,146.5742
R000126,2024-01-17,USD/CAD,1.3796
R001594,2024-07-28,USD/EUR,0.9283
R002161,2024-10-09,USD/CNY,7.1002
R002733,2024-12-24,USD_CAD,1.3576
R000984,05/09/2024,USD/JPY,148.4291
R000593,2024-03-18,USD/INR,83.5985
R000673,2024-03-28,USD/CNY,7.1554
R002441,2024-11-16,USD/INR,84.6557
R000315,2024-02-10,USD/AUD,1.5398
R002515,2024-11-25,USD/CNY,7.171
R002365,2024-11-06,USD/INR,82.6765
R000652,2024-03-26,USD/EUR,0.9304
R001764,08/18/2024,EUR/GBP,0.8364
R002741,2024-12-25,usd-cad,1.3556
R000515,2024-03-08,USD/INR,82.7201
R001197,2024-06-06,USD/GBP,0.7798
R002703,2024-12-20,EUR/GBP,0.8671
R000758,2024-04-08,EUR/GBP,0.8516
R001142,2024-05-30,USD/EUR,0.9327
R000428,2024-02-26,USD/EUR,
R001883,2024-09-03,USD/CAD,1.3333
R000514,03/08/2024,USD/GBP,0.7729
R003013,2025-01-31,USD/GBP,0.77
R000741,2024-04-06,USD/AUD,1.492
R000207,2024-01-27,USD/CNY,7.217
R000946,2024-05-04,USD/GBP,0.7717
R001574,2024-07-25,USD/JPY,146.4855
R002956,2025-01-23,USD/CNY,7.3055
R000677,2024-03-29,usd-cad,1.335
R002273,10/24/2024,USD/CNY,7.1315
R001772,2024-08-20,USD/EUR,0.9356
R000457,2024-02-29,EUR/GBP,0.8491
R000376,2024-02-18,USD/CNY,7.1249
R001898,2024-09-05,USD/CAD,1.3716
R000659,2024-03-26,usd-cny,7.1942
R000326,2024-02-12,USD/INR,82.1898
R001616,2024-07-30,EUR/GBP,0.8771
R001103,2024-05-24,EUR/GBP,0.8678
R002981,2025-01-27,USD/EUR,0.9224
R001430,2024-07-06,USD/CAD,1.3463
R001276,2024-06-16,USD/GBP,0.7811
R001926,2024-09-09,USD/GBP,0.7728
R002332,2024-11-01,EUR/GBP,0.8494
R000445,2024-02-28,USD/INR,82.1147
R002481,2024-11-21,USD/JPY,147.6003
R001084,2024-05-22,USD/JPY,151.584
R000475,2024-03-03,USD/GBP,0.7928
R002181,2024-10-12,USD/AUD,1.5171
R002346,2024-11-03,EUR/GBP,0.8593
R000761,04/09/2024,USD/GBP,0.7755
R001959,2024-09-13,USD/AUD,1.5361
R000841,2024-04-20,USD/EUR,0.9195
R000421,2024-02-24,USD/CNY,7.328
R000585,2024-03-17,USD/INR,83.3513
R000960,05/06/2024,USD/EUR,0.9241
R002147,2024-10-08,USD/EUR,0.9053
R000387,2024-02-20,USD/INR,83.4843
R000362,2024-02-17,USD/GBP,0.792
R000691,2024-03-31,USD/INR,82.8997
R002294,2024-10-27,EUR/GBP,0.8431
R000604,2024-03-19,EUR/GBP,0.8615
R001722,2024-08-13,USD/CAD,1.3465
R002516,2024-11-26,USD/EUR,0.923
R002559,2024-12-01,USD/CAD,1.3544
R001125,2024-05-27,USD/CNY,7.2973
R002756,2024-12-27,USD/CAD,1.3439
R002226,2024-10-18,EUR/GBP,0.8612
R003008,2025-01-30,USD/JPY,146.2023
R001163,2024-06-01,USD/AUD,1.4989
R000890,2024-04-26,USD/AUD,1.5369
R000663,2024-03-27,USD/CAD,1.3496
R000705,2024-04-02,USD/GBP,0.7679
R002061,2024-09-27,USD/EUR,0.9278
R001532,2024-07-19,EUR/GBP,0.835
R001219,2024-06-08,USD/CNY,7.12
R002066,2024-09-27,USD/AUD,1.5111
R002119,2024-10-04,USD/INR,81.0681
R002714,12/22/2024,USD/GBP,0.7691
R000469,2024-03-02,USD/JPY,147.7122
R000738,2024-04-06,usd-inr,84.0176
R000849,2024-04-21,USD/EUR,0.9141
R001800,2024-08-23,USD/CAD,1.3503
R001786,2024-08-21,EUR/GBP,0.8376
R000638,2024-03-24,USD/INR,
R000878,2024-04-25,USD/GBP,0.7817
R002959,2025-01-24,USD/INR,84.1448
R002763,2024-12-28,USD/JPY,149.8296
R000768,2024-04-10,USD/EUR,0.9363
R001023,2024-05-14,EUR/GBP,0.8498
R000111,2024-01-15,USD/AUD,1.4908
R000071,2024-01-10,USD/GBP,0.7828
R001746,2024-08-16,USD/CAD,1.3532
R001948,2024-09-12,USD/GBP,0.7798
R000260,2024-02-03,USD/CAD,1.3605
R001904,09/06/2024,USD_INR,83.5075
R002385,2024-11-08,USD/CNY,7.1824
R003037,2025-02-03,USD_JPY,147.9913
R001391,2024-07-01,USD/INR,83.5827
R000035,2024-01-05,USD/CAD,1.3611
R001960,2024-09-13,EUR/GBP,0.8519
R000980,2024-05-08,EUR/GBP,0.8565
R002892,2025-01-14,USD/CNY,7.027
R001760,2024-08-18,USD/INR,84.294
R001171,2024-06-02,EUR/GBP,0.8565
R000413,2024-02-23,USD/CNY,7.0699
R002168,2024-10-10,USD/CNY,7.0897
R000588,2024-03-17,USD/AUD,1.5071
R000031,2024-01-05,USD/EUR,0.9145
R002498,2024-11-23,USD/CAD,1.3462
R000319,2024-02-11,USD/GBP,0.7825
R002774,2024-12-29,EUR/GBP,0.8368
R000119,01/16/2024,USD/AUD,1.5374
R001813,2024-08-25,USD/GBP,0.7926
R000796,2024-04-13,USD/CNY,7.2556
R001378,2024-06-29,USD/CAD,
R000804,2024-04-15,USD/EUR,0.9157
R001699,2024-08-10,USD/CAD,1.3569
R001223,2024-06-09,USD/JPY,149.4412
R001551,2024-07-22,USD/JPY,148.3513
R000297,2024-02-08,USD/JPY,149.8359
R000281,2024-02-06,USD/INR,83.2944
R002534,11/28/2024,USD/JPY,147.1358
R003021,2025-02-01,USD/GBP,0.7894
R001033,2024-05-16,USD/EUR,0.9237
R002954,01/23/2025,USD/AUD,1.5431
R001982,2024-09-16,USD/CAD,1.3314
R000940,2024-05-03,USD/INR,82.7307
R002526,2024-11-27,USD/JPY,149.2168
R001030,2024-05-15,USD/AUD,1.5045
R002805,2025-01-03,USD/INR,83.1206
R000080,2024-01-11,USD/CAD,1.3232
R001759,2024-08-18,USD/GBP,0.7926
R001239,2024-06-11,USD/JPY,149.3449
R001546,2024-07-21,EUR/GBP,0.854
R001154,2024-05-31,USD/CAD,1.3321
R002097,2024-10-01,USD/CAD,1.3591
R001766,2024-08-19,USD/GBP,0.7734
R000770,2024-04-10,USD/JPY,151.1915
R001163,2024-06-01,USD/AUD,1.4989
R001303,2024-06-19,USD/AUD,1.5173
R001964,2024-09-14,USD/INR,83.7368
R002604,2024-12-07,EUR/GBP,0.8399
R000204,2024-01-27,USD/JPY,150.0649
R000420,2024-02-24,EUR/GBP,
R000537,2024-03-11,USD/EUR,0.9121
R002721,2024-12-23,USD/EUR,0.938
R000357,2024-02-16,USD/JPY,148.4725
R000187,2024-01-25,USD/GBP,0.7837
R002845,2025-01-08,EUR/GBP,0.8518
R001938,2024-09-10,EUR/GBP,0.854
R001366,2024-06-28,USD/EUR,0.9185
R000562,2024-03-14,USD/INR,84.9267
R002343,2024-11-03,USD/INR,83.6094
R002624,12/10/2024,USD/INR,84.3735
R000430,2024-02-26,USD/INR,81.7367
R001743,2024-08-16,USD/GBP,0.7805
R002324,2024-10-31,EUR/GBP,0.8642
R001683,2024-08-08,USD/CAD,1.3378
R001765,08/19/2024,USD/EUR,0.9177
R001778,2024-08-20,EUR/GBP,0.8497
R000173,2024-01-23,USD/JPY,148.3855
R002630,12/11/2024,USD/GBP,0.7763
R002583,2024-12-04,EUR/GBP,0.8495
R001762,2024-08-18,USD/CAD,1.36
R001484,2024-07-13,USD/AUD,1.5139
R000427,2024-02-25,USD/CNY,7.1107
R002746,2024-12-26,USD/GBP,0.7777
R001548,2024-07-22,USD/EUR,0.9228
R000842,2024-04-20,USD/GBP,0.7853
R001752,2024-08-17,USD/INR,83.764
R002729,2024-12-24,USD/EUR,0.9132
R000191,2024-01-25,USD/AUD,1.5132
R002085,2024-09-30,USD/EUR,0.9149
R000417,2024-02-24,USD/JPY,150.8035
R001887,2024-09-04,USD/EUR,0.9126
R001390,2024-07-01,USD/GBP,0.7741
R000856,2024-04-22,USD/EUR,0.9147
R002443,2024-11-16,USD_CAD,1.3326
R002069,2024-09-28,USD/EUR,0.9331
R000003,2024-01-01,USD/INR,83.7389
R001618,2024-07-31,USD/EUR,0.9131
R000306,2024-02-09,USD/CAD,1.3516
R000833,2024-04-19,USD/EUR,0.9108
R000948,2024-05-04,USD/CAD,1.3407
R001807,2024-08-24,USD/JPY,148.8967
R002814,2025-01-04,USD/CAD,1.3457
R002932,2025-01-20,USD/JPY,147.8235
R001268,2024-06-15,USD/EUR,0.9117
R002469,2024-11-19,USD/CNY,7.2291
R002962,2025-01-24,USD/AUD,1.5107
R001085,2024-05-22,USD/CAD,1.3552
R002946,2025-01-22,USD/JPY,146.7957
R000702,2024-04-01,EUR/GBP,0.8589
R001823,2024-08-26,USD/CAD,1.347
R002550,2024-11-30,USD/JPY,151.6013
R002907,2025-01-17,USD/EUR,0.9162
R000632,2024-03-23,USD/CAD,1.3706
R002601,2024-12-07,USD/JPY,145.7133
R002102,2024-10-02,USD/GBP,0.773
R002592,2024-12-06,USD/EUR,0.9158
R002902,2025-01-16,USD/INR,82.847
R002082,2024-09-29,USD/AUD,1.5291
R001298,2024-06-19,USD/EUR,0.9173
R001079,2024-05-21,EUR/GBP,0.8628
R002169,2024-10-11,USD/GBP,0.7782
R001494,2024-07-14,USD/CNY,7.1933
R000279,2024-02-06,USD/EUR,0.9206
R000152,2024-01-20,EUR/GBP,0.8529
R001676,2024-08-07,USD/AUD,1.5151
R003007,2025-01-30,USD/INR,83.6044
R000700,2024-04-01,USD/CAD,1.3475
R000972,2024-05-07,EUR/GBP,0.8442
R000944,2024-05-03,USD/CNY,7.1729
R002921,2025-01-18,USD/CNY,7.1284
R001359,2024-06-27,USD_GBP,0.7685
R002414,2024-11-12,EUR/GBP,0.8422
R002664,2024-12-15,EUR/GBP,0.8419
R000373,2024-02-18,USD/CAD,1.3696
R002242,2024-10-20,USD/CNY,7.222
R000929,05/01/2024,USD/AUD,1.5438
R000143,2024-01-19,USD/AUD,1.4956
R000936,2024-05-02,EUR/GBP,0.8457
R002859,2025-01-10,USD/AUD,1.5379
R000100,2024-01-14,USD/GBP,0.7782
R002970,2025-01-25,USD/AUD,1.5241
R001620,2024-07-31,USD/INR,84.1555
R001871,2024-09-01,EUR/GBP,0.8406
R000993,2024-05-10,USD/CAD,1.3467
R000751,2024-04-07,USD/CNY,7.1137
R002025,2024-09-22,USD/INR,80.6878
R001449,2024-07-09,USD/EUR,0.9314
R000737,2024-04-06,USD/GBP,0.782
R001843,2024-08-29,USD/EUR,0.915
R001299,2024-06-19,USD/GBP,0.7821
R002865,2025-01-11,USD/JPY,149.1068
R002302,2024-10-28,EUR/GBP,0.8415
R001124,2024-05-27,EUR/GBP,0.8403
R000341,2024-02-14,USD/INR,82.5159
R000855,2024-04-21,USD/CNY,7.282
R001063,2024-05-19,EUR/GBP,0.8598
R002396,2024-11-10,USD/JPY,146.3473
R002854,2025-01-09,USD/CNY,7.1958
R001934,2024-09-10,USD/INR,83.1119
R000037,2024-01-05,EUR/GBP,0.8518
R000865,2024-04-23,usd-inr,82.6902
R002201,2024-10-15,USD/INR,84.7012
R002617,2024-12-09,USD/JPY,147.4098
R001705,2024-08-11,USD/INR,83.541
R001353,2024-06-26,USD/JPY,149.3041
R001719,2024-08-13,USD/GBP,0.7855
R000891,2024-04-26,EUR/GBP,0.857
R000451,2024-02-29,USD/EUR,0.9194
R001529,2024-07-19,USD/JPY,147.7741
R001429,2024-07-06,USD/JPY,148.1714
R001779,2024-08-20,USD/CNY,7.1492
R000613,2024-03-20,USD/CNY,7.2001
R002910,2025-01-17,USD/JPY,150.3669
R002884,2025-01-13,USD/CNY,7.2129
R002654,2024-12-14,USD/CAD,1.3639
R002411,2024-11-12,USD/JPY,149.7159
R002830,2025-01-06,EUR/GBP,0.8469
R001716,2024-08-12,EUR/GBP,0.8492
R001431,2024-07-06,USD/AUD,1.5247
R001229,2024-06-10,USD/GBP,0.7875
R001325,2024-06-22,USD/CAD,1.3509
R001780,2024-08-21,USD/EUR,0.9136
R002754,2024-12-27,USD/GBP,0.7788
R000072,2024-01-10,USD/INR,84.4796
R002545,2024-11-29,EUR/GBP,0.8706
R002522,2024-11-26,EUR/GBP,0.8754
R002908,2025-01-17,USD/GBP,0.7712
R002988,2025-01-27,USD/CNY,7.1867
R001654,2024-08-04,EUR/GBP,0.847
R002720,2024-12-22,USD/CNY,7.1889
R002986,2025-01-27,USD/AUD,1.5054
R000179,2024-01-24,USD/GBP,0.7779
R001596,07/28/2024,USD/INR,82.3599
R002179,2024-10-12,USD/JPY,151.5051
R000415,2024-02-24,USD/GBP,0.7826
R000441,2024-02-27,eur-gbp,0.8533
R000774,2024-04-10,USD/CNY,7.2498
R000898,2024-04-27,USD/AUD,1.5222
R001168,2024-06-02,USD/JPY,149.3374
R000858,2024-04-22,USD/JPY,149.2001
R000088,2024-01-12,USD/AUD,1.525
R001635,2024-08-02,USD/GBP,0.7774
R002143,2024-10-07,USD/JPY,148.7574
R002435,2024-11-15,USD/CAD,1.353
R001180,2024-06-03,USD/CNY,7.1008
R002928,2025-01-19,USD/CNY,7.1954
R002329,2024-11-01,USD/JPY,149.5329
R001648,2024-08-03,USD/CNY,7.2508
R002919,2025-01-18,USD/AUD,1.5215
R001988,2024-09-17,USD/INR,83.6295
R002789,2025-01-01,USD/EUR,0.9158
R002080,2024-09-29,USD/JPY,147.8315
R000583,2024-03-16,USD/CNY,7.2254
R001445,2024-07-08,USD/CAD,1.3554
R001437,2024-07-07,USD/CAD,1.3466
R001854,2024-08-30,USD/JPY,149.8649
R001147,2024-05-30,USD/AUD,1.5033
R003032,2025-02-02,EUR/GBP,0.8444
R001947,2024-09-12,USD/EUR,0.9235
R001939,2024-09-10,USD_CNY,7.258
R002255,2024-10-22,USD/CAD,1.3331
R002001,2024-09-19,USD/GBP,0.7747
R001435,2024-07-07,USD/INR,83.061
R002038,2024-09-24,USD/EUR,0.9153
R001534,2024-07-20,USD/EUR,0.9186
R000227,01/30/2024,USD/JPY,148.5955
R001597,2024-07-28,USD/JPY,149.4194
R000802,2024-04-14,EUR/GBP,0.8456
R000401,2024-02-22,USD/INR,81.8734
R000834,2024-04-19,USD/GBP,0.774
R001348,2024-06-25,USD/AUD,1.5342
R002236,2024-10-20,USD/EUR,0.9267
R000667,2024-03-28,USD/EUR,0.9177
R001328,2024-06-22,USD/CNY,7.1697
R001145,2024-05-30,USD/JPY,148.243
R002762,2024-12-28,USD_INR,82.5308
R001853,08/30/2024,USD/INR,82.2069
R003016,2025-01-31,USD/CAD,1.364
R002827,2025-01-06,USD/JPY,150.3516
R002336,2024-11-02,USD/JPY,149.3542
R001471,2024-07-12,USD/EUR,0.931
R001376,2024-06-29,USD/INR,83.0258
R000339,2024-02-14,USD/EUR,0.9238
R000027,2024-01-04,USD/CAD,1.3345
R001817,2024-08-25,USD/AUD,1.4873
R002991,2025-01-28,USD/INR,84.4616
R000025,01/04/2024,USD/GBP,0.7758
R002715,2024-12-22,USD/INR,83.5059
R000747,2024-04-07,USD/JPY,148.7773
R001386,2024-06-30,USD/AUD,1.5245
R000001,2024-01-01,USD/EUR,0.9246
R001442,2024-07-08,USD/GBP,0.7892
R000581,2024-03-16,USD/AUD,1.5251
R001105,2024-05-25,USD/GBP,0.7886
R000061,2024-01-08,USD/CNY,7.1456
R001287,2024-06-17,USD/CAD,1.3252
R000998,2024-05-11,USD/GBP,
R001734,2024-08-15,USD/EUR,0.9172
R003034,2025-02-03,USD/EUR,0.911
R001724,2024-08-13,EUR/GBP,0.8552
R000753,2024-04-08,USD/GBP,0.7724
R000644,2024-03-25,USD/EUR,0.9062
R001875,2024-09-02,USD/INR,84.2902
R000434,2024-02-26,EUR/GBP,0.8561
R001294,2024-06-18,USD/JPY,149.7452
R001609,2024-07-29,USD/CNY,7.2032
R000708,2024-04-02,USD/CAD,1.3737
R001190,2024-06-05,USD/INR,82.3943
R002310,10/29/2024,EUR/GBP,0.8575
R002446,2024-11-16,USD/CNY,7.1989
R000424,2024-02-25,USD/CAD,1.3631
R000242,2024-02-01,USD/INR,83.1045
R002812,01/04/2025,USD/GBP,0.775
R002542,2024-11-29,USD/JPY,146.6311
R000735,2024-04-05,USD/CNY,7.2539
R000132,2024-01-18,USD/INR,83.257
R000692,2024-03-31,USD/JPY,150.2216
R002974,2025-01-26,USD_GBP,0.7955
R000749,2024-04-07,usd-aud,1.5107
R000195,2024-01-26,USD/GBP,0.7814
R000486,2024-03-04,USD/CAD,1.3308
R002265,2024-10-23,USD/CNY,7.2288
R002291,2024-10-27,USD/INR,84.6468
R000503,2024-03-06,EUR/GBP,0.8381
R001972,2024-09-15,USD/INR,80.7536
R000171,2024-01-23,USD/GBP,0.7731
R001538,2024-07-20,EUR/GBP,0.8455
R001321,2024-06-22,USD/EUR,0.9205
R002529,2024-11-27,EUR/GBP,0.8675
R002673,2024-12-16,USD/CNY,7.1987
R001380,2024-06-29,EUR/GBP,0.8655
R000641,2024-03-24,USD/AUD,1.5149
R000220,2024-01-29,USD/CAD,1.3511
R002961,2025-01-24,USD/CAD,1.3389
R002730,2024-12-24,USD/GBP,0.7762
R002301,2024-10-28,USD/AUD,1.536
R001826,2024-08-26,USD/CNY,7.2117
R001698,08/10/2024,USD/JPY,147.4935
R001525,2024-07-18,USD/CNY,7.1533
R002086,2024-09-30,USD/GBP,0.7705
R002700,2024-12-20,USD/JPY,150.4735
R001433,2024-07-07,USD/EUR,0.9279
R000268,2024-02-04,USD/CAD,1.3307
R002533,2024-11-28,USD/INR,83.6622
R001194,2024-06-05,EUR/GBP,0.8527
R002491,2024-11-22,USD/AUD,1.5198
R001228,2024-06-10,USD/EUR,0.9186
R001417,2024-07-04,EUR/GBP,0.8505
R001313,2024-06-21,USD/EUR,0.9328
R001731,2024-08-14,USD/AUD,1.5166
R000825,2024-04-17,usd-cny,7.148
R001565,2024-07-24,USD/INR,83.8131
R001062,2024-05-19,USD/AUD,1.4767
R000540,2024-03-11,USD/JPY,147.6433
R002504,2024-11-24,USD/INR,82.6906
R002876,2025-01-12,EUR/GBP,0.8423
R002815,2025-01-04,USD/AUD,1.5479
R002644,2024-12-13,USD/GBP,0.7749
R000254,2024-02-02,EUR/GBP,0.8588
R001539,2024-07-20,USD/CNY,
R002936,2025-01-20,USD/CNY,7.2857
R000296,2024-02-08,USD/INR,82.6235
R001415,2024-07-04,USD/CAD,1.3413
R002036,2024-09-23,EUR/GBP,0.8735
R002019,2024-09-21,USD/CAD,1.3586
R002092,2024-09-30,USD/CNY,7.2016
R000524,03/09/2024,USD/JPY,149.3473
R002183,2024-10-12,USD/CNY,7.167
R000528,2024-03-09,USD/CNY,7.1835
R002100,2024-10-01,USD/CNY,7.2387
R002072,2024-09-28,usd-jpy,150.3357
R000329,2024-02-12,USD/AUD,1.5295
R000271,2024-02-04,USD/CNY,7.2835
R000892,2024-04-26,USD/CNY,7.2164
R000302,2024-02-09,USD/EUR,0.9148
R000366,2024-02-17,USD/AUD,1.5139
R000633,2024-03-23,USD/AUD,1.5176
R000620,2024-03-21,EUR/GBP,0.8519
R000527,2024-03-09,EUR/GBP,0.8362
R002224,2024-10-18,USD/CAD,1.3476
R001643,2024-08-03,USD/GBP,0.7794
R000685,2024-03-30,USD/CAD,1.3335
R000569,2024-03-15,USD/GBP,0.7654
R000192,2024-01-25,EUR/GBP,0.8573
R002354,2024-11-04,EUR/GBP,0.8384
R002821,2025-01-05,USD/CAD,1.3462
R000375,2024-02-18,EUR/GBP,0.8683
R002987,2025-01-27,EUR/GBP,0.849
R001128,2024-05-28,USD/INR,82.5724
R000292,2024-02-07,EUR/GBP,0.8458
R001352,2024-06-26,USD/INR,81.7008
R002817,2025-01-04,USD/CNY,7.2146
R001472,2024-07-12,USD/GBP,0.7752
R001166,2024-06-02,USD/GBP,0.799
R000839,2024-04-19,EUR/GBP,0.8584
R001097,2024-05-24,USD/EUR,0.9207
R001203,2024-06-06,USD/CNY,7.1888
R000846,2024-04-20,USD/AUD,1.5275
R000597,2024-03-18,EUR/GBP,0.8477
R001956,2024-09-13,USD/GBP,0.7907
R001164,2024-06-01,EUR/GBP,0.836
R000695,2024-03-31,EUR/GBP,0.855
R002235,2024-10-19,USD/CNY,7.093
R000180,2024-01-24,USD/INR,85.4632
R000733,04/05/2024,USD/AUD,1.5262
R001424,2024-07-05,USD/AUD,1.5072
R001831,2024-08-27,USD/CAD,1.3596
R000489,2024-03-05,USD/EUR,0.9355
R001741,2024-08-15,USD/CNY,7.1725
R001545,2024-07-21,USD/AUD,1.5108
R000052,2024-01-07,USD/AUD,1.5141
R002212,2024-10-16,EUR/GBP,0.8551
R000893,2024-04-27,usd-eur,0.9298
R001510,2024-07-17,USD/EUR,0.9336
R000752,2024-04-08,USD/EUR,0.9076
R000064,2024-01-09,USD/INR,82.2048
R000986,2024-05-09,USD/AUD,1.5024
R001252,2024-06-13,USD/EUR,0.9277
R002708,2024-12-21,USD/JPY,148.5355
R002544,2024-11-29,USD/AUD,1.5153
R000211,2024-01-28,USD/JPY,149.3478
R000922,2024-04-30,usd-aud,1.5044
R000820,04/17/2024,USD/GBP,0.7883
R000675,2024-03-29,USD/GBP,0.769
R002722,2024-12-23,USD/GBP,0.7761
R001865,2024-08-31,EUR/GBP,0.8611
R000859,04/22/2024,USD/CAD,1.3425
R002012,2024-09-20,USD/AUD,1.5084
R001087,2024-05-22,EUR/GBP,0.8588
R000340,2024-02-14,USD/GBP,0.7756
R002073,2024-09-28,USD/CAD,1.3512
R000853,2024-04-21,USD/CAD,1.3414
R001748,2024-08-16,EUR/GBP,0.8543
R002221,2024-10-18,USD/GBP,0.7772
R001410,2024-07-03,EUR/GBP,0.8479
R002386,2024-11-09,USD/GBP,0.7741
R002619,2024-12-09,USD/AUD,1.527
R001725,2024-08-13,USD/CNY,7.1128
R000962,2024-05-06,USD/JPY,150.4738
R001916,2024-09-07,eur-gbp,0.8454
R002046,09/25/2024,USD/EUR,0.9303
R002099,2024-10-01,EUR/GBP,0.8368
R002689,2024-12-19,USD/EUR,0.927
R002465,2024-11-19,USD/INR,83.9231
R002672,2024-12-16,EUR/GBP,0.8549
R001978,09/16/2024,USD/EUR,0.9287
R000355,2024-02-16,USD/GBP,0.7799
R002816,2025-01-04,EUR_GBP,0.8569
R000896,2024-04-27,USD/JPY,149.4633
R000736,2024-04-06,USD/EUR,0.9243
R002520,11/26/2024,usd-cad,1.3385
R000864,2024-04-23,usd-gbp,0.794
R002158,2024-10-09,USD/CAD,1.3457
R002281,2024-10-25,USD/CNY,7.0561
R000059,2024-01-08,USD/CAD,1.3545
R001927,2024-09-09,USD/INR,81.0948
R002078,2024-09-29,USD/GBP,0.7894
R002311,2024-10-30,USD/EUR,0.917
R002692,2024-12-19,USD/JPY,148.1375
R000215,2024-01-28,USD/CNY,7.1574
R000978,2024-05-08,USD/CAD,1.3173
R001632,2024-08-01,EUR/GBP,0.8428
R001181,2024-06-04,USD/EUR,0.9217
R002518,2024-11-26,USD/INR,81.3535
R001078,05/21/2024,USD/AUD,1.5135
R001326,2024-06-22,USD/AUD,1.49
R000805,2024-04-15,USD/GBP,0.7766
R000454,2024-02-29,USD/JPY,149.2485
R001691,2024-08-09,USD/CAD,1.3579
R002287,2024-10-26,USD/AUD,1.5319
R001253,2024-06-13,USD/GBP,0.7644
R000214,2024-01-28,EUR/GBP,0.8555
R002305,2024-10-29,USD/GBP,0.7956
R002349,2024-11-04,USD/GBP,0.7854
R000963,2024-05-06,USD/CAD,1.3527
R000342,2024-02-14,USD/JPY,148.8619
R000148,2024-01-20,USD/INR,82.1014
R000975,2024-05-08,USD/GBP,0.7765
R002472,11/20/2024,USD/INR,85.1667
R001071,2024-05-20,EUR/GBP,0.8496
R002943,2025-01-22,USD/EUR,0.9259
R000218,2024-01-29,USD/INR,83.003
R002229,2024-10-19,USD/GBP,0.7654
R000453,2024-02-29,USD/INR,82.3799
R001309,2024-06-20,USD/JPY,150.1126
R001158,2024-06-01,USD/EUR,0.9407
R002459,2024-11-18,USD/CAD,1.3567
R001403,2024-07-02,USD/CNY,7.2651
R001207,2024-06-07,USD/JPY,147.4575
R001123,2024-05-27,USD/AUD,1.5297
R001288,2024-06-17,USD/AUD,1.5277
R001846,2024-08-29,USD/JPY,146.9739
R000872,2024-04-24,USD/GBP,0.7738
R001399,2024-07-02,USD/JPY,150.2826
R002144,2024-10-07,USD/CAD,1.3533
R002360,2024-11-05,USD/CAD,1.3555
R002334,2024-11-02,USD/GBP,0.7772
R002403,11/11/2024,USD/INR,82.7452
R002440,2024-11-16,USD/GBP,0.7675
R002799,2025-01-02,USD/CAD,1.3451
R002218,2024-10-17,EUR_GBP,0.8494
R000803,2024-04-14,USD/CNY,7.1869
R002507,2024-11-24,USD/AUD,1.5648
R000740,2024-04-06,USD/CAD,1.3637
R002093,10/01/2024,USD_EUR,0.9257
R000151,2024-01-20,USD/AUD,1.5238
R002390,2024-11-09,USD/AUD,1.5357
R002674,2024-12-17,USD/EUR,0.915
R001307,2024-06-20,USD/GBP,0.7802
R002384,2024-11-08,EUR/GBP,0.8496
R000485,2024-03-04,USD/JPY,147.3768
R002037,2024-09-23,USD/CNY,7.2082
R002125,2024-10-05,USD/EUR,0.9202
R002527,11/27/2024,USD/CAD,1.3557
R002088,2024-09-30,USD/JPY,148.2805
R000650,2024-03-25,EUR/GBP,0.8559
R002784,2024-12-31,USD/INR,82.333
R002885,2025-01-14,USD/EUR,0.8947
R001117,2024-05-26,EUR/GBP,0.8704
R000570,2024-03-15,USD/INR,82.9075
R001864,2024-08-31,USD/AUD,1.4934
R001235,2024-06-10,USD/CNY,7.1223
R000518,2024-03-08,USD/AUD,1.5051
R001167,2024-06-02,USD/INR,84.3517
R002298,2024-10-28,USD/INR,84.3661
R001516,2024-07-17,EUR/GBP,0.849
R001651,2024-08-04,USD/JPY,149.3608
R001316,2024-06-21,USD/JPY,146.5519
R000193,2024-01-25,USD/CNY,7.1954
R001041,2024-05-17,USD/EUR,
R001225,2024-06-09,USD/AUD,1.5172
R002684,2024-12-18,USD/INR,83.8089
R002731,2024-12-24,USD/INR,84.2241
R000073,2024-01-10,USD/JPY,148.4468
R001210,2024-06-07,EUR/GBP,0.8649
R000090,2024-01-12,USD/CNY,7.2169
R002569,2024-12-02,USD/CNY,7.2416
R000018,2024-01-03,USD/GBP,0.7825
R000743,2024-04-06,USD/CNY,7.1351
R000665,2024-03-27,EUR/GBP,0.8439
R002800,2025-01-02,USD/AUD,1.5246
R001397,2024-07-02,USD/EUR,0.9076
R000116,2024-01-16,USD/INR,83.4509
R002662,2024-12-15,USD/CAD,1.3379
R002095,2024-10-01,USD/INR,84.0645
R001099,2024-05-24,USD/INR,83.9624
R001184,2024-06-04,USD_JPY,146.1678
R000263,2024-02-03,USD/CNY,6.9473
R000525,2024-03-09,USD/CAD,1.3397
R001531,2024-07-19,USD/AUD,1.5221
R002607,2024-12-08,USD/GBP,0.7753
R001383,2024-06-30,USD/GBP,0.7968
R002940,2025-01-21,USD/CAD,1.3447
R000299,2024-02-08,USD/AUD,1.5324
R002618,2024-12-09,USD/CAD,1.3511
R002053,2024-09-26,USD/EUR,0.9139
R001921,2024-09-08,USD/CAD,1.3233
R001258,2024-06-13,EUR/GBP,0.8536
R000513,2024-03-08,USD/EUR,0.9178
R000038,2024-01-05,USD/CNY,7.0393
R002432,2024-11-15,USD/GBP,0.772
R000771,2024-04-10,USD/CAD,1.3596
R000728,2024-04-05,USD/EUR,0.9232
R000399,2024-02-22,USD/EUR,0.9189
R002374,2024-11-07,USD/CAD,1.3568
R000848,2024-04-20,USD/CNY,7.3563
R002079,2024-09-29,USD/INR,83.084
R001458,2024-07-10,USD/GBP,0.783
R002223,2024-10-18,USD/JPY,149.6051
R002467,2024-11-19,USD/AUD,1.5084
R001241,2024-06-11,USD/AUD,1.5142
R000396,2024-02-21,USD/AUD,1.5129
R000095,2024-01-13,USD/CAD,1.3447
R000730,2024-04-05,USD/INR,82.5525
R000718,2024-04-03,EUR/GBP,0.8513
R001083,2024-05-22,USD/INR,82.9324
R001767,2024-08-19,USD/INR,85.0062
R000994,05/10/2024,USD_AUD,1.5096
R001272,2024-06-15,USD/AUD,1.5293
R001577,2024-07-25,USD/CNY,7.064
R002669,2024-12-16,USD/JPY,149.3202
R001540,2024-07-21,USD/EUR,0.8936
R001206,2024-06-07,USD/INR,83.2338
R000197,2024-01-26,USD/JPY,147.1875
R000408,2024-02-23,USD/INR,83.0815
R000662,2024-03-27,USD/INR,82.745
R000579,2024-03-16,USD/JPY,146.3043
R002767,2024-12-28,USD/CNY,7.1776
R001542,2024-07-21,USD/INR,84.6745
R002326,2024-11-01,USD/EUR,0.9262
R000318,2024-02-11,USD/EUR,0.9171
R001055,2024-05-18,EUR/GBP,0.8453
R003023,02/01/2025,USD/JPY,147.889
R002224,2024-10-18,USD/CAD,1.3476
R000880,2024-04-25,USD/JPY,150.2648
R000837,2024-04-19,USD/CAD,1.3709
R001322,2024-06-22,USD/GBP,0.7841
R001068,2024-05-20,USD/JPY,150.2238
R000545,2024-03-12,USD/EUR,0.8973
R001696,2024-08-10,USD/GBP,0.7951
R002456,2024-11-18,USD/GBP,0.7916
R002602,12/07/2024,USD/CAD,1.3584
R000547,2024-03-12,USD/JPY,149.357
R001233,2024-06-10,USD/AUD,1.5187
R001295,2024-06-18,USD/CAD,1.3511
R001230,2024-06-10,USD/INR,85.0392
R001423,2024-07-05,USD/CAD,1.3451
R002245,2024-10-21,USD/INR,84.5455
R002713,2024-12-22,usd-eur,0.9246
R000636,2024-03-24,USD/EUR,0.9048
R002833,2025-01-07,USD/GBP,
R000591,2024-03-18,USD/EUR,0.9207
R002262,2024-10-23,USD/CAD,1.3555
R001372,2024-06-28,EUR_GBP,0.8645
R002177,2024-10-12,USD/GBP,0.7675
R000109,2024-01-15,USD/JPY,148.8825
R000719,2024-04-03,USD/CNY,7.1539
R001448,2024-07-08,USD/CNY,7.2221
R001777,2024-08-20,USD/AUD,1.5107
R001496,2024-07-15,USD/GBP,0.7956
R002634,2024-12-11,EUR/GBP,0.8526
R001160,2024-06-01,USD/INR,82.9297
R002629,2024-12-10,USD/CNY,7.1482
R001074,2024-05-21,USD/GBP,0.77
R000713,2024-04-03,USD/GBP,0.7757
R000288,02/07/2024,USD/INR,83.6895
R001601,07/28/2024,USD/CNY,7.1669
R002540,2024-11-29,USD/GBP,0.7804
R002200,2024-10-15,USD/GBP,0.7838
R001735,2024-08-15,USD/GBP,0.7862
R001628,2024-08-01,USD/INR,84.2658
R002826,2025-01-06,USD/GBP,0.7933
R001011,2024-05-13,USD/EUR,0.9321
R000745,2024-04-07,USD/GBP,0.784
R002855,2025-01-10,USD/EUR,0.9312
R002687,2024-12-18,EUR/GBP,0.854
R000843,2024-04-20,USD/INR,82.2659
R000201,2024-01-27,USD/EUR,0.9233
R001950,2024-09-12,USD/JPY,148.4237
R002284,2024-10-26,USD/INR,82.3837
R002295,2024-10-27,USD/CNY,7.1204
R001715,2024-08-12,USD/AUD,1.5119
R001367,2024-06-28,USD/GBP,0.7798
R002320,2024-10-31,USD/GBP,0.7714
R000526,2024-03-09,USD/AUD,1.4926
R001388,2024-06-30,USD/CNY,7.2921
R001697,2024-08-10,USD/INR,82.3677
R002153,2024-10-08,usd-cny,7.1815
R000507,2024-03-07,USD/INR,82.7071
R000480,2024-03-03,EUR/GBP,0.8595
R000688,2024-03-30,USD_CNY,7.1531
R002866,2025-01-11,USD/CAD,1.3458
R001306,2024-06-20,USD/EUR,0.9117
R000397,2024-02-21,EUR/GBP,0.8354
R002222,2024-10-18,USD/INR,82.6612
R001828,2024-08-27,USD/GBP,0.791
R000799,2024-04-14,USD/JPY,148.5421
R002005,2024-09-19,USD/AUD,1.4912
R003010,2025-01-30,USD/AUD,1.5128
R001304,2024-06-19,EUR/GBP,0.8436
R000603,2024-03-19,USD/CAD,1.3617
R000241,2024-02-01,USD/GBP,0.7738
R002670,2024-12-16,USD/CAD,1.3584
R000449,2024-02-28,EUR/GBP,0.8456
R002718,2024-12-22,USD/AUD,-1.5335
R002479,2024-11-21,USD/GBP,0.7696
R000014,2024-01-02,USD/AUD,1.4909
R002983,2025-01-27,USD/INR,83.8094
R002579,2024-12-04,USD/INR,83.4335
R001059,2024-05-19,USD/INR,83.6523
R002600,2024-12-07,USD/INR,82.7907
R002208,2024-10-16,USD/INR,83.4959
R000377,2024-02-19,USD/EUR,0.928
R001214,2024-06-08,USD/INR,83.9446
R000264,2024-02-04,USD/EUR,0.9106
R000616,2024-03-21,USD/INR,83.3075
R000504,2024-03-06,USD/CNY,7.2204
R000058,01/08/2024,USD/JPY,148.0408
R000884,04/25/2024,USD/CNY,7.255
R002308,2024-10-29,USD/CAD,1.3475
R001550,2024-07-22,USD/INR,84.2208
R001451,2024-07-09,USD/INR,83.4569
R002693,2024-12-19,USD/CAD,1.3495
R000233,2024-01-31,USD/GBP,0.7804
R002290,2024-10-27,USD/GBP,0.7911
R001610,2024-07-30,USD/EUR,0.9177
R002421,2024-11-13,USD/AUD,1.5359
R002463,2024-11-19,USD/EUR,0.9244
R002508,2024-11-24,EUR/GBP,0.8606
R002450,2024-11-17,USD/JPY,147.4745
R001553,2024-07-22,USD/AUD,1.5067
R002142,2024-10-07,USD/INR,83.2423
R000786,2024-04-12,USD/JPY,150.105
R002798,2025-01-02,USD/JPY,145.848
R000174,01/23/2024,USD/CAD,1.3546
R000142,2024-01-19,USD/CAD,1.3676
R000205,2024-01-27,USD/AUD,1.4991
R002052,2024-09-25,USD/CNY,7.1177
R002277,2024-10-25,USD/JPY,149.5089
R002660,2024-12-15,USD/INR,83.6603
R002375,2024-11-07,USD/AUD,1.537
R001704,2024-08-11,USD/GBP,0.7887
R001660,08/05/2024,USD/CAD,1.3654
R000682,03/30/2024,USD/GBP,0.7712
R001794,08/22/2024,EUR/GBP,0.8557
R002202,2024-10-15,USD/JPY,148.2165
R002003,2024-09-19,USD/JPY,147.3233
R001671,2024-08-07,USD/EUR,0.9178
R001037,2024-05-16,usd-cad,1.3335
R001923,2024-09-08,EUR/GBP,0.8409
R000790,2024-04-13,USD/GBP,0.767
R000965,2024-05-06,EUR/GBP,0.8492
R001460,2024-07-10,USD/JPY,149.4997
R001114,2024-05-26,USD/INR,83.6124
R001006,2024-05-12,USD/INR,83.5274
R002282,2024-10-26,USD/EUR,0.9138
R000269,2024-02-04,USD/AUD,1.5133
R001058,2024-05-19,USD/GBP,0.7891
R002975,2025-01-26,USD/INR,83.9583
R000512,2024-03-07,USD/CNY,7.1764
R001981,2024-09-16,USD/JPY,147.0571
R002068,09/27/2024,USD/CNY,7.1704
R000101,01/14/2024,USD/JPY,146.3982
R000013,2024-01-02,USD/CAD,1.3533
R000645,2024-03-25,USD/GBP,0.7781
R001599,2024-07-28,USD/AUD,1.5203
R000779,2024-04-11,USD/CAD,1.349
R001684,2024-08-08,USD/AUD,1.5249
R002521,2024-11-26,USD/AUD,1.5227
R001492,2024-07-14,USD/AUD,1.5589
R001017,2024-05-14,USD/EUR,0.914
R001354,2024-06-26,USD/CAD,1.3602
R001076,2024-05-21,USD/JPY,147.7668
R001806,2024-08-24,USD/INR,81.882
R002318,2024-10-30,USD/CNY,7.1357
R000021,2024-01-03,USD/AUD,1.5423
R000750,2024-04-07,EUR/GBP,0.838
R001069,2024-05-20,USD/CAD,1.3437
R000118,2024-01-16,USD/CAD,1.3342
R002939,01/21/2025,USD/JPY,146.0654
R001086,2024-05-22,USD/AUD,1.5265
R001039,2024-05-16,EUR/GBP,0.8519
R000564,03/14/2024,USD/CAD,1.3456
R001486,2024-07-13,USD/CNY,7.247
R001165,2024-06-02,USD/EUR,0.9294
R000491,2024-03-05,USD/INR,83.1934
R000047,2024-01-07,USD/EUR,0.9158
R000493,2024-03-05,USD/CAD,1.351
R002886,2025-01-14,USD/GBP,0.7761
R001193,2024-06-05,USD/AUD,1.5109
R002370,2024-11-07,USD/EUR,0.9314
R001003,2024-05-11,EUR/GBP,0.8505
R001967,2024-09-14,USD/AUD,1.517
R000769,04/10/2024,USD/GBP,0.7751
R001385,2024-06-30,USD/CAD,1.36
R001141,2024-05-29,USD/CNY,7.1586
R000930,2024-05-01,EUR/GBP,0.8494
R002194,2024-10-14,USD/JPY,146.4757
R001682,2024-08-08,USD/JPY,148.4641
R001983,09/16/2024,USD/AUD,1.5105
R002448,2024-11-17,USD/GBP,0.7782
R002135,2024-10-06,USD/INR,82.9054
R000565,2024-03-14,USD/AUD,1.5383
R000610,2024-03-20,USD/CAD,1.3702
R001226,2024-06-09,EUR/GBP,0.8489
R001650,2024-08-04,USD/GBP,0.8002
R001924,2024-09-08,USD/CNY,7.1972
R002216,2024-10-17,USD/JPY,148.8948
R001245,2024-06-12,USD/GBP,0.7749
R000577,2024-03-16,USD/GBP,0.7818
R000627,2024-03-22,EUR/GBP,0.8416
R001633,2024-08-01,USD/CNY,
R001421,2024-07-05,USD/INR,83.6479
R001821,2024-08-26,usd-inr,83.0908
R002356,2024-11-05,USD/EUR,0.9224
R001583,2024-07-26,USD/AUD,1.5046
R001940,2024-09-11,USD/EUR,0.9209
R002420,2024-11-13,USD/CAD,1.3321
R000756,2024-04-08,usd-cad,1.3855
R002818,2025-01-05,USD/EUR,0.9234
R001581,2024-07-26,USD/JPY,148.7978
R001644,2024-08-03,USD/INR,83.5764
R000640,2024-03-24,USD/CAD,1.3325
R002373,2024-11-07,USD/JPY,148.7376
R000044,2024-01-06,USD/AUD,1.5154
R000008,2024-01-01,USD/CNY,7.2351
R002379,2024-11-08,USD/GBP,0.7768
R000739,2024-04-06,USD/JPY,150.9732
R000033,01/05/2024,USD/INR,83.1888
R000471,2024-03-02,USD/AUD,1.5158
R000472,2024-03-02,EUR/GBP,0.8304
R000422,2024-02-25,USD/GBP,0.7937
R002751,2024-12-26,EUR/GBP,0.8649
R002271,2024-10-24,USD/AUD,1.5253
R001627,2024-08-01,USD/GBP,0.7765
R001612,2024-07-30,USD/INR,81.8994
R001903,2024-09-06,USD/GBP,0.7892
R002766,2024-12-28,EUR/GBP,0.857
R002738,2024-12-25,USD/GBP,0.7827
R002313,2024-10-30,USD/INR,83.3914
R000906,2024-04-28,USD/AUD,1.5207
R002040,2024-09-24,USD/INR,81.7281
R002848,2025-01-09,USD/GBP,0.7735
R001662,2024-08-05,EUR/GBP,0.849
R001796,2024-08-23,USD/EUR,0.9131
R000465,2024-03-01,EUR/GBP,0.849
R001377,2024-06-29,USD/JPY,147.5064
R001293,2024-06-18,USD/INR,83.1949
R003033,2025-02-02,USD/CNY,7.2126
R002306,2024-10-29,USD/INR,85.7875
R000668,2024-03-28,USD/GBP,0.7917
R000010,2024-01-02,USD/GBP,0.7842
R002889,01/14/2025,USD/CAD,1.3448
R002064,2024-09-27,USD_JPY,
R001658,2024-08-05,USD/INR,84.2962
R000985,2024-05-09,USD/CAD,1.35
R002377,2024-11-07,USD/CNY,7.1542
R002999,2025-01-29,USD/INR,83.478
R002367,2024-11-06,USD/CAD,1.3428
R001040,2024-05-16,USD/CNY,7.2552
R002735,2024-12-24,EUR/GBP,0.8669
R002423,2024-11-13,USD/CNY,7.1635
R001468,2024-07-11,USD/AUD,1.526
R001488,2024-07-14,USD/GBP,0.7663
R000049,2024-01-07,USD/INR,83.4859
R002506,2024-11-24,USD/CAD,1.3389
R002591,2024-12-05,USD/CNY,7.2688
R001243,2024-06-11,USD/CNY,7.1382
R002392,2024-11-09,USD/CNY,7.1133
R000433,2024-02-26,USD/AUD,1.5159
R000787,04/12/2024,EUR/GBP,0.8571
R001189,2024-06-05,USD/GBP,0.7843
R000125,2024-01-17,USD/JPY,149.3715
R000066,2024-01-09,USD/CAD,1.3683
R002041,2024-09-24,USD/JPY,147.4684
R002536,2024-11-28,USD/AUD,1.5155
R001878,2024-09-02,USD_AUD,1.5168
R001810,08/24/2024,EUR/GBP,0.8576
R002261,2024-10-23,USD/JPY,149.1486
R002451,2024-11-17,usd-cad,1.3376
R000781,2024-04-11,EUR/GBP,0.8515
R001236,2024-06-11,USD/EUR,0.9351
R000130,2024-01-18,USD/EUR,0.9154
R001217,2024-06-08,USD/AUD,1.5098
R001413,2024-07-04,USD/INR,83.5793
R002743,2024-12-25,EUR/GBP,0.8504
R001402,2024-07-02,EUR/GBP,0.8546
R002980,2025-01-26,USD/CNY,7.1943
R001497,2024-07-15,USD/INR,84.9152
R001314,2024-06-21,USD_GBP,0.7844
R002949,2025-01-22,EUR/GBP,0.8484
R002548,2024-11-30,usd-gbp,0.7756
R001623,2024-07-31,USD/AUD,1.534
R001580,2024-07-26,USD/INR,82.5259
R002009,2024-09-20,USD/GBP,0.7851
R000238,2024-01-31,EUR/GBP,0.8516
R001775,2024-08-20,USD/JPY,147.3974
R001052,2024-05-18,USD/JPY,149.0878
R001465,07/11/2024,USD/GBP,0.7755
R002727,2024-12-23,EUR/GBP,0.8586
R002219,2024-10-17,USD/CNY,7.3308
R002031,2024-09-23,USD/GBP,0.7863
R001785,2024-08-21,USD/AUD,1.5213
R000763,2024-04-09,USD/JPY,152.3017
R000370,2024-02-18,USD/GBP,0.774
R000523,2024-03-09,USD/INR,82.6487
R001224,2024-06-09,USD/CAD,1.3556
R000076,2024-01-10,USD/CNY,7.239
R002927,2025-01-19,EUR/GBP,0.849
R000055,2024-01-08,USD/EUR,0.9295
R000267,2024-02-04,USD/JPY,150.9241
R002616,2024-12-09,USD/INR,83.7561
R001675,2024-08-07,USD/CAD,1.3718
R002087,2024-09-30,USD/INR,82.7772
R002777,2024-12-30,USD/INR,82.9869
R002923,2025-01-19,USD/GBP,0.7785
R002116,2024-10-03,USD/CNY,7.1432
R000921,2024-04-30,USD/CAD,1.3645
R000383,2024-02-19,EUR/GBP,0.8319
R003017,2025-01-31,USD/AUD,1.4969
R002368,2024-11-06,USD/AUD,1.494
R002863,2025-01-11,USD/GBP,0.7714
R002822,2025-01-05,USD/AUD,1.5328
R002319,2024-10-31,USD/EUR,0.9149
R002259,2024-10-23,USD/GBP,0.7597
R000836,2024-04-19,usd-jpy,148.8478
R001906,2024-09-06,USD/CAD,1.356
R002922,2025-01-19,USD/EUR,0.9269
R000464,2024-03-01,USD/AUD,1.5233
R002804,2025-01-03,USD/GBP,0.7722
R002726,2024-12-23,USD/AUD,1.5201
R002585,2024-12-05,USD/EUR,0.9301
R002391,2024-11-09,EUR/GBP,0.8343
R002831,01/06/2025,USD/CNY,7.0577
R000826,2024-04-18,USD/EUR,0.9334
R001793,2024-08-22,USD/AUD,1.5176
R001365,2024-06-27,USD/CNY,7.2659
R000596,2024-03-18,USD/AUD,1.5122
R001600,2024-07-28,EUR/GBP,0.8438
R002422,2024-11-13,EUR/GBP,0.8599
R001615,2024-07-30,USD/AUD,1.5173
R001732,2024-08-14,EUR/GBP,0.847
R000368,2024-02-17,USD/CNY,7.1809
R002595,12/06/2024,USD/AUD,1.5329
R001082,2024-05-22,USD/GBP,0.7773
R000098,2024-01-13,USD_CNY,7.1987
R001730,2024-08-14,USD/CAD,1.3748
R001848,2024-08-29,USD/AUD,1.5068
R002107,2024-10-02,EUR/GBP,0.8423
R000382,2024-02-19,USD/AUD,1.5109
R002926,2025-01-19,USD/AUD,1.5238
R002171,2024-10-11,USD/JPY,149.9662
R000029,2024-01-04,EUR/GBP,0.8449
R000448,2024-02-28,USD/AUD,1.5057
R002289,2024-10-27,USD/EUR,0.9145
R000821,2024-04-17,USD/INR,82.7696
R002557,2024-12-01,USD/INR,81.0071
R002445,2024-11-16,EUR/GBP,0.8457
R002016,2024-09-21,usd-gbp,0.7785
R001096,2024-05-23,USD/CNY,7.1742
R002560,2024-12-01,USD/AUD,1.534
R000722,2024-04-04,USD/INR,81.7771
R002699,2024-12-20,USD/INR,83.7176
R002993,2025-01-28,USD/CAD,1.351
R001917,2024-09-07,USD/CNY,7.1234
R002621,2024-12-09,USD/CNY,7.2306
R002834,2025-01-07,USD/INR,82.972
R000780,2024-04-11,USD/AUD,1.5294
R001024,2024-05-14,USD/CNY,7.3338
R000005,2024-01-01,USD/CAD,1.3468
R001560,2024-07-23,USD/CAD,1.3463
R001470,2024-07-11,USD/CNY,7.2119
R002953,2025-01-23,USD/CAD,1.3563
R000517,2024-03-08,USD/CAD,1.3568
R001768,2024-08-19,USD/JPY,148.2388
R002473,2024-11-20,USD/JPY,147.3328
R002749,2024-12-26,USD/CAD,1.3552
R000351,2024-02-15,USD/AUD,1.5247
R001211,2024-06-07,USD/CNY,7.0907
R002574,2024-12-03,USD/CAD,1.3493
R001263,2024-06-14,USD/JPY,149.3001
R000661,2024-03-27,USD/GBP,0.7755
R002761,2024-12-28,USD/GBP,0.7849
R002195,2024-10-14,USD/CAD,1.3526
R000900,2024-04-27,USD/CNY,7.1213
R002172,2024-10-11,USD/CAD,1.349
R000159,2024-01-21,USD/AUD,1.5019
R000384,2024-02-19,USD/CNY,7.1423
R002133,2024-10-06,USD/EUR,0.9262
R000141,2024-01-19,USD/JPY,148.8378
R000466,2024-03-02,USD/EUR,0.918
R001889,2024-09-04,USD/INR,82.8058
R000300,02/08/2024,EUR/GBP,0.8554
R000398,2024-02-21,USD/CNY,7.2772
R001919,2024-09-08,USD/INR,83.0601
R002856,2025-01-10,USD/GBP,0.776
R002160,2024-10-09,EUR/GBP,0.8547
R001034,2024-05-16,USD/GBP,0.785
R001611,2024-07-30,USD/GBP,0.7777
R002425,2024-11-14,USD/GBP,0.7681
R002444,2024-11-16,USD/AUD,1.5305
R001049,2024-05-18,USD/EUR,0.9336
R001980,2024-09-16,USD/INR,83.5387
R000847,2024-04-20,EUR/GBP,0.8525
R000252,2024-02-02,USD/CAD,1.3624
R001369,2024-06-28,USD/JPY,147.8417
R002090,2024-09-30,USD/AUD,1.5421
R000807,2024-04-15,USD/JPY,148.8299
R002404,2024-11-11,USD/CAD,1.3463
R000716,2024-04-03,USD/CAD,1.3649
R002706,12/21/2024,USD/GBP,0.7882
R001579,2024-07-26,USD/GBP,0.7743
R000988,2024-05-09,USD/CNY,7.243
R001277,2024-06-16,USD/INR,85.1297
R000196,2024-01-26,USD/INR,83.5206
R002146,2024-10-07,USD/CNY,7.287
R001045,2024-05-17,USD/CAD,1.3477
R000280,2024-02-06,USD/GBP,0.777
R000097,2024-01-13,EUR/GBP,0.8525
R000442,2024-02-27,USD/CNY,7.1777
R002734,2024-12-24,USD/AUD,1.5066
R001043,2024-05-17,USD/INR,84.0975
R002371,2024-11-07,USD/GBP,0.7788
R002750,2024-12-26,USD/AUD,1.5169
R000331,02/12/2024,USD/CNY,7.1791
R001427,2024-07-06,USD/GBP,0.796
R000862,2024-04-22,USD/CNY,7.0712
R000746,2024-04-07,USD/INR,82.5962
R002694,2024-12-19,USD/AUD,1.518
R001112,05/26/2024,USD/EUR,0.922
R002788,2024-12-31,USD/CNY,7.0869
R001375,2024-06-29,USD/GBP,0.7915
R001418,2024-07-04,USD/CNY,7.1993
R002228,2024-10-19,USD/EUR,0.9145
R002841,2025-01-08,USD/INR,83.446
R001152,05/31/2024,USD/INR,81.4084
R002075,2024-09-28,eur-gbp,0.8447
R000595,2024-03-18,USD/CAD,-1.364
R002571,12/03/2024,USD/GBP,0.7803
R001544,2024-07-21,USD/CAD,1.3438
R001257,2024-06-13,USD/AUD,1.5454
R000550,2024-03-12,EUR/GBP,0.8449
R000557,2024-03-13,USD/AUD,1.5126
R002552,2024-11-30,USD/AUD,1.4914
R000542,2024-03-11,USD/AUD,1.5028
R001749,2024-08-16,USD/CNY,7.1936
R000265,2024-02-04,USD/GBP,0.778
R002517,2024-11-26,USD/GBP,0.7807
R001869,2024-09-01,USD/JPY,146.8799
R001398,2024-07-02,USD/GBP,0.7724
R001065,2024-05-20,USD/EUR,0.9167
R000301,2024-02-08,USD/CNY,7.1205
R001789,2024-08-22,USD/GBP,0.7825
R000554,2024-03-13,USD/INR,83.4117
R000468,2024-03-02,USD/INR,83.8302
R000345,02/14/2024,USD/CNY,7.1462
R002645,2024-12-13,USD/INR,82.2934
R001237,06/11/2024,USD/GBP,0.7931
R002702,2024-12-20,USD/AUD,1.5366
R002166,2024-10-10,USD/AUD,1.5046
R002312,2024-10-30,USD/GBP,0.794
R001833,2024-08-27,EUR/GBP,0.8581
R001941,2024-09-11,USD/GBP,0.7824
R002074,2024-09-28,USD/AUD,1.523
R002596,2024-12-06,EUR/GBP,0.8309
R000440,2024-02-27,USD/AUD,1.5192
R000022,2024-01-03,EUR/GBP,0.8481
R001334,2024-06-23,EUR/GBP,0.8627
R001870,2024-09-01,USD/CAD,1.3445
R001292,2024-06-18,USD/GBP,0.7994
R001514,2024-07-17,USD/CAD,1.3248
R001503,2024-07-16,USD/EUR,0.9125
R001364,2024-06-27,EUR/GBP,0.8417
R001443,07/08/2024,USD/INR,83.3506
R000488,2024-03-04,USD/CNY,7.1023
R000230,2024-01-30,EUR/GBP,0.8558
R001885,2024-09-03,EUR/GBP,0.8498
R002771,2024-12-29,USD/JPY,148.1943
R000287,2024-02-07,USD/GBP,0.7788
R002904,01/16/2025,USD/CAD,1.3544
R001280,2024-06-16,USD/AUD,1.5153
R000811,2024-04-16,USD/EUR,0.9183
R002269,2024-10-24,USD/JPY,147.7513
R000432,2024-02-26,USD/CAD,1.3225
R001755,2024-08-17,USD/AUD,1.5278
R002582,12/04/2024,USD/AUD,1.5259
R002979,2025-01-26,eur-gbp,0.8546
R000621,2024-03-21,USD/CNY,7.1232
R001491,2024-07-14,USD/CAD,1.3425
R000937,2024-05-02,usd-cny,7.1067
R002130,2024-10-05,USD/AUD,1.5309
R001264,2024-06-14,USD/CAD,1.3376
R001721,08/13/2024,USD/JPY,149.262
R000131,01/18/2024,USD/GBP,0.7679
R001998,2024-09-18,EUR/GBP,0.8425
R000956,2024-05-05,USD/CAD,1.3651
R000914,04/29/2024,USD/AUD,1.544
R000860,2024-04-22,USD/AUD,1.5296
R001464,2024-07-11,USD/EUR,0.9122
R001963,2024-09-14,USD/GBP,0.7841
R000128,2024-01-17,EUR/GBP,0.8452
R000285,2024-02-06,EUR/GBP,0.8681
R002148,2024-10-08,USD/GBP,0.7735
R000979,2024-05-08,USD/AUD,1.4959
R000624,2024-03-22,USD/JPY,150.4979
R000689,2024-03-31,USD/EUR,0.9265
R002646,2024-12-13,USD/CAD,1.3394
R002024,2024-09-22,USD/GBP,0.7698
R000996,2024-05-10,usd-cny,7.1598
R002484,2024-11-21,EUR/GBP,0.8435
R002716,2024-12-22,USD/JPY,145.3815
R000611,2024-03-20,USD/AUD,1.5299
R000459,2024-03-01,USD/EUR,0.9149
R002260,2024-10-23,USD/INR,83.3655
R000463,03/01/2024,USD/CAD,1.3406
R000793,2024-04-13,USD/CAD,1.3537
R000505,2024-03-07,usd-eur,0.914
R000309,2024-02-09,USD/CNY,7.2193
R002717,2024-12-22,USD/CAD,1.3584
R000364,2024-02-17,USD/JPY,149.0965
R000580,2024-03-16,USD/CAD,1.3654
R000106,2024-01-15,USD/EUR,0.9237
R002322,2024-10-31,USD/JPY,149.6567
R001133,2024-05-28,USD/CNY,7.2959
R000508,2024-03-07,USD/JPY,147.217
R001012,2024-05-13,USD/GBP,0.7815
R001515,2024-07-17,USD/AUD,1.5187
R000947,2024-05-04,USD/JPY,146.2346
R001708,2024-08-11,USD/AUD,1.5489
R001970,2024-09-15,USD/EUR,0.9304
R001392,2024-07-01,USD/JPY,147.4936
R002355,2024-11-04,USD/CNY,7.267
R002416,2024-11-13,USD/EUR,0.9225
R001804,2024-08-24,USD/EUR,
R002769,2024-12-29,USD/GBP,0.776
R000189,2024-01-25,USD/JPY,147.2425
R002931,2025-01-20,USD/INR,83.9231
R002155,2024-10-09,USD/GBP,0.7702
R001822,2024-08-26,USD/JPY,148.6141
R002924,2025-01-19,USD/INR,83.1466
R002880,01/13/2025,USD/JPY,148.2218
R001333,2024-06-23,USD/AUD,1.5168
R001782,2024-08-21,USD/INR,83.1309
R001319,06/21/2024,EUR/GBP,0.8448
R001521,2024-07-18,USD/JPY,150.3132
R003041,2025-02-03,USD/CNY,7.2238
R002597,2024-12-06,USD/CNY,7.1364
R000863,2024-04-23,USD/EUR,0.9342
R001174,2024-06-03,USD/GBP,0.7795
R002213,2024-10-16,USD/CNY,7.2434
R002089,2024-09-30,USD/CAD,1.3439
R001116,2024-05-26,USD/CAD,1.3549
R000354,2024-02-16,USD/EUR,0.9185
R001035,2024-05-16,USD/INR,82.798
R002112,2024-10-03,USD/JPY,148.2583
R000732,2024-04-05,USD/CAD,1.3368
R000703,2024-04-01,USD/CNY,7.1294
R002933,2025-01-20,USD/CAD,1.338
R002406,2024-11-11,EUR/GBP,0.8614
R002577,2024-12-03,USD/CNY,7.2851
R000161,2024-01-21,USD/CNY,7.11
R002911,2025-01-17,USD/CAD,1.3428
R001943,09/11/2024,USD/CAD,1.3536
R001882,2024-09-03,USD_GBP,0.7926
R002439,2024-11-16,USD/EUR,0.916
R001138,2024-05-29,USD/CAD,1.3334
R001199,2024-06-06,USD/JPY,148.8325
R002745,2024-12-26,USD/EUR,0.8967
R000163,2024-01-22,USD/GBP,0.789
R001507,2024-07-16,USD/CAD,1.3594
R002022,2024-09-21,USD/CNY,7.1999
R001284,2024-06-17,USD/GBP,0.7875
R000186,2024-01-25,USD/EUR,0.9266
R000460,2024-03-01,USD/GBP,0.7707
R001382,2024-06-30,USD/EUR,0.9155
R001855,08/30/2024,USD/CAD,1.3635
R001008,2024-05-12,USD/AUD,1.5297
R002562,2024-12-01,USD/CNY,7.1862
R002103,2024-10-02,USD/INR,82.4764
R002898,2025-01-15,EUR/GBP,0.8647
R002891,2025-01-14,EUR/GBP,0.8512
R002209,2024-10-16,USD/JPY,148.0351
R000369,2024-02-18,USD/EUR,0.9209
R001169,2024-06-02,USD/CAD,1.358
R001436,2024-07-07,USD/JPY,148.9196
R000494,2024-03-05,USD/AUD,1.5069
R000232,2024-01-31,USD/EUR,0.922
R002509,2024-11-25,USD/EUR,0.9076
R000334,2024-02-13,USD/INR,82.6366
R002339,2024-11-02,EUR/GBP,0.8501
R000789,2024-04-13,USD/EUR,0.9194
R001584,2024-07-26,EUR/GBP,0.8505
R001337,06/24/2024,USD/GBP,0.7752
R002327,2024-11-01,USD/GBP,0.7715
R000381,2024-02-19,USD/CAD,1.3387
R002076,2024-09-28,USD/CNY,7.1573
R002383,2024-11-08,USD/AUD,1.5252
R001781,2024-08-21,USD_GBP,0.769
R001681,2024-08-08,USD/INR,83.5359
R002843,2025-01-08,USD/CAD,1.3699
R002215,2024-10-17,USD/INR,82.8089
R002957,2025-01-24,USD/EUR,0.9286
R001852,2024-08-30,USD/GBP,0.7938
R002704,2024-12-20,USD/CNY,7.2535
R001419,2024-07-05,USD/EUR,0.9341
R001282,2024-06-16,USD/CNY,7.1691
R001585,07/26/2024,USD/CNY,7.2108
R000208,2024-01-28,USD/EUR,0.9247
R002056,2024-09-26,USD/JPY,147.2834
R002952,2025-01-23,usd-inr,83.8468
R002333,2024-11-01,USD/CNY,7.071
R000882,2024-04-25,USD/AUD,1.5119
R000144,2024-01-19,EUR/GBP,0.8516
R000250,2024-02-02,USD/INR,83.5369
R002758,12/27/2024,EUR/GBP,0.8436
R002137,2024-10-06,USD/CAD,1.3514
R002965,2025-01-25,USD/EUR,0.9313
R002873,2025-01-12,USD/JPY,145.4008
R002162,2024-10-10,USD/EUR,0.9223
R002188,2024-10-13,USD/CAD,1.3464
R002565,2024-12-02,USD/JPY,147.1704
R001816,2024-08-25,USD/CAD,1.338
R002407,2024-11-11,USD/CNY,7.0867
R002605,2024-12-07,USD/CNY,7.1352
R001446,2024-07-08,USD/AUD,1.5101
R001129,2024-05-28,USD/JPY,148.4048
R002015,2024-09-21,USD/EUR,0.9276
R001339,2024-06-24,USD/JPY,147.9236
R001996,2024-09-18,USD/CAD,1.3644
R001455,2024-07-09,EUR/GBP,0.8548
R002048,2024-09-25,USD/JPY,148.4862
R000766,2024-04-09,EUR/GBP,0.844
R000103,01/14/2024,USD/AUD,1.5148
R000147,2024-01-20,USD/GBP,0.7704
R001134,2024-05-29,usd-eur,0.9242
R002566,2024-12-02,USD/CAD,1.3445
R000395,2024-02-21,USD/CAD,1.3659
R001802,2024-08-23,EUR/GBP,0.8495
R002864,2025-01-11,USD/INR,83.7669
R001222,2024-06-09,USD/INR,83.4578
R001636,2024-08-02,USD/INR,82.8642
R001832,2024-08-27,USD/AUD,1.5235
R000322,2024-02-11,EUR/GBP,0.8551
R000112,2024-01-15,EUR/GBP,0.8498
R000589,2024-03-17,EUR/GBP,0.8571
R001478,2024-07-12,USD/CNY,7.2101
R002995,2025-01-28,EUR/GBP,0.8419
R002124,2024-10-04,USD/CNY,7.1611
R000137,2024-01-18,USD/CNY,7.1238
R001456,2024-07-09,USD/CNY,7.0536
R000654,2024-03-26,USD/INR,82.2794
R003020,2025-02-01,USD/EUR,0.9251
R001679,2024-08-08,USD/EUR,0.9292
R001048,2024-05-17,USD/CNY,7.0668
R002159,2024-10-09,USD/AUD,1.5395
R000931,05/01/2024,USD/CNY,7.1401
R000221,2024-01-29,USD/AUD,1.5552
R000928,2024-05-01,USD/CAD,1.3551
R001969,09/14/2024,USD/CNY,7.166
R001930,2024-09-09,EUR/GBP,0.8666
R002614,2024-12-09,USD/EUR,0.9199
R002176,2024-10-12,USD/EUR,0.9392
R000534,03/10/2024,USD/AUD,1.5016
R002783,2024-12-31,USD/GBP,0.7706
R000607,2024-03-20,USD/GBP,0.774
R000075,2024-01-10,EUR/GBP,0.8277
R001524,2024-07-18,EUR/GBP,0.8418
R002197,2024-10-14,EUR/GBP,0.8536
R001323,2024-06-22,USD/INR,83.1413
R001592,07/27/2024,EUR/GBP,0.8252
R000114,2024-01-16,USD/EUR,0.9427
R000987,2024-05-09,EUR/GBP,0.8628
R001954,2024-09-12,USD/CNY,7.1331
R002499,2024-11-23,USD/AUD,1.532
R000223,2024-01-29,USD/CNY,7.2293
R000519,2024-03-08,EUR/GBP,0.8508
R001349,2024-06-25,EUR/GBP,0.8384
R001120,05/27/2024,USD/GBP,0.7882
R000036,2024-01-05,USD/AUD,1.5014
R000831,2024-04-18,USD/AUD,1.4996
R001873,09/02/2024,USD/EUR,0.9172
R002145,2024-10-07,USD_AUD,1.5166
R000348,2024-02-15,USD/INR,82.029
R000168,2024-01-22,EUR/GBP,0.8661
R002626,2024-12-10,USD/CAD,1.3384
R000117,2024-01-16,USD_JPY,148.4485
R000531,2024-03-10,USD/INR,83.7313
R002531,2024-11-28,USD/EUR,0.9244
R000321,2024-02-11,USD/AUD,1.5215
R001029,2024-05-15,USD/CAD,1.3583
R000474,2024-03-03,USD/EUR,0.9326
R001946,2024-09-11,USD/CNY,7.1535
R002658,2024-12-15,USD/EUR,0.9282
R002325,2024-10-31,USD/CNY,7.1796
R001587,2024-07-27,USD/GBP,0.7814
R002514,11/25/2024,EUR/GBP,0.8478
R001603,2024-07-29,USD/GBP,0.775
R000228,2024-01-30,USD/CAD,1.3355
R002020,2024-09-21,USD/AUD,1.5012
R001026,2024-05-15,USD/GBP,0.7834
R002668,2024-12-16,USD/INR,82.1745
R001754,2024-08-17,USD/CAD,1.3253
R000082,2024-01-11,EUR/GBP,0.853
R001513,2024-07-17,USD/JPY,147.4355
R002196,2024-10-14,USD/AUD,1.5099
R000669,2024-03-28,USD/INR,80.9944
R000063,2024-01-09,USD/GBP,0.7714
R000850,2024-04-21,USD/GBP,0.7759
R002893,2025-01-15,USD/EUR,0.9271
R002398,2024-11-10,USD/AUD,1.5047
R002351,2024-11-04,USD/JPY,150.074
R000516,2024-03-08,USD/JPY,149.6218
R001355,2024-06-26,USD/AUD,1.5112
R000110,2024-01-15,USD/CAD,1.349
R002210,2024-10-16,USD/CAD,1.35
R002042,2024-09-24,USD/CAD,1.3445
R002742,2024-12-25,USD/AUD,1.527
R002431,2024-11-15,USD/EUR,0.9252
R002874,2025-01-12,USD/CAD,1.3421
R001126,2024-05-28,USD/EUR,0.9095
R001089,2024-05-23,USD/EUR,0.9176
R000312,2024-02-10,USD/INR,84.1142
R002057,2024-09-26,USD/CAD,1.3436
R000020,2024-01-03,USD/JPY,146.4027
R000358,2024-02-16,USD/CAD,1.3461
R000361,2024-02-17,USD/EUR,0.9248
R002797,2025-01-02,USD/INR,83.6768
R002650,2024-12-14,USD/EUR,0.9283
R002032,2024-09-23,USD_INR,82.39
R000393,2024-02-21,USD/EUR,0.9079
R001479,2024-07-13,USD_EUR,0.9118
R002293,2024-10-27,USD/AUD,1.5213
R002083,2024-09-29,EUR/GBP,0.8377
R000658,2024-03-26,EUR/GBP,0.8498
R001247,2024-06-12,USD/JPY,148.5506
R002796,2025-01-02,USD/GBP,0.7734
R002685,2024-12-18,USD/JPY,148.9976
R002912,01/17/2025,USD/AUD,1.5254
R002372,2024-11-07,USD/INR,82.7438
R002246,2024-10-21,USD/JPY,148.655
R001422,2024-07-05,USD/JPY,150.0927
R002120,2024-10-04,USD/JPY,148.2163
R002901,2025-01-16,USD/GBP,0.7796
R000371,2024-02-18,USD/INR,83.2204
R001694,2024-08-09,USD/CNY,7.0834
R000314,2024-02-10,USD/CAD,1.361
R002554,2024-11-30,USD/CNY,7.208
R001975,2024-09-15,USD/AUD,1.5197
R000594,2024-03-18,USD/JPY,148.9955
R000971,2024-05-07,USD/AUD,1.5219
R000203,2024-01-27,USD/INR,84.1011
R001992,2024-09-18,USD/EUR,0.9269
R002612,2024-12-08,EUR/GBP,0.8403
R001845,2024-08-29,USD/INR,83.333
R001652,2024-08-04,USD/CAD,1.3544
R001993,2024-09-18,USD/GBP,0.7893
R000439,2024-02-27,USD/CAD,1.327
R000327,2024-02-12,USD/JPY,150.2198
R001159,2024-06-01,USD/GBP,0.7877
R002187,2024-10-13,USD/JPY,146.3854
R000388,2024-02-20,USD/JPY,151.2861
R001042,2024-05-17,USD/GBP,0.7764
R001770,2024-08-19,EUR/GBP,0.8547
R001188,2024-06-05,USD/EUR,0.9179
R000282,2024-02-06,USD/JPY,149.4833
R001874,2024-09-02,USD/GBP,0.7861
R000352,2024-02-15,EUR/GBP,0.8625
R001356,2024-06-26,EUR/GBP,0.828
R000043,2024-01-06,USD/CAD,1.3484
R002454,11/17/2024,USD/CNY,7.1286
R000102,2024-01-14,USD/CAD,1.3443
R002711,12/21/2024,EUR/GBP,0.843
R002978,2025-01-26,USD/AUD,1.5071
R000447,2024-02-28,USD/CAD,1.3549
R002165,2024-10-10,USD/CAD,1.3713
R001274,2024-06-15,USD/CNY,7.1573
R000135,2024-01-18,USD/AUD,1.506
R000575,2024-03-15,USD/CNY,7.2396
R000877,2024-04-25,USD/EUR,0.9152
R001527,2024-07-19,USD/GBP,0.7947
R000857,2024-04-22,USD/INR,82.5075
R000129,2024-01-17,USD/CNY,7.1872
R000748,2024-04-07,USD/CAD,1.3398
R000573,2024-03-15,USD/AUD,1.525
R002523,2024-11-26,USD/CNY,7.2064
R002723,2024-12-23,USD/INR,82.319
R000876,04/24/2024,USD/CNY,7.3088
R000104,2024-01-14,EUR/GBP,0.8432
R001674,2024-08-07,USD/JPY,147.1302
R000411,2024-02-23,USD/AUD,1.5308
R002807,2025-01-03,USD/CAD,1.3489
R001179,2024-06-03,EUR/GBP,0.8416
R001907,2024-09-06,USD/AUD,1.4961
R000605,2024-03-19,USD_CNY,7.2097
R002900,2025-01-16,USD/EUR,0.9226
R002018,2024-09-21,USD/JPY,145.5243
R002400,2024-11-10,USD/CNY,7.185
R001434,2024-07-07,USD/GBP,0.7755
R000385,2024-02-20,USD/EUR,0.913
R001901,2024-09-05,USD/CNY,7.23
R000057,2024-01-08,USD/INR,82.5018
R000712,2024-04-03,USD/EUR,0.9191
R000325,2024-02-12,USD/GBP,0.7722
R000079,2024-01-11,USD/JPY,148.6363
R000541,2024-03-11,USD/CAD,1.3613
R000356,2024-02-16,USD/INR,82.3659
R000360,2024-02-16,USD/CNY,7.1206
R001019,2024-05-14,USD/INR,82.9335
R002649,2024-12-13,USD/CNY,7.1811
R002990,2025-01-28,USD/GBP,0.7988
R000916,2024-04-29,USD/CNY,7.2
R000308,2024-02-09,EUR/GBP,0.845
R001414,2024-07-04,USD/JPY,151.715
R000814,2024-04-16,USD/JPY,148.7919
R000042,2024-01-06,USD/JPY,148.7545
R001707,2024-08-11,USD/CAD,1.3591
R001406,2024-07-03,USD/INR,82.5703
R001588,07/27/2024,USD/INR,82.8946
R000883,2024-04-25,EUR/GBP,0.8458
R000699,2024-04-01,USD/INR,83.9688
R002947,2025-01-22,USD/CAD,1.3512
R000004,2024-01-01,usd-jpy,150.7617
R000216,2024-01-29,USD/EUR,0.927
R000977,2024-05-08,USD/JPY,147.8283
R000099,2024-01-14,USD/EUR,0.92
R001630,2024-08-01,USD/CAD,1.3615
R002631,2024-12-11,USD/INR,83.4468
R002765,2024-12-28,USD/AUD,1.5238
R001371,2024-06-28,USD/AUD,1.5174
R003014,2025-01-31,USD/INR,82.0376
R002511,2024-11-25,USD/INR,83.6009
R001192,2024-06-05,USD/CAD,1.332
R001687,2024-08-09,USD/EUR,0.9157
R001814,2024-08-25,USD/INR,83.9462
R001517,2024-07-17,USD/CNY,7.2887
R000701,2024-04-01,USD/AUD,1.5121
R000456,2024-02-29,USD/AUD,1.5079
R002402,2024-11-11,USD/GBP,0.7814
R002399,2024-11-10,EUR/GBP,0.8518
R000522,2024-03-09,USD/GBP,0.7842
R001261,2024-06-14,USD/GBP,0.7844
R002915,2025-01-18,USD/GBP,0.7853
R001038,2024-05-16,USD/AUD,1.4977
R000390,02/20/2024,USD_AUD,1.5112
R000952,2024-05-05,USD/EUR,0.9232
R002256,2024-10-22,USD/AUD,1.5255
R000412,2024-02-23,EUR/GBP,0.8404
R002683,2024-12-18,USD/GBP,0.7774
R001645,2024-08-03,USD/CAD,1.3357
R001302,2024-06-19,USD/CAD,1.3634
R002586,2024-12-05,USD_GBP,0.7751
R001297,2024-06-18,USD/CNY,7.246
R001562,2024-07-23,USD/CNY,7.1264
R001269,2024-06-15,USD/GBP,0.7743
R002362,2024-11-05,EUR/GBP,0.8385
R002034,2024-09-23,USD_CAD,1.3568
R002890,01/14/2025,USD/AUD,1.5258
R001022,2024-05-14,USD/AUD,1.5113
R000502,2024-03-06,USD/AUD,1.549
R002871,2025-01-12,USD/GBP,0.775
R000759,2024-04-08,USD/CNY,7.1184
R002697,2024-12-20,USD/EUR,0.93
R000429,2024-02-26,USD/GBP,0.7883
R002513,2024-11-25,usd-aud,1.5283
R001318,2024-06-21,USD/AUD,1.5154
R001137,2024-05-29,USD/JPY,150.2664
R000074,2024-01-10,USD/AUD,1.5438
R000026,2024-01-04,USD/JPY,148.6647
R001345,2024-06-25,USD/INR,83.99
R001590,2024-07-27,USD/CAD,1.3512
R001127,2024-05-28,USD/GBP,0.7824
R001783,08/21/2024,USD/JPY,146.2655
R001140,2024-05-29,EUR/GBP,0.856
R000506,2024-03-07,USD/GBP,0.7762
R001727,2024-08-14,USD_GBP,0.7758
R001395,2024-07-01,EUR/GBP,0.8469
R002366,2024-11-06,USD/JPY,150.7776
R002623,12/10/2024,USD/GBP,0.7807
R002773,2024-12-29,USD/AUD,1.5173
R001771,2024-08-19,USD/CNY,7.1831
R002254,10/22/2024,USD/JPY,148.482
R001121,2024-05-27,USD/INR,84.1198
R002606,2024-12-08,USD/EUR,0.9183
R000587,2024-03-17,USD/CAD,1.3438
R001773,2024-08-20,USD/GBP,0.7751
R000612,2024-03-20,EUR/GBP,0.8495
R001139,2024-05-29,USD_AUD,1.5291
R000426,2024-02-25,EUR/GBP,0.8616
R000649,2024-03-25,USD/AUD,1.5165
R001090,2024-05-23,USD/GBP,0.7785
R002808,2025-01-03,USD/AUD,1.5073
R002004,2024-09-19,USD/CAD,1.3458
R001409,07/03/2024,USD/AUD,1.5151
R000566,2024-03-14,EUR/GBP,0.8465
R001733,2024-08-14,USD/CNY,7.1786
R000886,2024-04-26,USD/GBP,0.7944
R002941,2025-01-21,USD/AUD,1.5351
R002493,2024-11-22,USD/CNY,7.1446
R000783,2024-04-12,USD/EUR,0.9235
R002620,2024-12-09,EUR/GBP,0.8624
R001962,2024-09-14,USD/EUR,0.9226
R000630,2024-03-23,USD/GBP,0.7885
R002888,2025-01-14,USD/JPY,150.5617
R002847,2025-01-09,USD/EUR,0.9146
R000501,2024-03-06,USD/CAD,1.3625
R001706,2024-08-11,USD/JPY,148.1417
R002937,2025-01-21,USD/EUR,0.9144
R000409,2024-02-23,USD/JPY,148.6786
R001344,2024-06-25,USD/GBP,0.7893
R000165,2024-01-22,USD/JPY,149.9306
R002500,2024-11-23,EUR/GBP,0.8529
R000244,2024-02-01,USD/CAD,1.3617
R002868,2025-01-11,EUR/GBP,0.8425
R002837,2025-01-07,USD/AUD,1.5489
R001523,2024-07-18,USD/AUD,1.5166
R000379,02/19/2024,USD/INR,85.0219
R001088,2024-05-22,USD/CNY,7.1971
R001819,2024-08-26,USD/EUR,0.9181
R002593,2024-12-06,USD/GBP,0.7797
R000295,2024-02-08,USD/GBP,0.7828
R001958,2024-09-13,USD/CAD,1.3924
R002315,2024-10-30,USD/CAD,1.359
R002191,2024-10-13,USD/CNY,7.0653
R001937,2024-09-10,USD/AUD,1.5239
R002764,2024-12-28,USD/CAD,1.3415
R000316,2024-02-10,EUR/GBP,0.8502
R000529,2024-03-10,USD/EUR,0.9224
R002971,2025-01-25,EUR/GBP,0.8337
R001178,2024-06-03,USD/AUD,1.5185
R000190,2024-01-25,USD/CAD,1.3295
R000028,2024-01-04,USD/AUD,1.5257
R002563,2024-12-02,USD/EUR,0.9115
R000275,02/05/2024,USD/JPY,147.0425
R002198,2024-10-14,USD/CNY,7.1814
R001075,2024-05-21,USD/INR,84.0289
R001862,2024-08-31,USD/JPY,149.7041
R002014,2024-09-20,USD/CNY,7.1125
R001891,2024-09-04,USD/CAD,1.3574
R002359,2024-11-05,USD/JPY,145.8623
R002679,2024-12-17,usd-aud,1.5214
R001335,2024-06-23,USD/CNY,7.1907
R002535,2024-11-28,USD/CAD,1.3444
R002249,2024-10-21,EUR/GBP,0.8484
R000586,2024-03-17,USD/JPY,148.8686
R000838,2024-04-19,USD/AUD,1.5048
R000711,2024-04-02,USD/CNY,7.1952
R002288,2024-10-26,USD/CNY,7.1619
R002495,11/23/2024,USD/GBP,0.7702
R001251,2024-06-12,USD/CNY,7.2038
R003026,2025-02-01,EUR/GBP,0.8467
R002587,2024-12-05,USD/INR,82.1024
R001438,2024-07-07,USD/AUD,1.5444
R001784,2024-08-21,USD/CAD,1.3603
R001554,07/22/2024,EUR/GBP,0.843
R000817,04/16/2024,EUR/GBP,0.8523
R002984,2025-01-27,USD/JPY,148.9288
R001922,2024-09-08,USD/AUD,1.5314
R000958,2024-05-05,EUR/GBP,0.8539
R000303,2024-02-09,USD/GBP,0.7858
R000572,2024-03-15,USD/CAD,1.3726
R002651,2024-12-14,USD/GBP,0.7729
R002490,2024-11-22,USD/CAD,1.3241
R000631,2024-03-23,USD/JPY,145.9867
R001512,2024-07-17,USD/INR,83.0389
R002464,2024-11-19,USD/GBP,0.7703
R002934,2025-01-20,USD/AUD,1.5345
R001700,2024-08-10,USD/AUD,1.5227
R001064,2024-05-19,USD/CNY,7.0551
R002220,2024-10-18,USD/EUR,0.9177
R002475,2024-11-20,USD/AUD,1.5246
R002204,2024-10-15,USD/AUD,1.5003
R001990,2024-09-17,EUR/GBP,0.8537
R002640,2024-12-12,USD/AUD,1.526
R001850,2024-08-29,USD/CNY,7.2107
R001839,2024-08-28,USD/CAD,1.3496
R000924,04/30/2024,USD/CNY,7.1297
R000723,04/04/2024,USD/JPY,146.4979
R000060,2024-01-08,EUR/GBP,0.8583
R002237,2024-10-20,USD/GBP,0.7801
R002438,2024-11-15,USD/CNY,7.2393
R001847,2024-08-29,USD/CAD,1.3671
R000024,2024-01-04,USD/EUR,0.9069
R000578,2024-03-16,USD/INR,83.8414
R000684,2024-03-30,USD/JPY,149.2267
R001016,2024-05-13,usd-cny,7.1942
R000347,2024-02-15,USD/GBP,0.7687
R002622,2024-12-10,USD/EUR,0.9273
R001668,2024-08-06,USD/CAD,1.3432
R001556,2024-07-23,USD/EUR,0.9234
R002992,01/28/2025,USD/JPY,149.3941
R000009,2024-01-02,USD/EUR,0.9157
R002955,2025-01-23,EUR/GBP,0.8419
R000229,01/30/2024,USD/AUD,1.5091
R000490,2024-03-05,USD/GBP,0.7869
R002581,2024-12-04,USD/CAD,1.355
R001666,2024-08-06,USD/INR,83.181
R000830,2024-04-18,USD/CAD,1.3462
R000386,2024-02-20,USD/GBP,0.7812
R002676,2024-12-17,USD/INR,81.5671
R000450,2024-02-28,USD/CNY,7.1039
R002501,2024-11-23,USD/CNY,7.221
R000016,2024-01-02,USD/CNY,7.1396
R001115,05/26/2024,USD/JPY,148.7234
R002851,2025-01-09,USD/CAD,1.3426
R001389,2024-07-01,USD/EUR,0.9203
R002458,2024-11-18,USD/JPY,148.8555
R001589,2024-07-27,USD/JPY,147.271
R000824,2024-04-17,EUR/GBP,0.8469
R002157,2024-10-09,USD/JPY,147.9428
R002775,12/30/2024,USD/EUR,0.9155
R001227,2024-06-09,USD/CNY,7.1831
R002950,2025-01-22,USD/CNY,7.0629
R002667,2024-12-16,USD/GBP,0.7866
R001976,2024-09-15,EUR/GBP,0.8467
R001232,06/10/2024,USD/CAD,1.3315
R001803,2024-08-23,USD/CNY,7.1291
R001010,2024-05-12,USD/CNY,7.1416
R001756,08/17/2024,eur-gbp,0.8617
R001966,2024-09-14,USD/CAD,1.3512
R002748,2024-12-26,USD/JPY,146.7907
R002793,2025-01-01,EUR/GBP,0.8465
R002433,2024-11-15,USD/INR,83.1804
R001107,2024-05-25,USD/JPY,149.41
R000498,2024-03-06,USD/GBP,0.7785
R000353,2024-02-15,USD/CNY,7.2416
R001912,2024-09-07,USD/INR,85.0564
R000443,02/28/2024,USD/EUR,0.901
R000002,2024-01-01,USD_GBP,0.7789
R000286,2024-02-06,USD/CNY,7.0398
R001561,2024-07-23,EUR/GBP,0.8498
R001647,2024-08-03,EUR/GBP,0.8484
R000784,2024-04-12,USD/GBP,0.7848
R000861,2024-04-22,EUR/GBP,0.8517
R002067,2024-09-27,EUR/GBP,0.8293
R002677,2024-12-17,USD/JPY,149.0192
R000349,2024-02-15,USD/JPY,147.4331
R000069,2024-01-09,USD/CNY,7.206
R000404,2024-02-22,USD/AUD,1.5207
R002364,2024-11-06,USD/GBP,0.7887
R000755,2024-04-08,USD/JPY,147.0901
R000798,2024-04-14,USD/INR,83.767
R001051,2024-05-18,USD/INR,82.6795
R003011,01/30/2025,USD/CNY,7.1733
R002442,2024-11-16,USD/JPY,150.5515
R000178,2024-01-24,USD/EUR,0.9334
R000954,2024-05-05,USD/INR,84.4012
R001381,06/29/2024,USD/CNY,7.2287
R002091,2024-09-30,EUR/GBP,0.8528
R001797,2024-08-23,USD/GBP,0.7775
R002113,2024-10-03,USD/CAD,1.3506
R001876,2024-09-02,USD/JPY,150.5726
R000253,2024-02-02,USD/AUD,1.5523
R001439,2024-07-07,EUR/GBP,0.8542
R000559,2024-03-13,USD/CNY,7.2083
R001578,2024-07-26,USD/EUR,0.9307
R001902,2024-09-06,USD/EUR,0.9169
R000194,2024-01-26,USD/EUR,0.9085
R002918,2025-01-18,USD/CAD,1.359
R001508,2024-07-16,EUR/GBP,0.8581
R001915,2024-09-07,USD/AUD,1.4926
R002824,2025-01-05,USD/CNY,7.0791
R000245,2024-02-01,USD/AUD,1.5018
R000446,2024-02-28,USD/JPY,149.4945
R000477,2024-03-03,USD/JPY,149.3562
R000539,2024-03-11,USD/INR,84.0372
R001331,2024-06-23,USD/JPY,150.7732
R000256,2024-02-03,USD/EUR,0.9155
R000452,2024-02-29,USD/GBP,0.7875
R002786,2024-12-31,USD/CAD,1.3452
R001489,2024-07-14,USD/INR,81.9307
R001745,2024-08-16,USD/JPY,147.1229
R003038,2025-02-03,USD/CAD,1.3523
R001894,2024-09-05,USD/EUR,0.919
R002437,2024-11-15,EUR/GBP,0.8489
R002840,2025-01-08,USD/GBP,0.7788
R002358,2024-11-05,USD/INR,83.3193
R002899,2025-01-15,USD/CNY,7.1594
R000949,2024-05-04,USD/AUD,1.5193
R000511,2024-03-07,EUR/GBP,0.8523
R001394,2024-07-01,USD/AUD,1.5221
R001509,2024-07-16,USD_CNY,7.1863
R001877,2024-09-02,USD/CAD,1.3424
R002280,2024-10-25,EUR/GBP,0.8539
R001332,2024-06-23,USD/CAD,1.3665
R001310,2024-06-20,USD/AUD,1.5272
R002719,2024-12-22,EUR/GBP,0.845
R001893,2024-09-04,USD/CNY,7.1487
R002652,12/14/2024,USD/INR,84.464
R002608,2024-12-08,USD/INR,81.365
R001872,2024-09-01,USD/CNY,7.1646
R001911,2024-09-07,USD/GBP,0.7935
R002452,2024-11-17,usd-aud,1.5074
R002410,2024-11-12,USD/INR,82.2446
R000622,2024-03-22,USD/EUR,0.9243
R001511,2024-07-17,USD/GBP,0.7711
R001809,08/24/2024,USD/AUD,1.496
R001672,2024-08-07,USD/GBP,0.7771
R001701,2024-08-10,EUR/GBP,0.853
R002272,2024-10-24,EUR/GBP,0.8459
R001201,2024-06-06,USD_AUD,1.5219
R002707,2024-12-21,USD/INR,83.3205
R000664,2024-03-27,USD/AUD,1.5117
R000775,2024-04-11,USD/EUR,0.9257
R000574,2024-03-15,EUR/GBP,0.8481
R002968,2025-01-25,USD/JPY,147.653
R002348,2024-11-04,USD/EUR,0.9121
R002690,2024-12-19,USD/GBP,0.7848
R002635,2024-12-11,USD/CNY,7.3021
R002973,2025-01-26,USD/EUR,0.9074
R001122,2024-05-27,USD/CAD,1.366
R002029,2024-09-22,USD/CNY,7.1951
R002655,2024-12-14,USD/AUD,1.51
R001999,2024-09-18,USD/CNY,7.1683
R000140,01/19/2024,USD/INR,82.1759
R002951,2025-01-23,USD/EUR,0.9311
R000283,2024-02-06,USD/CAD,1.3714
R000259,2024-02-03,USD/JPY,149.1591
R000617,2024-03-21,USD/JPY,148.6625
R001812,2024-08-25,USD/EUR,0.9214
R001798,2024-08-23,USD/INR,82.5377
R002412,2024-11-12,USD/CAD,1.3708
R002283,2024-10-26,USD/GBP,0.7893
R000726,2024-04-04,EUR/GBP,0.8484
R001637,2024-08-02,USD/JPY,147.0816
R002131,2024-10-05,EUR/GBP,0.8537
R000678,2024-03-29,USD/AUD,1.5466
R002007,2024-09-19,USD/CNY,7.1801
R001153,2024-05-31,USD/JPY,147.5511
R001899,2024-09-05,USD/AUD,1.5285
R000056,2024-01-08,USD/GBP,0.7873
R002636,12/12/2024,USD/EUR,0.9299
R002248,10/21/2024,USD/AUD,1.4998
R001412,2024-07-04,USD/EUR,0.9251
R002234,2024-10-19,EUR/GBP,0.8576
R001289,2024-06-17,EUR/GBP,0.8406
R000167,2024-01-22,USD/AUD,1.5325
R002887,2025-01-14,USD/INR,82.7622
R000873,2024-04-24,USD/CAD,1.3314
R001362,2024-06-27,USD/CAD,1.3578
R000888,2024-04-26,USD/JPY,147.9665
R000889,2024-04-26,USD/CAD,1.358
R002381,2024-11-08,USD/JPY,147.0688
R002428,2024-11-14,USD/CAD,1.3492
R001820,2024-08-26,USD/GBP,0.7723
R002460,2024-11-18,USD/AUD,1.5272
R000499,2024-03-06,USD/INR,82.4715
R000715,2024-04-03,USD/JPY,148.4441
R002740,2024-12-25,USD/JPY,149.7682
R001057,2024-05-19,USD/EUR,0.9198
R002753,12/27/2024,USD/EUR,0.9157
R000365,02/17/2024,USD/CAD,1.3593
R003030,2025-02-02,USD/JPY,148.5511
R002321,2024-10-31,USD/INR,83.5657
R001728,2024-08-14,USD/INR,83.8723
R002044,2024-09-24,EUR/GBP,0.8513
R003031,2025-02-02,USD/AUD,1.4822
R000801,2024-04-14,USD/AUD,1.5343
R000618,2024-03-21,USD/CAD,1.3598
R002363,2024-11-06,USD/EUR,0.906
R000601,2024-03-19,USD/INR,83.8298
R000124,2024-01-17,USD/INR,82.0337
R001598,2024-07-28,USD/CAD,1.3778
R000335,2024-02-13,USD/JPY,149.9481
R001858,08/30/2024,USD/CNY,7.162
R002285,2024-10-26,USD/JPY,147.8104
R000305,2024-02-09,USD/JPY,148.469
R002418,2024-11-13,USD/INR,83.4834
R000981,05/08/2024,USD/CNY,7.2364
R001689,2024-08-09,USD/INR,83.4357
R002682,2024-12-18,USD/EUR,0.9172
R002117,2024-10-04,USD/EUR,0.9179
R000919,2024-04-30,USD/INR,82.8286
R001080,2024-05-21,USD/CNY,7.241
R000465,2024-03-01,EUR/GBP,0.849
R000582,2024-03-16,EUR/GBP,
R002609,2024-12-08,USD/JPY,149.8321
R001617,07/30/2024,USD/CNY,
R001275,2024-06-16,USD/EUR,0.9312
R001285,2024-06-17,USD/INR,82.5461
R001195,06/05/2024,USD/CNY,7.0656
R000829,2024-04-18,USD/JPY,147.876
R000992,2024-05-10,USD/JPY,145.468
R001198,2024-06-06,USD/INR,83.6597
R001196,2024-06-06,USD/EUR,0.9241
R001825,08/26/2024,EUR/GBP,0.8514
R001880,2024-09-02,USD/CNY,7.1221
R001862,2024-08-31,USD/JPY,149.7041
R001351,2024-06-26,USD/EUR,0.9092
R001528,2024-07-19,USD/INR,84.484
R001559,2024-07-23,USD/JPY,150.7166
R002408,2024-11-12,USD/EUR,0.9276
R002243,2024-10-21,USD/EUR,0.9382
R000410,2024-02-23,USD/CAD,1.3569
R000676,2024-03-29,USD/INR,82.5529
R000298,02/08/2024,USD/CAD,1.3541
R000926,2024-05-01,USD/GBP,0.7681
R000023,2024-01-03,USD/CNY,7.1848
R002268,2024-10-24,USD/INR,83.466
R001991,2024-09-17,USD/CNY,7.2375
R000729,2024-04-05,USD/GBP,0.7758
R001622,2024-07-31,USD/CAD,1.3306
R001347,2024-06-25,USD/CAD,1.3155
R001308,2024-06-20,USD_INR,83.1924
R000894,04/27/2024,USD/GBP,0.7891
R000672,2024-03-28,EUR/GBP,0.8324
R001673,2024-08-07,USD/INR,82.8741
R001200,2024-06-06,USD/CAD,1.3684
R000182,2024-01-24,USD/CAD,1.3384
R001750,2024-08-17,USD/EUR,0.9292
R002945,2025-01-22,USD/INR,83.4696
R000294,2024-02-08,USD/EUR,0.9278
R000202,2024-01-27,USD/GBP,0.7844
R002132,2024-10-05,USD/CNY,7.1814
R000127,2024-01-17,USD/AUD,1.5049
R000532,2024-03-10,USD/JPY,146.0326
R001432,2024-07-06,EUR/GBP,0.8569
R000200,2024-01-26,USD/CNY,7.0979
R001498,2024-07-15,USD/JPY,150.2944
R002096,2024-10-01,USD/JPY,148.3875
R001973,2024-09-15,USD/JPY,149.474
R000693,2024-03-31,USD/CAD,1.3354
R000935,2024-05-02,USD/CAD,1.3559
R000687,2024-03-30,EUR/GBP,0.848
R000818,2024-04-16,USD/CNY,7.2439
R000217,2024-01-29,USD/GBP,0.774
R002832,2025-01-07,USD/EUR,0.9115
R001278,2024-06-16,USD/JPY,149.0841
R000153,2024-01-20,USD/CNY,7.1312
R002427,2024-11-14,USD/JPY,149.3495
R001842,2024-08-28,USD/CNY,7.0449
R002115,2024-10-03,EUR/GBP,0.8563
R000966,2024-05-06,USD/CNY,7.2834
R000479,2024-03-03,USD/AUD,1.5668
R001283,2024-06-17,USD/EUR,0.9265
R001605,2024-07-29,USD/JPY,147.7831
R002051,2024-09-25,EUR/GBP,0.857
R001667,2024-08-06,USD/JPY,147.016
R002853,2025-01-09,EUR/GBP,0.8406
R001151,2024-05-31,USD/GBP,0.7723
R000813,2024-04-16,USD/INR,84.4039
R002728,2024-12-23,USD/CNY,7.2763
R001555,07/22/2024,USD/CNY,7.1637
R000251,2024-02-02,USD/JPY,146.6276
R000844,2024-04-20,USD/JPY,149.0679
R002409,2024-11-12,USD/GBP,0.7863
R001265,2024-06-14,USD/AUD,1.5226
R001009,2024-05-12,EUR/GBP,0.8589
R000328,2024-02-12,USD/CAD,1.3607
R000968,2024-05-07,USD/INR,84.6984
R000950,2024-05-04,EUR/GBP,0.8521
R002656,2024-12-14,EUR/GBP,0.8573
R000973,2024-05-07,USD/CNY,7.2404
R001897,2024-09-05,USD/JPY,148.1157
R000188,2024-01-25,USD/INR,83.1394
R000247,2024-02-01,USD/CNY,7.1459
R002104,2024-10-02,USD/JPY,150.1713
R002894,2025-01-15,USD/GBP,0.7817
R002938,2025-01-21,USD/GBP,0.7782
R002101,2024-10-02,USD/EUR,0.9235
R002419,2024-11-13,USD/JPY,149.0802
R001327,2024-06-22,EUR/GBP,0.842
R000284,2024-02-06,USD/AUD,1.5012
R002330,2024-11-01,USD/CAD,1.3615
R000158,2024-01-21,USD/CAD,1.3564
R002317,2024-10-30,EUR/GBP,0.8571
R001506,2024-07-16,USD/JPY,147.827
R000904,2024-04-28,USD/JPY,150.3985
R001346,2024-06-25,USD/JPY,
R001270,2024-06-15,USD/INR,84.2284
R002415,2024-11-12,USD/CNY,7.2531
R000976,2024-05-08,USD/INR,81.6279
R002691,2024-12-19,USD/INR,82.3541
R001646,2024-08-03,USD/AUD,1.5265
R001680,2024-08-08,USD/GBP,0.7766
R002186,2024-10-13,USD/INR,84.4758
R000123,2024-01-17,USD/GBP,0.7909
R001073,2024-05-21,USD/EUR,0.9207
R001535,2024-07-20,USD/INR,82.8123
R001305,2024-06-19,USD/CNY,7.2185
R002461,2024-11-18,EUR/GBP,0.8506
R002556,12/01/2024,USD/GBP,0.7842
R000418,2024-02-24,USD/CAD,1.3516
R002519,2024-11-26,USD/JPY,148.1587
R000870,2024-04-23,USD/CNY,7.3243
R002897,2025-01-15,USD/AUD,1.4883
R001031,2024-05-15,EUR/GBP,0.8478
R002994,2025-01-28,USD/AUD,1.5168
R002203,2024-10-15,USD/CAD,1.3597
R000757,2024-04-08,USD/AUD,1.5275
R001702,2024-08-10,USD/CNY,7.2151
R001543,2024-07-21,USD/JPY,150.967
R001157,2024-05-31,USD/CNY,7.1306
R001109,2024-05-25,USD/AUD,1.5105
R000068,2024-01-09,EUR_GBP,0.8585
R002286,2024-10-26,USD/CAD,1.3562
R000333,2024-02-13,USD/GBP,0.7806
R001593,07/27/2024,USD/CNY,7.2113
R000337,2024-02-13,USD/AUD,1.5075
R000913,2024-04-29,USD/CAD,1.3534
R001576,2024-07-25,USD/AUD,1.5195
R001537,2024-07-20,USD/AUD,1.5278
R002712,2024-12-21,USD/CNY,7.29
R000473,2024-03-02,USD/CNY,7.0712
R000902,2024-04-28,USD/GBP,0.7769
R001407,2024-07-03,USD/JPY,146.3886
R000866,04/23/2024,USD/JPY,147.9243
R001536,2024-07-20,USD/JPY,146.1319
R000885,2024-04-26,USD/EUR,0.9263
R000478,2024-03-03,USD/CAD,1.3542
R001330,2024-06-23,USD/GBP,0.7847
R001567,07/24/2024,USD/CAD,1.3509
R001343,2024-06-25,USD_EUR,0.924
R000742,04/06/2024,EUR/GBP,0.8391
R002801,2025-01-02,EUR/GBP,
R001341,2024-06-24,EUR/GBP,0.8514
R003002,2025-01-29,USD/AUD,1.5069
R000133,2024-01-18,USD/JPY,146.9225
R002806,2025-01-03,USD/JPY,145.8623
R002206,2024-10-15,USD/CNY,7.2139
R000982,2024-05-09,USD/EUR,0.9239
R001234,2024-06-10,EUR/GBP,0.8719
R002787,2024-12-31,EUR/GBP,0.8435
R001629,2024-08-01,USD/JPY,148.6008
R002278,2024-10-25,USD/CAD,1.3345
R001757,2024-08-17,USD/CNY,7.1701
R002497,2024-11-23,USD/JPY,148.0857
R001150,2024-05-31,USD/EUR,0.9122
R002462,2024-11-18,USD/CNY,7.2333
R002357,2024-11-05,USD/GBP,0.7771
R002553,2024-11-30,EUR/GBP,0.8659
R000257,2024-02-03,USD/GBP,0.7899
R000551,2024-03-12,USD/CNY,7.1862
R000634,2024-03-23,EUR/GBP,0.8464
R000899,2024-04-27,EUR/GBP,0.8603
R000290,2024-02-07,USD/CAD,1.3416
R002434,2024-11-15,USD/JPY,148.2411
R000778,2024-04-11,USD/JPY,148.1324
R002394,2024-11-10,USD/GBP,0.7749
R000054,2024-01-07,USD/CNY,7.2239
R001808,2024-08-24,USD/CAD,1.3569
R002189,10/13/2024,USD/AUD,1.5135
R000558,2024-03-13,EUR/GBP,0.8463
R002803,2025-01-03,USD/EUR,0.9232
R001986,2024-09-17,USD/EUR,0.9247
R000041,2024-01-06,USD/INR,83.8144
R002217,2024-10-17,USD/AUD,1.5134
R001173,2024-06-03,USD/EUR,0.921
R000262,2024-02-03,EUR/GBP,0.8495
R002163,2024-10-10,USD/INR,83.6145
R002109,2024-10-03,USD/EUR,0.917
R000084,2024-01-12,USD/GBP,0.776
R002496,2024-11-23,USD/INR,83.8766
R002457,2024-11-18,USD/INR,82.7174
R001890,2024-09-04,USD/JPY,148.4785
R002062,2024-09-27,USD/GBP,0.7789
R002453,2024-11-17,EUR/GBP,0.8494
R000209,2024-01-28,USD/GBP,0.784
R002696,2024-12-19,USD/CNY,7.2828
R001914,2024-09-07,USD/CAD,1.3568
R001607,2024-07-29,USD/AUD,1.5219
R001021,2024-05-14,USD/CAD,1.3571
R002695,2024-12-19,EUR/GBP,0.8528
R001404,2024-07-03,USD/EUR,0.9266
R002077,2024-09-29,USD/EUR,0.9257
R000210,01/28/2024,USD/INR,86.4055
R000154,2024-01-21,USD/EUR,0.9221
R002338,2024-11-02,USD/AUD,1.5208
R001591,2024-07-27,USD/AUD,1.5037
R001148,2024-05-30,EUR/GBP,0.8378
R001968,2024-09-14,EUR/GBP,0.8487
R001634,2024-08-02,USD/EUR,0.9295
R000598,2024-03-18,USD/CNY,7.1097
R001932,2024-09-10,USD/EUR,0.9246
R001657,2024-08-05,USD/GBP,0.7813
R000681,2024-03-30,USD/EUR,0.9266
R001566,2024-07-24,USD/JPY,148.0822
R001329,2024-06-23,USD/EUR,0.9089
R001519,2024-07-18,USD/GBP,0.772
R002150,2024-10-08,USD/CAD,1.3278
R000222,2024-01-29,EUR/GBP,0.8341
R000226,2024-01-30,USD/INR,
R002881,2025-01-13,USD/CAD,1.3198
R002393,2024-11-10,USD/EUR,0.9062
R001761,2024-08-18,USD/JPY,150.9353
R001361,06/27/2024,USD/JPY,148.4773
R002547,2024-11-30,USD/EUR,0.9073
R002709,2024-12-21,USD/CAD,1.3453
R001493,2024-07-14,EUR/GBP,0.8452
R002225,2024-10-18,USD/AUD,1.5101
R002238,2024-10-20,USD/INR,82.4063
R002010,2024-09-20,USD/INR,83.9801
R000206,2024-01-27,EUR/GBP,0.842
R001028,2024-05-15,USD/JPY,148.6782
R002747,2024-12-26,USD/INR,83.4008
R002110,2024-10-03,USD/GBP,
R001047,05/17/2024,EUR/GBP,0.8555
R000694,2024-03-31,USD/AUD,1.5294
R002397,2024-11-10,USD/CAD,1.3376
R002361,2024-11-05,USD/AUD,1.5044
R001187,06/04/2024,USD/CNY,7.1095
R001370,2024-06-28,USD/CAD,1.3381
R001908,2024-09-06,EUR/GBP,0.8404
R000017,2024-01-03,USD/EUR,0.9107
R003015,2025-01-31,USD/JPY,147.6334
R001677,2024-08-07,EUR/GBP,0.8603
R001185,2024-06-04,USD/AUD,1.505
R000657,2024-03-26,USD/AUD,1.5202
R001572,2024-07-25,USD/GBP,0.7702
R001738,2024-08-15,USD/CAD,1.3356
R001420,2024-07-05,USD/GBP,0.784
R000400,2024-02-22,USD/GBP,0.7897
R000619,2024-03-21,USD/AUD,1.5273
R000509,2024-03-07,usd-cad,1.3507
R000868,2024-04-23,USD/AUD,1.5251
R000887,2024-04-26,USD/INR,83.6858
R002111,2024-10-03,USD/INR,82.7473
R000600,2024-03-19,USD/GBP,0.7829
R002576,2024-12-03,EUR/GBP,0.8405
R000458,02/29/2024,USD/CNY,7.1057
R001118,2024-05-26,USD/CNY,7.1759
R000871,2024-04-24,USD/EUR,0.9184
R000791,2024-04-13,USD/INR,83.5574
R000955,2024-05-05,USD/JPY,148.378
R000651,2024-03-25,USD/CNY,7.3128
R000734,2024-04-05,EUR/GBP,0.8355
R002844,2025-01-08,USD/AUD,1.5022
R000380,2024-02-19,USD/JPY,147.2997
R000957,2024-05-05,USD/AUD,1.5252
R000172,2024-01-23,USD/INR,82.5212
R001945,2024-09-11,EUR/GBP,0.8553
R000660,2024-03-27,USD/EUR,0.9187
R002121,2024-10-04,USD/CAD,
R001095,2024-05-23,EUR/GBP,0.8562
R002480,2024-11-21,USD/INR,83.7765
R000643,2024-03-24,USD/CNY,7.1614
R000169,2024-01-22,USD/CNY,7.1624
R001518,2024-07-18,USD/EUR,0.9258
R001801,2024-08-23,USD/AUD,1.5489
R002174,2024-10-11,EUR_GBP,0.8513
R001918,2024-09-08,USD/EUR,0.9143
R000273,2024-02-05,USD/GBP,0.7891
R001216,2024-06-08,USD/CAD,1.3668
R001119,2024-05-27,USD/EUR,0.9219
R002502,2024-11-24,USD/EUR,0.9289
R001067,2024-05-20,USD/INR,82.1228
R002105,2024-10-02,USD/CAD,1.3339
R002266,10/24/2024,USD/EUR,0.931
R002335,2024-11-02,USD/INR,83.9408
R001913,2024-09-07,USD/JPY,149.4475
R000039,2024-01-06,USD/EUR,0.9078
R000307,2024-02-09,USD/AUD,1.5394
R000007,2024-01-01,EUR/GBP,0.8634
R000782,2024-04-11,USD/CNY,7.0841
R001191,2024-06-05,USD/JPY,148.6565
R000535,2024-03-10,EUR/GBP,0.8445
R000584,2024-03-17,USD/GBP,0.7977
R002657,2024-12-14,USD/CNY,7.1016
R002964,2025-01-24,USD/CNY,7.1041
R002555,2024-12-01,USD/EUR,0.912
R002770,2024-12-29,USD/INR,83.0365
R002231,2024-10-19,USD/JPY,147.4833
R000317,2024-02-10,USD/CNY,7.229
R001795,2024-08-22,USD/CNY,7.1953
R000272,2024-02-05,USD/EUR,0.9068
R000549,2024-03-12,USD/AUD,1.5256
R001693,2024-08-09,EUR/GBP,0.8574
R001720,2024-08-13,USD_INR,82.8377
R002780,2024-12-30,EUR/GBP,0.8541
R002977,2025-01-26,USD/CAD,1.3671
R000599,2024-03-19,USD/EUR,0.9159
R001690,2024-08-09,USD/JPY,148.1155
R000895,2024-04-27,USD/INR,84.35
R002632,2024-12-11,USD_JPY,149.1878
R001776,2024-08-20,USD/CAD,1.3322
R000571,2024-03-15,USD/JPY,148.5274
R002000,2024-09-19,USD/EUR,0.9131
R002123,2024-10-04,EUR/GBP,0.8498
R000062,2024-01-09,USD/EUR,0.9183
R001248,2024-06-12,USD/CAD,1.3396
R003028,2025-02-02,USD/EUR,0.9241
R001260,2024-06-14,USD/EUR,0.9195
R000810,2024-04-15,USD/CNY,7.1158
R001050,2024-05-18,USD/GBP,0.7908
R002466,2024-11-19,USD/JPY,149.8176
R000108,01/15/2024,USD/INR,83.3452
R002154,2024-10-09,USD/EUR,0.9221
R000674,2024-03-29,USD/EUR,0.9166
R000666,2024-03-27,USD/CNY,7.1876
R000510,2024-03-07,usd-aud,1.5074
R002180,2024-10-12,USD/CAD,1.3501
R001641,08/02/2024,USD/CNY,7.1817
R002663,2024-12-15,USD_AUD,1.5291
R001533,2024-07-19,USD/CNY,7.2032
R000867,2024-04-23,USD/CAD,1.3539
R001856,2024-08-30,USD/AUD,1.5098
R001737,2024-08-15,USD/JPY,146.9353
R000007,2024-01-01,EUR/GBP,0.8634
R001061,2024-05-19,USD/CAD,1.3604
R002106,2024-10-02,USD/AUD,1.545
R002752,2024-12-26,USD/CNY,7.2929
R001974,2024-09-15,USD/CAD,1.3526
R000590,2024-03-17,USD_CNY,7.1185
R002424,2024-11-14,USD/EUR,0.9196
R002701,2024-12-20,USD/CAD,1.3552
R000087,2024-01-12,USD/CAD,1.3624
R002916,2025-01-18,USD/INR,84.738
R000772,2024-04-10,USD/AUD,1.5115
R002395,2024-11-10,USD/INR,83.1306
R001250,2024-06-12,EUR/GBP,0.8368
R000709,2024-04-02,USD/AUD,1.4884
R002417,2024-11-13,USD/GBP,0.7843
R001861,2024-08-31,USD/INR,83.0883
R002129,2024-10-05,USD/CAD,1.3597
R002665,2024-12-15,USD/CNY,7.2133
R000419,2024-02-24,USD/AUD,1.5379
R001462,2024-07-10,EUR/GBP,0.8396
R001485,2024-07-13,EUR/GBP,0.8519
R002791,2025-01-01,USD/CAD,1.358
R002903,2025-01-16,USD/JPY,147.6538
R000852,2024-04-21,USD/JPY,147.6751
R001005,2024-05-12,USD/GBP,0.7854
R001997,2024-09-18,USD/AUD,1.5196
R001835,2024-08-28,USD/EUR,0.9144
R002389,2024-11-09,USD/CAD,1.362
R000437,2024-02-27,USD/GBP,0.7927
R001317,06/21/2024,USD/CAD,1.3356
R001624,2024-07-31,EUR/GBP,0.8443
R001481,2024-07-13,USD/INR,83.801
R001649,08/04/2024,USD/EUR,0.9309
R001004,2024-05-11,USD/CNY,7.1335
R001279,2024-06-16,USD/CAD,1.3526
R001824,2024-08-26,USD/AUD,1.5101
R002869,2025-01-11,USD/CNY,7.2184
R002905,2025-01-16,EUR/GBP,
R001837,2024-08-28,USD/INR,82.2484
R002861,2025-01-10,USD/CNY,7.1419
R001547,2024-07-21,USD/CNY,7.1083
R000336,2024-02-13,USD/CAD,1.348
R000089,2024-01-12,EUR/GBP,0.8455
R000875,2024-04-24,EUR/GBP,0.8497
R002647,12/13/2024,USD/AUD,1.5144
R000544,2024-03-11,USD/CNY,
R001242,2024-06-11,EUR/GBP,0.8483
R001881,2024-09-03,USD/EUR,0.9289
R002913,2025-01-17,USD/CNY,7.1275
R002512,2024-11-25,USD/CAD,1.3574
R000320,2024-02-11,USD/INR,83.0917
R000520,2024-03-08,USD/CNY,7.2339
R002353,2024-11-04,USD/AUD,1.5304
R000879,2024-04-25,USD/INR,83.1863
R000826,2024-04-18,USD/EUR,0.9334
R001291,2024-06-18,USD/EUR,0.9236
R002836,2025-01-07,USD/CAD,1.346
R002567,2024-12-02,USD/AUD,1.5049
R000139,2024-01-19,USD/GBP,0.7863
R000164,2024-01-22,USD/INR,82.5172
R001619,2024-07-31,USD/GBP,0.7767
R002850,2025-01-09,USD/JPY,147.6994
R001792,2024-08-22,USD/CAD,1.3516
R001046,2024-05-17,USD/AUD,1.5334
R000961,2024-05-06,USD/INR,83.7347
R001751,2024-08-17,USD/GBP,0.7589
R002589,2024-12-05,USD/AUD,1.5078
R002297,2024-10-28,USD_GBP,0.7833
R001505,2024-07-16,USD/INR,83.0584
R002590,2024-12-05,EUR/GBP,0.8495
R002982,2025-01-27,USD/GBP,0.7899
R001060,2024-05-19,USD/JPY,147.9496
R002744,2024-12-25,USD/CNY,7.2201
R000656,2024-03-26,USD/CAD,1.3508
R002065,2024-09-27,USD/CAD,1.3536
R002347,2024-11-03,USD/CNY,7.1456
R000138,2024-01-19,USD/EUR,0.917
R002388,2024-11-09,USD/JPY,147.1275
R001977,2024-09-15,USD/CNY,7.2607
R001582,2024-07-26,USD/CAD,1.3655
R000698,2024-04-01,USD/GBP,0.7702
R001098,2024-05-24,USD/GBP,0.7644
R002303,10/28/2024,USD/CNY,7.1524
R002638,2024-12-12,USD/INR,83.9832
R001393,2024-07-01,USD/CAD,1.3772
R002948,2025-01-22,USD/AUD,1.4745
R001267,2024-06-14,USD/CNY,7.172
R000136,01/18/2024,eur-gbp,0.8632
R001170,2024-06-02,USD/AUD,1.533
R002136,2024-10-06,USD/JPY,147.6482
R001504,2024-07-16,USD/GBP,0.78
R001363,2024-06-27,USD/AUD,1.5218
R002426,2024-11-14,USD/INR,83.6279
R000149,2024-01-20,USD/JPY,149.2751
R000304,2024-02-09,USD/INR,83.7078
R001018,2024-05-14,USD/GBP,0.7762
R001925,2024-09-09,USD/EUR,0.9391
R001053,2024-05-18,USD/CAD,1.3567
R002755,2024-12-27,USD/JPY,148.3902
R002860,2025-01-10,EUR/GBP,0.8516
R001905,2024-09-06,USD/JPY,148.3407
R002627,2024-12-10,USD/AUD,1.5413
R000199,2024-01-26,EUR/GBP,0.8505
R001769,2024-08-19,USD/AUD,1.5219
R002241,2024-10-20,EUR/GBP,0.8509
R000405,2024-02-22,EUR/GBP,0.8462
R002681,2024-12-17,USD/CNY,7.2288
R003024,2025-02-01,USD/CAD,1.3656
R000484,2024-03-04,USD_INR,83.3693
R001183,06/04/2024,USD/INR,83.964
R001340,2024-06-24,USD/CAD,1.3523
R001281,2024-06-16,EUR_GBP,0.8511
R001032,2024-05-15,USD/CNY,7.0602
R000792,2024-04-13,USD/JPY,148.8084
R000800,2024-04-14,USD/CAD,1.3504
R001202,2024-06-06,EUR/GBP,0.8464
R000423,2024-02-25,USD/JPY,148.1303
R003005,2025-01-30,USD/EUR,0.9251
R001884,2024-09-03,USD/AUD,1.511
R002976,2025-01-26,USD/JPY,148.657
R001480,2024-07-13,USD/GBP,0.7766
R001929,2024-09-09,USD/CAD,1.3649
R002541,2024-11-29,USD/INR,82.6096
R001530,2024-07-19,USD/CAD,1.3349
R000903,2024-04-28,USD/INR,83.2239
R000686,2024-03-30,USD/AUD,1.5308
R001552,2024-07-22,USD/CAD,1.3473
R000160,2024-01-21,EUR/GBP,0.8556
R001000,2024-05-11,USD/JPY,149.3503
R002471,2024-11-20,USD/GBP,0.7884
R002846,2025-01-08,USD/CNY,7.1012
R002251,2024-10-22,USD/EUR,0.9188
R000113,2024-01-15,USD/CNY,7.1843
R003025,2025-02-01,usd-aud,1.4916
R001447,2024-07-08,EUR/GBP,0.8455
R001953,2024-09-12,EUR/GBP,0.8423
R000923,04/30/2024,EUR/GBP,0.8511
R001625,2024-07-31,USD/CNY,7.3145
R003035,2025-02-03,USD/GBP,0.7805
R001320,2024-06-21,USD/CNY,7.1666
R001664,2024-08-06,USD/EUR,0.9144
R000816,2024-04-16,USD/AUD,1.4974
R002267,2024-10-24,USD/GBP,0.7661
R001474,2024-07-12,USD/JPY,148.5218
R001774,2024-08-20,usd-inr,83.3619
R000680,2024-03-29,USD/CNY,7.2713
R002580,12/04/2024,USD/JPY,151.1116
R001094,2024-05-23,USD/AUD,1.5208
R000081,2024-01-11,USD/AUD,1.5167
R001951,2024-09-12,USD/CAD,1.3261
R001240,2024-06-11,USD/CAD,1.372
R000330,2024-02-12,EUR/GBP,0.8553
R000243,2024-02-01,USD/JPY,149.2499
R000642,2024-03-24,EUR/GBP,0.8642
R000697,2024-04-01,USD/EUR,0.923
R002258,2024-10-22,USD/CNY,7.1498
R000754,2024-04-08,USD/INR,84.0766
R000436,2024-02-27,USD/EUR,0.9207
R001564,2024-07-24,USD/GBP,0.7869
R001935,2024-09-10,USD/JPY,152.4268
R002785,2024-12-31,USD/JPY,147.7765
R001713,2024-08-12,USD/JPY,145.2736
R000552,2024-03-13,USD/EUR,0.9186
R002985,2025-01-27,USD/CAD,1.3277
R000602,2024-03-19,USD/JPY,147.1306
R001965,2024-09-14,USD/JPY,149.3251
R001014,2024-05-13,USD/AUD,1.5095
R002486,2024-11-22,USD/EUR,0.9279
R001428,2024-07-06,USD/INR,82.2821
R002013,09/20/2024,EUR/GBP,0.8435
R001387,2024-06-30,EUR/GBP,0.8611
R001296,2024-06-18,USD/AUD,1.5185
R000467,2024-03-02,USD/GBP,0.7848
R001500,2024-07-15,USD/AUD,1.529
R002594,12/06/2024,USD/INR,83.2483
R002963,2025-01-24,EUR/GBP,0.8455
R000278,2024-02-05,USD/CNY,7.1369
R001070,2024-05-20,USD/AUD,1.5253
R001549,2024-07-22,USD/GBP,0.786
R001025,2024-05-15,USD/EUR,0.9359
R001466,2024-07-11,USD/INR,83.6897
R000941,2024-05-03,USD/CAD,1.3327
R001467,2024-07-11,USD/JPY,150.9798
R001324,2024-06-22,USD/JPY,149.2225
R001400,07/02/2024,USD/CAD,1.3411
R002503,2024-11-24,USD/GBP,0.7774
R001450,2024-07-09,USD/GBP,
R000907,2024-04-28,EUR/GBP,0.8384
R002698,2024-12-20,USD/GBP,0.7698
R001896,2024-09-05,USD/INR,82.8922
R000389,2024-02-20,USD/CAD,1.3628
R002071,2024-09-28,USD/INR,84.0032
R002387,2024-11-09,USD/INR,83.0083
R002173,2024-10-11,USD/AUD,1.5151
R000881,2024-04-25,USD/CAD,1.3841
R002757,2024-12-27,USD/AUD,1.523
R000051,2024-01-07,USD/CAD,1.3544
R001888,2024-09-04,USD/GBP,0.7833
R001703,2024-08-11,USD/EUR,0.9258
R000134,2024-01-18,USD/CAD,1.3564
R001106,2024-05-25,USD/INR,82.3348
R000704,2024-04-02,USD/EUR,0.907
R000483,2024-03-04,USD/GBP,0.7675
R001146,2024-05-30,USD/CAD,1.3502
R002039,2024-09-24,USD/GBP,0.7798
R002966,2025-01-25,USD/GBP,0.778
R000067,2024-01-09,USD/AUD,1.5189
R002314,2024-10-30,USD/JPY,149.2391
R002659,2024-12-15,USD/GBP,0.7813
R000908,2024-04-28,USD/CNY,7.2336
R000032,01/05/2024,USD/GBP,0.7944
R002858,2025-01-10,USD/JPY,148.1577
R000011,2024-01-02,USD/INR,82.8144
R000065,2024-01-09,USD/JPY,149.7066
R000777,04/11/2024,USD/INR,82.595
R000078,2024-01-11,USD/GBP,0.7777
R000492,2024-03-05,USD/JPY,150.6977
R002906,2025-01-16,USD/CNY,7.2339
R002114,2024-10-03,USD_AUD,1.5048
R002782,12/31/2024,USD/EUR,0.914
R002345,2024-11-03,USD/AUD,1.4873
R000592,2024-03-18,USD/GBP,0.7763
R001286,2024-06-17,USD/JPY,146.5231
R002809,2025-01-03,EUR/GBP,0.8578
R000725,2024-04-04,USD/AUD,1.5226
R002537,2024-11-28,EUR/GBP,0.8583
R001213,2024-06-08,USD/GBP,0.7744
R002300,2024-10-28,USD/CAD,1.3297
R002732,2024-12-24,USD/JPY,151.0022
R001638,2024-08-02,USD/CAD,1.3557
R002878,2025-01-13,USD/GBP,0.7748
R002958,2025-01-24,USD/GBP,0.7782
R000983,2024-05-09,USD/INR,82.3955
R000707,2024-04-02,USD/JPY,146.5986
R001688,2024-08-09,USD/GBP,
R002639,2024-12-12,USD/CAD,1.3361
R000274,02/05/2024,USD/INR,83.2085
R001710,2024-08-11,USD/CNY,7.11
R002760,2024-12-28,USD/EUR,
R000964,2024-05-06,USD/AUD,1.5308
R002532,2024-11-28,USD/GBP,0.7728
R002877,2025-01-13,USD/EUR,0.9114
R002996,2025-01-28,usd-cny,7.1856
R002680,2024-12-17,EUR/GBP,0.8478
R002575,2024-12-03,USD/AUD,1.5598
R001453,2024-07-09,USD/CAD,1.3533
R000150,2024-01-20,USD/CAD,1.354
R001758,08/18/2024,USD/EUR,0.9288
R000219,2024-01-29,USD/JPY,147.7792
R000240,2024-02-01,USD/EUR,0.9278
R001132,2024-05-28,EUR/GBP,0.8536
R002725,2024-12-23,USD/CAD,1.3765
R002240,2024-10-20,usd-cad,1.3593
R002382,2024-11-08,USD/CAD,1.3371
R001254,2024-06-13,USD/INR,83.5112
R001054,2024-05-18,USD/AUD,1.524
R001669,2024-08-06,EUR/GBP,0.8571
R002564,2024-12-02,USD/GBP,0.782
R003001,2025-01-29,USD_CAD,1.3242
R001358,06/27/2024,USD/EUR,0.9236
R000776,2024-04-11,USD/GBP,0.7678
R002642,12/12/2024,USD/CNY,7.1643
R000840,2024-04-19,USD/CNY,7.1646
R000628,2024-03-22,USD/CNY,7.171
R000324,2024-02-12,USD/EUR,0.9392
R002737,2024-12-25,USD/EUR,0.9169
R002967,2025-01-25,USD/INR,83.4933
R001868,2024-09-01,USD/GBP,0.7888
R001161,2024-06-01,USD/JPY,144.7884
R001077,2024-05-21,USD/CAD,1.329
R000438,2024-02-27,USD/JPY,146.4505
R000120,2024-01-16,EUR/GBP,0.8564
R002666,2024-12-16,USD/EUR,0.9074
R002494,2024-11-23,USD/EUR,0.9333
R002671,2024-12-16,USD/AUD,1.5094
R001815,2024-08-25,USD/JPY,148.1012
R001840,2024-08-28,USD/AUD,1.5168
R001027,2024-05-15,USD/INR,83.2316
R000077,2024-01-11,USD/EUR,0.9208
R000901,2024-04-28,USD/EUR,0.9234
R000372,2024-02-18,USD/JPY,149.2395
R001205,2024-06-07,USD/GBP,0.7804
R002825,2025-01-06,USD/EUR,0.9195
R000942,2024-05-03,USD/AUD,1.5333
R000553,2024-03-13,USD/GBP,0.7891
R000407,2024-02-23,USD/EUR,0.9102
R002118,2024-10-04,USD/GBP,0.7722
R001614,2024-07-30,USD/CAD,1.3489
R000969,2024-05-07,USD/JPY,148.4404
R002350,2024-11-04,USD/INR,82.8738
R001747,2024-08-16,USD/AUD,1.5348
R000690,2024-03-31,USD/GBP,0.7835
R001739,2024-08-15,USD/AUD,1.5344
R000237,2024-01-31,USD/AUD,1.4892
R002895,2025-01-15,USD/INR,83.6229
R001987,2024-09-17,USD/GBP,0.7857
R001984,2024-09-16,EUR_GBP,0.8573
R000500,2024-03-06,USD/JPY,-146.4465
R000823,2024-04-17,USD/CAD,1.381
R000795,2024-04-13,EUR/GBP,0.8408
R000991,2024-05-10,USD/INR,83.3734
R000568,2024-03-15,USD_EUR,0.9107
R002436,2024-11-15,USD/AUD,1.5144
R000391,2024-02-20,EUR/GBP,0.8424
R000744,04/07/2024,USD/EUR,
R002401,2024-11-11,USD/EUR,0.9134
R001218,2024-06-08,EUR/GBP,0.8524
R000236,01/31/2024,usd-cad,1.3586
R002792,2025-01-01,USD/AUD,1.5115
R000481,2024-03-03,USD/CNY,7.1708
R002043,2024-09-24,USD/AUD,1.512
R001678,2024-08-07,USD/CNY,7.2892
R002772,2024-12-29,USD/CAD,1.3399
R002925,2025-01-19,USD/CAD,1.3512
R002615,2024-12-09,USD/GBP,0.7847
R002675,2024-12-17,USD/GBP,0.7721
R000121,2024-01-16,USD/CNY,7.2368
R001273,2024-06-15,EUR/GBP,0.8407
R000927,2024-05-01,USD/JPY,147.67
R001595,2024-07-28,USD/GBP,0.7616
R000224,01/30/2024,USD/EUR,0.9052
R000767,2024-04-09,USD/CNY,7.1775
R000614,2024-03-21,USD/EUR,0.9096
R001246,2024-06-12,USD/INR,82.1817
R001541,2024-07-21,USD/GBP,0.7798
R000053,2024-01-07,EUR/GBP,0.8442
R000530,2024-03-10,USD/GBP,0.7729
R001900,2024-09-05,EUR/GBP,0.8475
R002969,2025-01-25,USD/CAD,1.3254
R000819,2024-04-17,USD/EUR,0.9208
R000156,2024-01-21,USD/INR,82.6057
R002914,2025-01-18,USD/EUR,
R000249,2024-02-02,USD/GBP,0.7938
R000762,2024-04-09,USD/INR,83.3015
R001895,2024-09-05,USD/GBP,0.7793
R002030,2024-09-23,USD/EUR,0.9155
R001131,2024-05-28,USD/AUD,1.5249
R000543,2024-03-11,EUR/GBP,0.8545
R000794,2024-04-13,USD/AUD,1.5006
R001726,2024-08-14,USD/EUR,0.93
R000629,2024-03-23,USD/EUR,0.9205
R002199,2024-10-15,USD/EUR,0.9141
R002736,2024-12-24,USD/CNY,7.1419
R002340,2024-11-02,USD/CNY,7.1326
R002430,2024-11-14,USD/CNY,7.156
R002883,2025-01-13,EUR/GBP,0.8448
R001368,2024-06-28,USD/INR,82.4235
R001621,2024-07-31,USD/JPY,148.6682
R002820,2025-01-05,USD/INR,81.5962
R001072,05/20/2024,USD/CNY,7.2143
R000555,2024-03-13,USD/JPY,149.0013
R001829,2024-08-27,USD/INR,83.118
R000827,2024-04-18,USD/GBP,0.7923
R003040,2025-02-03,EUR/GBP,0.8482
R001985,2024-09-16,USD/CNY,7.2484
R001838,2024-08-28,usd-jpy,148.6612
R000536,2024-03-10,USD/CNY,7.1834
R002705,2024-12-21,USD/EUR,0.9223
R000155,2024-01-21,USD/GBP,0.7823
R002613,2024-12-08,USD/CNY,7.1655
R002849,01/09/2025,USD/INR,82.6942
R000323,2024-02-11,USD/CNY,7.1213
R001711,2024-08-12,USD/EUR,0.9302
R000015,2024-01-02,EUR/GBP,0.8353
R001799,2024-08-23,USD/JPY,150.0979
R002997,2025-01-29,USD/EUR,0.9224
R000083,01/12/2024,USD/EUR,0.9336
R002561,2024-12-01,EUR/GBP,0.8414
R001944,2024-09-11,USD/AUD,1.5148
R001989,2024-09-17,USD/JPY,147.5474
R001384,2024-06-30,USD/JPY,147.6005
R001575,2024-07-25,USD/CAD,1.3563
R002059,2024-09-26,EUR/GBP,0.8522
R002917,2025-01-18,USD/JPY,148.2393
R001495,2024-07-15,USD/EUR,0.9342
R000832,2024-04-18,USD/CNY,7.114
R002081,2024-09-29,USD/CAD,1.35
R001175,2024-06-03,USD/INR,82.5727
R000414,2024-02-24,USD/EUR,0.9318
R001818,2024-08-25,USD/CNY,7.1284
R000166,2024-01-22,USD/CAD,1.3556
R002611,2024-12-08,USD/AUD,1.5299
R002960,2025-01-24,USD/JPY,146.8572
R000615,2024-03-21,USD/GBP,0.7991
R001015,2024-05-13,EUR/GBP,0.8648
R002138,2024-10-06,EUR/GBP,0.8632
R002781,2024-12-30,USD/CNY,7.2428
R001238,2024-06-11,USD/INR,82.7394
R002182,2024-10-12,EUR/GBP,0.847
R000556,2024-03-13,USD/CAD,1.3444
R002369,2024-11-06,USD/CNY,7.0998
R002842,2025-01-08,USD/JPY,146.2478
R001212,2024-06-08,USD/EUR,0.9136
R002819,2025-01-05,USD/GBP,0.7831
R000635,2024-03-23,USD/CNY,7.1073
R001056,2024-05-18,USD/CNY,7.1318
R002341,2024-11-03,USD/EUR,0.9264
R001709,08/11/2024,EUR/GBP,0.8489
R000797,2024-04-14,USD/EUR,0.9196
R002795,2025-01-02,USD/EUR,0.9197
R000175,2024-01-23,USD/AUD,1.5242
R000246,2024-02-01,EUR/GBP,0.8472
R001081,2024-05-22,USD/EUR,0.9168
R001655,2024-08-04,USD/CNY,7.2043
R003000,2025-01-29,USD/JPY,148.2694
R000145,01/19/2024,USD/CNY,7.1987
R000146,2024-01-20,USD/EUR,0.9272
R000091,2024-01-13,USD/EUR,0.9209
R000683,2024-03-30,USD/INR,82.7636
R000311,2024-02-10,USD/GBP,0.7783
R000094,2024-01-13,USD/JPY,148.0134
R002867,2025-01-11,USD/AUD,1.5073
R001957,2024-09-13,USD/JPY,145.3285
R000925,2024-05-01,USD/EUR,0.931
R002778,2024-12-30,USD/JPY,148.1414
R001910,2024-09-07,usd-eur,0.9213
R001036,2024-05-16,USD/JPY,150.8374
R001401,2024-07-02,USD/AUD,1.5041
R002292,2024-10-27,USD/CAD,1.3632
R001501,2024-07-15,EUR/GBP,
R002263,2024-10-23,USD/AUD,1.5388
R001469,2024-07-11,EUR/GBP,0.8398
R000999,2024-05-11,USD/INR,82.7248
R000854,2024-04-21,USD/AUD,1.5381
R002474,2024-11-20,USD/CAD,1.3314
R002205,10/15/2024,EUR/GBP,0.8419
R001143,2024-05-30,USD/GBP,0.7788
R001144,2024-05-30,USD/INR,83.3045
R002275,2024-10-25,USD/GBP,0.7715
R002049,2024-09-25,USD/CAD,1.3456
R000402,2024-02-22,USD/JPY,147.6099
R001104,2024-05-24,USD/CNY,7.17
R000085,2024-01-12,USD/INR,
R002211,2024-10-16,USD/AUD,1.501
R002920,2025-01-18,EUR/GBP,0.861
R000115,2024-01-16,USD/GBP,0.7785
R002643,2024-12-13,USD/EUR,0.9122
R001586,2024-07-27,USD/EUR,0.9264
R001568,2024-07-24,USD/AUD,1.5278
R001502,2024-07-15,USD/CNY,7.1404
R001661,2024-08-05,USD/AUD,1.54
R001557,2024-07-23,USD/GBP,0.7871
R002008,2024-09-20,USD/EUR,0.9125
R000626,2024-03-22,USD/AUD,1.5122
R001886,2024-09-03,USD/CNY,7.2001
R001867,2024-09-01,USD/EUR,0.9295
R000953,2024-05-05,USD/GBP,0.7702
R002307,2024-10-29,USD/JPY,149.401
R000625,2024-03-22,USD/CAD,1.3715
R000235,2024-01-31,USD/JPY,151.6838
R002184,2024-10-13,USD/EUR,0.9326
R002035,09/23/2024,USD/AUD,1.5361
R001827,2024-08-27,USD/EUR,0.91
R002875,2025-01-12,USD/AUD,1.5195
R002641,12/12/2024,EUR/GBP,0.8654
R001315,2024-06-21,USD/INR,83.2086
R001526,2024-07-19,USD/EUR,0.93
R001563,2024-07-24,USD/EUR,0.8977
R001753,2024-08-17,USD/JPY,147.5287
R001606,2024-07-29,USD/CAD,1.3371
R000344,2024-02-14,EUR/GBP,0.8457
R003012,2025-01-31,USD/EUR,0.9322
R002342,2024-11-03,USD/GBP,0.7833
R002413,2024-11-12,USD/AUD,1.5029
R002227,2024-10-18,USD/CNY,7.2819
R000997,2024-05-11,USD/EUR,0.9365
R002063,2024-09-27,USD/INR,83.5249
R001111,2024-05-25,USD/CNY,7.1663
R002214,2024-10-17,USD/EUR,0.9158
R001360,2024-06-27,USD/INR,83.3526
R002108,2024-10-02,USD/CNY,7.2258
R000710,2024-04-02,EUR/GBP,0.8644
R001879,2024-09-02,EUR/GBP,0.8357
R001379,2024-06-29,USD/AUD,1.5108
R000425,2024-02-25,USD/AUD,1.5298
R000293,2024-02-07,USD/CNY,7.1377
R001066,2024-05-20,USD/GBP,0.7713
R002378,2024-11-08,USD/EUR,0.9078
R001639,2024-08-02,USD/AUD,1.5514
R002478,2024-11-21,USD/EUR,0.9334
R001013,2024-05-13,USD/JPY,151.5818
R002128,2024-10-05,USD/JPY,150.1548
R001718,2024-08-13,USD/EUR,0.9218
R000938,2024-05-03,USD/EUR,0.9265
R000835,2024-04-19,USD/INR,83.1711
R000255,2024-02-02,USD/CNY,7.0709
R001483,2024-07-13,USD/CAD,1.3733
R003009,2025-01-30,USD/CAD,1.3646
R001408,2024-07-03,USD/CAD,1.3703
R002942,2025-01-21,EUR/GBP,0.846
R002185,2024-10-13,USD/GBP,0.7627
R000724,2024-04-04,USD/CAD,1.36
R000970,2024-05-07,USD/CAD,1.3307
R000497,2024-03-06,USD/EUR,0.9105
R000951,2024-05-04,USD/CNY,7.1627
R000806,2024-04-15,USD/INR,82.9428
R001830,2024-08-27,USD/JPY,148.528
R002178,2024-10-12,USD/INR,-83.3537
R001740,08/15/2024,EUR/GBP,0.8645
R000338,2024-02-13,USD/CNY,7.1569
R000731,2024-04-05,USD/JPY,148.7908
R000609,03/20/2024,USD/JPY,145.8586
R001149,2024-05-30,USD/CNY,7.2945
R002244,2024-10-21,USD/GBP,0.7678
R001714,2024-08-12,USD/CAD,1.3614
R003022,2025-02-01,USD/INR,82.8146
R000910,2024-04-29,USD/GBP,0.7969
R002633,2024-12-11,USD/AUD,1.523
R002152,2024-10-08,EUR/GBP,0.8641
R002011,2024-09-20,USD/CAD,1.3283
R002492,2024-11-22,EUR/GBP,0.8441
R001811,2024-08-24,USD/CNY,7.1453
R001995,2024-09-18,USD/JPY,149.0219
R000720,2024-04-04,USD/EUR,0.9195
R001570,2024-07-24,USD/CNY,7.142
R002276,2024-10-25,USD/INR,82.2966
R000435,2024-02-26,USD/CNY,7.2879
R001300,06/19/2024,USD/INR,83.4677
R002175,2024-10-11,USD/CNY,7.12
R000406,2024-02-22,USD/CNY,7.2247
R000822,2024-04-17,USD/JPY,150.5929
R001790,2024-08-22,USD/INR,84.3153
R002944,2025-01-22,USD/GBP,0.7785
R002352,2024-11-04,USD/CAD,1.3583
R002316,2024-10-30,USD/AUD,1.5264
R001859,2024-08-31,USD/EUR,0.9227
R001558,2024-07-23,USD/INR,82.5318
R000546,2024-03-12,USD/GBP,0.7738
R000213,2024-01-28,USD/AUD,1.5345
R000897,2024-04-27,USD/CAD,1.3477
R001942,2024-09-11,USD/INR,82.8741
R001892,2024-09-04,USD/AUD,1.5201
R000917,2024-04-30,USD/EUR,0.9256
R002724,2024-12-23,USD/JPY,150.7003
R001290,2024-06-17,USD/CNY,7.0254
R000815,2024-04-16,usd-cad,1.3639
R001266,2024-06-14,EUR/GBP,0.838
R000343,2024-02-14,USD/AUD,1.5237
R002598,2024-12-07,USD/EUR,0.9219
R001411,2024-07-03,USD/CNY,7.2754
R001215,2024-06-08,USD/JPY,148.062
R000967,2024-05-07,USD/EUR,0.9138
R001231,2024-06-10,USD/JPY,147.6721
R002344,2024-11-03,USD/JPY,147.7188
R000696,2024-03-31,USD/CNY,7.1578
R002122,2024-10-04,USD/AUD,1.5319
R000606,2024-03-20,USD/EUR,0.9373
R000105,01/14/2024,USD/CNY,7.1684
R000646,2024-03-25,USD/INR,82.9731
R001405,2024-07-03,USD/GBP,0.7878
R000495,2024-03-05,EUR/GBP,0.8629
R002488,2024-11-22,USD/INR,83.1622
R001020,2024-05-14,USD/JPY,149.1299
R000092,2024-01-13,USD/GBP,0.7876
R001113,2024-05-26,USD/GBP,0.7868
R000909,2024-04-29,USD/EUR,0.9259
R001475,2024-07-12,USD/CAD,1.3394
R001742,08/16/2024,USD/EUR,0.9184
R002151,2024-10-08,USD/AUD,1.5173
R000239,2024-01-31,USD/CNY,7.1325
R000943,05/03/2024,EUR/GBP,0.8555
R001271,2024-06-15,USD/JPY,150.1206
R000939,2024-05-03,usd-gbp,0.7819
R001425,2024-07-05,usd-cny,7.105
R001863,2024-08-31,USD/CAD,1.3607
R001670,2024-08-06,USD/CNY,7.2193
R000006,2024-01-01,USD/AUD,1.5164
R000248,02/02/2024,USD/EUR,0.914
R000019,2024-01-03,USD/INR,82.4445
R002170,10/11/2024,USD/INR,83.588
R001971,2024-09-15,USD/GBP,0.7846
R002710,2024-12-21,USD/AUD,1.5438
R002233,2024-10-19,USD/AUD,1.4901
R002323,2024-10-31,USD/CAD,1.3562
R002482,2024-11-21,USD/CAD,1.3732
R000812,2024-04-16,USD/GBP,0.7766
R001301,2024-06-19,USD/JPY,147.5079
R001336,2024-06-24,USD/EUR,0.9169
R002930,2025-01-20,USD/GBP,0.7877
R000261,2024-02-03,USD/AUD,1.5059
R001805,2024-08-24,USD/GBP,0.7659
R001571,2024-07-25,USD/EUR,0.9273
R002230,2024-10-19,USD/INR,84.0383
R000185,2024-01-24,USD/CNY,7.164
R002455,2024-11-18,USD/EUR,0.9263
R001744,2024-08-16,USD/INR,84.1667
R001631,2024-08-01,USD/AUD,1.5274
R001717,08/12/2024,USD/CNY,7.2038
R000521,2024-03-09,USD/EUR,0.9046
R002429,2024-11-14,EUR/GBP,0.8596
R002017,2024-09-21,USD/INR,82.9799
R001659,2024-08-05,USD/JPY,147.0053
R001613,2024-07-30,USD/JPY,149.8114
R002476,2024-11-20,EUR/GBP,0.8561
R002127,2024-10-05,USD/INR,82.2176
R003019,2025-01-31,USD/CNY,7.1476
R000608,2024-03-20,USD/INR,82.1644
R000231,2024-01-30,USD/CNY,7.1276
R000332,2024-02-13,USD/EUR,0.9117
R001441,2024-07-08,USD/EUR,0.9261
R001928,09/09/2024,USD/JPY,148.0753
R001092,2024-05-23,USD/JPY,148.4447
R001102,2024-05-24,USD/AUD,1.476
R001130,2024-05-28,USD/CAD,1.3544
R000462,2024-03-01,USD/JPY,148.5524
R000959,2024-05-05,USD/CNY,7.2209
R001663,2024-08-05,USD/CNY,
R000560,2024-03-14,USD_EUR,0.9161
R002739,12/25/2024,USD/INR,84.4931
R002839,2025-01-07,USD/CNY,7.3393
R001520,2024-07-18,usd-inr,84.7426
R002141,2024-10-07,USD/GBP,0.7813
R002929,2025-01-20,USD/EUR,0.9345
R002033,2024-09-23,USD/JPY,149.2074
R002485,2024-11-21,USD/CNY,7.1405
R002539,2024-11-29,USD/EUR,0.9085
R003036,2025-02-03,USD/INR,83.5718
R002098,2024-10-01,USD/AUD,1.5037
R002870,2025-01-12,USD/EUR,0.9313
R000070,2024-01-10,USD/EUR,0.9141
R001573,07/25/2024,USD/INR,83.4442
R000809,2024-04-15,USD/AUD,1.5391
R000012,2024-01-02,USD/JPY,147.8084
R002026,2024-09-22,USD/CAD,1.3525
R002193,2024-10-14,USD/INR,84.8842
R000918,2024-04-30,USD/GBP,0.7815
R001452,2024-07-09,USD/JPY,151.0278
R002688,2024-12-18,USD/CNY,7.0697
R000177,2024-01-23,USD/CNY,7.1809
R000995,2024-05-10,EUR/GBP,0.8415
R002489,2024-11-22,USD/JPY,148.5377
R002570,2024-12-03,USD/EUR,0.9178
R001256,2024-06-13,USD/CAD,1.3337
R001665,2024-08-06,USD/GBP,0.7901
R002192,2024-10-14,USD/GBP,0.7836
R002802,2025-01-02,USD/CNY,7.3734
R002568,2024-12-02,EUR/GBP,0.8555
R003039,2025-02-03,USD/AUD,1.5054
R001791,2024-08-22,USD/JPY,145.7154
R002477,2024-11-20,USD/CNY,7.1634
R002661,2024-12-15,USD/JPY,146.7542
R000157,2024-01-21,USD/JPY,151.2707
R002588,2024-12-05,USD/CAD,1.3473
R001461,2024-07-10,USD/AUD,1.5179
R002047,2024-09-25,USD/GBP,0.78
R001851,2024-08-30,USD/EUR,0.9141
R002510,2024-11-25,USD/GBP,0.7697
R002625,2024-12-10,USD/JPY,149.1085
R002304,2024-10-29,USD/EUR,0.9223
R002006,2024-09-19,EUR/GBP,0.8518
R001186,2024-06-04,EUR/GBP,0.858
R001007,2024-05-12,USD/CAD,1.3621
R000561,2024-03-14,USD/GBP,0.7823
R002257,2024-10-22,EUR/GBP,0.8575
R000911,2024-04-29,USD/INR,82.9439
R001312,2024-06-20,USD/CNY,7.2387
R002050,2024-09-25,USD/AUD,1.5224
R000270,2024-02-04,EUR/GBP,0.8511
R001994,2024-09-18,USD/INR,83.7893
R000266,2024-02-04,USD/INR,82.1618
R000915,2024-04-29,EUR/GBP,0.8492
R002279,2024-10-25,USD/AUD,1.5301
R002232,2024-10-19,USD/CAD,1.3607
R003018,2025-01-31,EUR/GBP,0.8259
R000874,2024-04-24,USD/AUD,1.5089
R002094,2024-10-01,USD/GBP,0.7711
R002447,11/17/2024,USD/EUR,0.9227
R000476,2024-03-03,USD/INR,82.9928
R001653,2024-08-04,USD/AUD,1.523
R001961,2024-09-13,USD/CNY,7.1761
R000046,2024-01-06,USD/CNY,7.1283
R000162,2024-01-22,USD/EUR,0.9272
R002776,2024-12-30,USD/GBP,0.7778
R002678,2024-12-17,USD/CAD,1.3289
R000289,2024-02-07,USD/JPY,148.9173
R003006,2025-01-30,USD/GBP,0.7696
R001949,2024-09-12,USD/INR,
R000576,03/16/2024,USD/EUR,0.8997
R000851,2024-04-21,USD/INR,82.6815
R000912,2024-04-29,USD/JPY,148.8254
R001255,2024-06-13,USD/JPY,150.3231
R001834,2024-08-27,USD/CNY,7.2006
R001723,2024-08-13,USD/AUD,1.5312
R002134,2024-10-06,USD/GBP,0.7846
R001736,2024-08-15,USD/INR,81.8552
R000933,2024-05-02,USD/INR,81.9953
R001101,2024-05-24,USD/CAD,1.3635
R001208,2024-06-07,USD/CAD,1.3411
R002296,2024-10-28,USD/EUR,0.9248
R001844,2024-08-29,USD/GBP,0.7807
R001849,2024-08-29,EUR/GBP,0.8582
R002525,2024-11-27,USD/INR,83.9669
R001695,2024-08-10,USD/EUR,0.9212
R000086,2024-01-12,USD/JPY,147.7549
R000470,2024-03-02,USD/CAD,1.3422
R002274,2024-10-25,USD/EUR,0.9203
R002823,2025-01-05,EUR/GBP,0.8496
R002380,2024-11-08,USD/INR,83.4166
R000234,01/31/2024,USD/INR,82.6579
R002637,2024-12-12,USD/GBP,0.7815
R002524,2024-11-27,USD/EUR,0.9171
R003003,2025-01-29,EUR/GBP,0.8465
R002648,2024-12-13,EUR/GBP,0.8381
R002470,2024-11-20,USD/EUR,0.9181
R001712,2024-08-12,USD/INR,83.0998
R000183,2024-01-24,USD/AUD,1.5037
R000989,2024-05-10,USD/EUR,0.918
R001001,2024-05-11,USD/CAD,1.3689
R001642,2024-08-03,USD/EUR,0.933
R001357,2024-06-26,USD/CNY,7.1408
R001463,2024-07-10,USD/CNY,7.165
R000050,2024-01-07,USD/JPY,145.8819
R002935,2025-01-20,EUR/GBP,0.8574
R002578,2024-12-04,USD/EUR,0.9292
R001259,2024-06-13,USD/CNY,7.1294
R000487,2024-03-04,USD/AUD,1.5102
R003004,2025-01-29,USD/CNY,7.3155
R002546,2024-11-29,USD/CNY,7.2111
R001909,2024-09-06,USD/CNY,7.0943
R000107,2024-01-15,USD/GBP,0.7947
R000444,2024-02-28,USD/GBP,0.7793
R001955,2024-09-13,USD/EUR,0.9145
R000647,2024-03-25,USD/JPY,144.4951
R001763,2024-08-18,USD/AUD,1.5211
R000727,2024-04-04,USD/CNY,7.1813
R002239,2024-10-20,USD/JPY,147.8956
R001857,2024-08-30,EUR/GBP,0.8618
R002331,2024-11-01,USD/AUD,1.5155
R000030,2024-01-04,USD/CNY,7.1591
R000170,2024-01-23,USD/EUR,0.9131
R001002,2024-05-11,USD/AUD,1.5341
R002149,2024-10-08,USD/JPY,148.3467
R000198,2024-01-26,USD/CAD,1.3521
R000496,2024-03-05,USD/CNY,7.2187
R002027,2024-09-22,USD/AUD,1.5474
R000648,2024-03-25,USD/CAD,1.3493
R000045,2024-01-06,EUR/GBP,0.8374
R002759,2024-12-27,USD/CNY,7.0988
R000374,2024-02-18,USD/AUD,1.5346
R000679,2024-03-29,EUR/GBP,0.858
R000567,2024-03-14,USD/CNY,7.0337
R002896,01/15/2025,USD/JPY,154.3305
R000461,2024-03-01,USD/INR,84.8347
R001933,2024-09-10,USD/GBP,0.7764
R001156,2024-05-31,EUR/GBP,0.8586
R000040,2024-01-06,USD/GBP,0.7815
R002483,2024-11-21,USD/AUD,1.5503
R000974,2024-05-08,USD/EUR,0.914
R001787,2024-08-21,USD/CNY,7.1578
R001499,2024-07-15,USD/CAD,1.3638
R002505,2024-11-24,USD/JPY,146.8886
R001836,2024-08-28,USD/GBP,
R002309,2024-10-29,USD/AUD,1.5281
R001841,2024-08-28,EUR/GBP,0.8489
R002084,2024-09-29,USD/CNY,7.0151
R000828,2024-04-18,USD/INR,82.765
R001936,2024-09-10,USD/CAD,1.3297
R002045,2024-09-24,USD/CNY,7.121
R000310,02/10/2024,USD/EUR,0.9181
R000277,2024-02-05,USD/AUD,1.523
R000637,03/24/2024,USD/GBP,0.7864
R000655,03/26/2024,USD/JPY,152.3214
R000623,2024-03-22,USD_INR,84.7658
R001860,2024-08-31,USD/GBP,0.782
R000845,2024-04-20,USD/CAD,1.3522
R000394,2024-02-21,USD/INR,84.7238
R002156,2024-10-09,USD/INR,82.6872
R000350,2024-02-15,USD/CAD,1.3471
R002573,2024-12-03,USD/JPY,148.055
R000785,2024-04-12,USD/INR,83.6657
R000048,2024-01-07,USD/GBP,0.7882
R001979,2024-09-16,USD/GBP,0.774
R002252,2024-10-22,USD/GBP,0.7918
R001656,2024-08-05,USD/EUR,0.9173
R002070,2024-09-28,USD/GBP,0.7872
R000403,2024-02-22,USD/CAD,1.3501
R001108,2024-05-25,USD/CAD,1.3358
R001155,2024-05-31,USD/AUD,1.545
R001440,2024-07-07,USD/CNY,7.2328
R003029,2025-02-02,USD/INR,82.7758
R002002,2024-09-19,USD/INR,83.0798
R000990,2024-05-10,USD/GBP,0.7802
R001866,2024-08-31,USD/CNY,7.0606
R002790,2025-01-01,USD/INR,83.3509
R001311,2024-06-20,EUR/GBP,0.8498
R000034,2024-01-05,USD/JPY,146.9293
R000788,2024-04-12,USD/CNY,7.213
R002972,2025-01-25,USD/CNY,7.1751
R001044,2024-05-17,USD/JPY,148.4428
R000482,03/04/2024,USD/EUR,0.9112
R001244,2024-06-12,USD/EUR,0.9107
R002628,2024-12-10,EUR/GBP,0.8559
R002530,2024-11-27,USD/CNY,7.0988
R000932,2024-05-02,USD/EUR,0.9373
R002405,2024-11-11,USD/AUD,1.5454
R001686,08/08/2024,USD/CNY,7.2653
R001249,2024-06-12,USD/AUD,1.5236
R000760,2024-04-09,USD/EUR,0.9264
R000093,2024-01-13,USD/INR,82.6159
R001176,2024-06-03,USD/JPY,148.0832
R001416,07/04/2024,USD/AUD,1.5341
R001342,2024-06-24,USD/CNY,7.1802
R001473,2024-07-12,USD/INR,
R002852,2025-01-09,USD/AUD,1.5327
R002794,2025-01-01,USD/CNY,7.1135
R002328,2024-11-01,USD/INR,82.8779
R001608,2024-07-29,EUR/GBP,0.8638
R000765,2024-04-09,USD/AUD,1.5375
R002653,2024-12-14,usd-jpy,149.2585
R003027,2025-02-01,USD/CNY,7.1937
R001374,2024-06-29,USD/EUR,0.9052
R001952,2024-09-12,USD/AUD,1.5392
R002449,2024-11-17,USD/INR,82.5479
R001729,2024-08-14,usd-jpy,149.0454
R000258,2024-02-03,USD/INR,82.6112
R000945,2024-05-04,USD/EUR,0.937
R001220,2024-06-09,USD/EUR,0.9397
R001162,2024-06-01,USD/CAD,1.3809
R002543,2024-11-29,USD/CAD,1.3471
R000773,2024-04-10,EUR/GBP,0.8554
R002599,2024-12-07,USD/GBP,0.7894
R001487,2024-07-14,USD/EUR,0.907
R002250,2024-10-21,USD/CNY,7.2462
R000313,2024-02-10,USD/JPY,149.7257
R000291,2024-02-07,USD/AUD,1.5168
R000764,2024-04-09,USD/CAD,1.3487
R002998,2025-01-29,USD/GBP,0.7703
R000184,2024-01-24,EUR/GBP,0.8541
R001177,2024-06-03,USD/CAD,1.3271
R001350,2024-06-25,USD/CNY,7.1639
R002299,2024-10-28,USD/JPY,149.4659
R002872,2025-01-12,usd-inr,83.5814
R001100,05/24/2024,USD/JPY,149.0145
R002989,2025-01-28,USD/EUR,
R000392,2024-02-20,USD/CNY,7.2153
R001920,2024-09-08,USD/JPY,147.7989
R001457,2024-07-10,USD/EUR,0.9269
R001093,2024-05-23,USD/CAD,1.3598
R002023,2024-09-22,USD/EUR,0.9325
R000905,2024-04-28,USD/CAD,1.3526
R002779,2024-12-30,USD/AUD,1.5191
R002603,12/07/2024,USD/AUD,1.5103
R000367,2024-02-17,EUR/GBP,0.8519
R000346,2024-02-15,USD/EUR,0.9221
R002584,2024-12-04,USD/CNY,7.2679
R001373,2024-06-28,USD/CNY,
R001640,2024-08-02,EUR/GBP,0.8409
R000920,04/30/2024,USD/JPY,148.7882
R000212,2024-01-28,USD/CAD,1.3653
R001604,2024-07-29,USD/INR,82.5351
R002551,11/30/2024,USD/CAD,1.3286
R000538,2024-03-11,USD/GBP,0.777
R001221,06/09/2024,USD/GBP,0.7707
R000176,2024-01-23,EUR/GBP,0.857
