payment_id,rate_id,sender_country,receiver_country,amount_sent,fee_charged
P000001,R001557,China,Canada,778.19,
P000002,R001092,Brazil,Germany,535.69,10.05
P000003,R002316,Canada,Australia,354.15,5.34
P000004,R003035,United States,India,995.56,20.21
P000005,R002402,France,France,1020.06,14.62
P000006,R001819,Germany,India,417.71,5.79
P000007,R001655,India,UAE,498.3,7.64
P000008,R001304,China,Mexico,2116.13,14.29
P000009,R001299,Brazil,Brazil,2408.11,35.84
P000010,R002156,Japan,India,456.21,11.72
P000011,R001922,Mexico,Germany,468.9,2.84
P000012,R002870,Canada,United Kingdom,200.36,5.41
P000013,R001706,Canada,Canada,496.58,9.4
P000014,R000612,China,Canada,,15.71
P000015,R001613,France,France,137.5,3.98
P000016,R002504,Brazil,China,947.24,26.86
P000017,R002186,Mexico,Japan,514.95,14.37
P000018,R001592,Mexico,Germany,2618.64,39.49
P000019,R000013,Australia,France,2777.92,66.14
P000020,R001478,Germany,United Kingdom,4865.16,76.44
P000021,R002433,Japan,UAE,944.77,22.0
P000022,R001852,United States ,France,493.44,12.74
P000023,R002446,France,U.K.,874.83,16.19
P000024,R001415,UAE,Japan,527.35,7.63
P000025,R001327,United States,India,2131.57,59.42
P000026,R002587,India,Canada,1280.08,21.89
P000027,R000824,United States,Mexico,414.36,7.4
P000028,R002951,France,France,1303.68,17.12
P000029,R001028,Canada,UAE,113.91,0.68
P000030,R000784,Canada,Canada,3003.8,40.99
P000031,R001607,India,Mexico,332.9,7.25
P000032,R000194,Canada,United States,2557.2,29.79
P000033,R001371,Brazil,Germany,413.91,12.32
P000034,R001189,India,United Kingdom,715.82,15.38
P000035,R944555,Japan,United States,475.15,10.55
P000036,R001928,United Kingdom,France,1036.39,10.95
P000037,R000908,Mexico,UAE,210.22,2.67
P000038,R001421,Australia,Japan,70.24,0.63
P000039,R000285,Brazil,Australia,2348.0,
P000040,R000868,UAE,Canada,2969.36,81.51
P000041,R002194,India,United Kingdom,413.23,2.94
P000042,R000736,Brazil,United States,287.01,1.55
P000043,R000179,China,Germany,531.26,11.44
P000044,R001060,Japan,Canada,214.29,2.32
P000045,R000957,United Arab Emirates,India,938.57,5.25
P000046,R002807,China,Brazil,457.76,12.23
P000047,R002580,United States,Mexico,400.51,11.28
P000048,R001373,Japan,Australia,367.27,2.2
P000049,R002500,United States,India,598.11,11.57
P000050,R002609,Brazil,Germany,464.63,9.1
P000051,R002976,Brazil,Mexico,613.07,3.24
P000052,R001802,India,Mexico,338.1,2.03
P000053,R000009,India,UAE,1816.37,35.8
P000054,R001521,Germany,China,938.6,17.46
P000055,R001718,Canada,UAE,617.47,7.34
P000056,R002758,China,France,239.97,6.62
P000057,R000729,UAE,Japan,1693.29,24.33
P000058,R000808,Mexico,Canada,354.17,5.54
P000059,R001986,Mexico,UAE,713.32,18.41
P000060,R002071,Japan,United States,368.41,3.92
P000061,R001675,Brazil,Mexico,1280.54,32.57
P000062,R000503,Germany,Japan,91.34,2.44
P000063,R000149,China,Germany,361.4,2.56
P000064,R001597,India,Australia,1309.45,8.23
P000065,R002855,India,France,306.42,5.31
P000066,R003036,Japan,China,96.34,1.43
P000067,R000560,Germany,UAE,338.5,6.18
P000068,R001496,Germany,Brazil,855.91,21.51
P000069,R002061,Germany,United States,203.15,4.88
P000070,R000243,Mexico,Canada,560.06,6.56
P000071,R001225,Germany,UAE,561.34,7.87
P000072,R001661,Mexico,India,3634.01,23.32
P000073,R000593,United Kingdom,Japan,280.04,1.64
P000074,R001303,Mexico,Germany,3190.06,31.38
P000075,R002201,Germany,Brazil,281.6,5.92
P000076,R002311,Australia,United States,1122.59,30.75
P000077,R001573,UAE,Australia,480.3,5.97
P000078,R000969,UAE, United Kingdom,416.07,4.58
P000079,R001131,UAE,UAE,159.47,3.48
P000080,R002863,Germany,Mexico,1114.9,28.55
P000081,R002866,Australia,Australia,1759.87,26.27
P000082,R001689,Brazil,Brazil,1076.84,15.09
P000083,R002702,IN,United States,331.67,7.22
P000084,R000168,United States,Canada,456.37,13.61
P000085,R001352,United States,Mexico,541.14,4.82
P000086,R002685,UAE,United Kingdom,1218.31,
P000087,R000374,Brazil,Mexico,2029.27,54.09
P000088,R000778,United States,Germany,502.57,10.3
P000089,R000755,Canada,China,107.13,1.64
P000090,R001203,Germany,United States,106.05,2.03
P000091,R001916,Japan,United States,303.54,7.97
P000092,R002553,France,United States,1682.52,31.81
P000093,R002910,Australia,Australia,1144.62,-28.03
P000094,R000685,France,China,1291.36,14.63
P000095,R002953,India,Brazil,322.39,
P000096,R001364,United States,U.K.,422.8,9.26
P000097,R001144,Japan,Canada,1627.37,32.31
P000098,R000216,Japan,Mexico,3372.01,65.36
P000099,R000178,India,France,1664.56,26.18
P000100,R002585,Japan,Australia,0,17.75
P000101,R001313,China,United Kingdom,309.25,6.9
P000102,R001796,United Kingdom,France,1234.76,29.24
P000103,R002576,United States,China,178.35,1.87
P000104,R001875,India,United Arab Emirates,1944.75,11.91
P000105,R000849,Australia,Japan,920.98,21.51
P000106,R002783,United Kingdom,France,499.61,14.1
P000107,R002416,Germany,Australia,80.25,1.07
P000108,,Mexico,Australia,484.56,3.41
P000109,R001159,Japan,Australia,650.29,7.46
P000110,R002375,United Kingdom,Canada,717.57,11.24
P000111,R000233,Mexico,Australia,506.39,9.47
P000112,R001082,Australia,Australia,385.35,8.32
P000113,R001752,China,Germany,278.59,8.12
P000114,R002981,United States,Australia,3368.4,58.97
P000115,R001495,Mexico,United States,4680.41,31.52
P000116,R000343,Japan,United Kingdom,809.41,10.95
P000117,R000433,China,China,299.52,8.37
P000118,R001712,Brazil,UAE,0,5.23
P000119,R000856,Canada,India,502.92,6.2
P000120,R000054,Australia,Mexico,4454.01,122.51
P000121,R000417,Germany,Japan,849.65,21.08
P000122,R001345,Mexico,China,2169.46,62.15
P000123,R001348,India,France,2123.24,26.32
P000124,R003017,Germany,India,1277.48,26.63
P000125,R000887,Brazil,Mexico,213.22,4.23
P000126,R000236,Japan,US,2132.46,40.33
P000127,R001811,India ,United States,191.41,2.6
P000128,R002988,Australia,United States,311.01,4.68
P000129,R001995,Brazil,France,886.37,20.58
P000130,R001719,Germany,Canada,455.98,2.28
P000131,R000150,China,Mexico,877.19,20.0
P000132,R001637,United States,China,181.72,0.97
P000133,R000435,China,United States,311.73,5.77
P000134,R001024,France,China,1222.2,8.71
P000135,R001042,China,China,10572.16,197.93
P000136,R000222,Canada,Japan,2746.93,40.43
P000137,R001764,France,China,135.8,1.49
P000138,R002329,India,Australia,501.25,3.72
P000139,R003012,Brazil,United Kingdom,358.14,3.37
P000140,R002706,India,Australia,644.51,11.79
P000141,R000165,Mexico,Brazil,875.45,23.5
P000142,R001034,United States,Germany,379.2,4.79
P000143,R001450,Australia,United Kingdom,1834.72,27.64
P000144,R001542,Japan,France,2221.54,28.62
P000145,R001644,Canada,UAE,2083.6,17.36
P000146,R001714,Brazil,Brazil,265.89,5.17
P000147,R000553,Australia,UAE,922.07,20.59
P000148,R002045,France,Mexico,1873.8,50.26
P000149,R001309,United Kingdom,India,1509.79,26.42
P000150,R002187,Mexico,Germany,1401.12,13.54
P000151,R000366,United States,Mexico,2805.8,15.83
P000152,R002535,China,UAE,420.08,8.58
P000153,R000722,Australia,Japan,116.97,3.07
P000154,R002666,Mexico,United Kingdom,494.7,14.39
P000155,R001039,United Kingdom,UAE,523.14,4.03
P000156,R002684,Germany,UAE,8558.55,158.63
P000157,R001426,Canada,India,349.96,2.5
P000158,R001988,Australia,Canada,2165.68,23.48
P000159,R000877,France,France,6492.49,135.98
P000160,R001915,Canada,Brazil,4773.64,53.98
P000161,R003013,Mexico,Australia,652.32,8.28
P000162,R002994,U.A.E.,India,1535.07,38.76
P000163,R000469,China,China,844.57,16.54
P000164,R000298,China,India,298.22,6.27
P000165,R001442,Germany,Canada,2607.52,43.43
P000166,R002133,China,Australia,1210.44,22.89
P000167,R002822,UAE,Australia,265.01,3.7
P000168,R002150,Australia,Mexico,457.52,11.06
P000169,R001603,Mexico,France,569.32,12.84
P000170,R000329,Mexico,India,2261.33,33.69
P000171,R002419,Canada,Germany,205.44,4.91
P000172,R002120,United Kingdom,Australia,69.67,1.98
P000173,R002916,China,Australia,204.7,2.31
P000174,R002935,Brazil,IN,827.18,24.18
P000175,R000225,United States ,France,249.93,3.61
P000176,R002922,India ,Australia,554.8,9.79
P000177,R000136,Mexico,Australia,405.71,3.67
P000178,R002608,France,IN,84.36,1.27
P000179,R000617,Canada,China,334.96,2.64
P000180,R001199,Canada,Germany,537.36,7.89
P000181,R000178,India,Canada,1737.07,37.33
P000182,R000597,Brazil,India,4879.67,31.89
P000183,R000797,Canada,Mexico,305.12,7.73
P000184,R000561,Brazil,Australia,790.39,22.81
P000185,R002024,India,Japan,1108.61,9.74
P000186,R002409,France,Australia,7666.25,149.82
P000187,R001883,U.K.,UAE,386.73,5.82
P000188,R002585,China,China,289.06,4.28
P000189,R970366,United States ,China,463.32,4.2
P000190,R001018,India,United Kingdom,287.04,1.86
P000191,R001522,France,Japan,1308.24,24.61
P000192,R000090,Brazil,Australia,1800.59,34.98
P000193,R000940,Germany,China,858.34,11.71
P000194,R002196,Germany,Australia,800.2,5.59
P000195,R002466,United States,Canada,2672.4,51.17
P000196,R000384,China,India,542.24,6.73
P000197,R000154,Canada,France,1486.11,12.76
P000198,R000980,United States,Australia,532.89,10.6
P000199,R000200,Canada,UAE,210.74,1.48
P000200,R001828,India,Japan,2213.83,15.51
P000201,R001342,Japan,Brazil,913.38,15.46
P000202,R002753,Japan,Australia,1988.55,48.89
P000203,R002920,Brazil,UAE,1026.08,12.24
P000204,R002417,Australia,Brazil,1163.95,6.99
P000205,R000198,United States,United States,294.85,4.46
P000206,R002714,France,Canada,9260.73,262.99
P000207,R001662,Canada,UAE,1132.0,24.68
P000208,R001969,Germany,France,-2641.66,75.98
P000209,R000145,UAE,UAE,611.93,3.4
P000210,R000306,Australia,Canada,368.74,3.06
P000211,R002488,Canada,France,1547.33,24.75
P000212,R001856,Canada,U.A.E.,187.79,1.2
P000213,R000644,United States,Brazil,3069.58,61.35
P000214,R001314,Brazil,Mexico,526.19,5.48
P000215,R000017,Brazil,France,1491.36,23.96
P000216,R003025,Mexico,Australia,921.35,12.74
P000217,R002802,Mexico,United States,2226.86,55.66
P000218,R000904,United Kingdom,Japan,2366.51,49.19
P000219,R002720,UAE,China,822.99,20.25
P000220,R002425,India,China,145.24,4.2
P000221,R001243,Germany,Mexico,3815.16,70.69
P000222,R002875,Brazil,China,173.46,3.58
P000223,R000160,Germany,India,1102.49,21.27
P000224,R001354,India,UK,2698.36,
P000225,R001216,Australia,Japan,1157.74,12.35
P000226,R001761,Brazil,Mexico,367.78,5.9
P000227,R001646,UAE,United States,841.32,7.64
P000228,R002435,France,United States,396.56,5.82
P000229,R002214,Germany,Brazil,384.46,2.41
P000230,R002461,France,Australia,885.54,15.13
P000231,R000340,Germany,Canada,54.68,0.8
P000232,R001336,UK,UAE,,9.63
P000233,R002833,United States,France,803.61,5.26
P000234,R001809,United Kingdom,United Arab Emirates,754.85,14.46
P000235,R000858, United Kingdom,Canada,319.08,8.6
P000236,R002373,France,United States,1149.36,7.15
P000237,R001638,France,Mexico,712.55,5.31
P000238,R973622,Germany,Australia,5451.65,33.47
P000239,R002586,China,UAE,1207.61,34.6
P000240,R002247,China,Germany,408.3,2.83
P000241,R000311,Mexico,United Kingdom,1511.66,13.98
P000242,R001246,United Kingdom,Canada,129.33,1.8
P000243,R002970,Mexico,Japan,749.65,-22.29
P000244,R000685,United States,India,915.22,7.84
P000245,R002842,China,Mexico,758.26,11.04
P000246,R001782,United Kingdom,United States,302.07,1.54
P000247,R001494,Japan,Canada,736.62,16.03
P000248,R001559,Japan,Japan,218.43,3.77
P000249,R000473,France,Australia,3905.6,60.09
P000250,R001425,Brazil,China,742.77,17.24
P000251,R001784,India,India,1104.8,14.23
P000252,R000972,Japan,United States,165.04,1.23
P000253,R001473,Canada,France,377.61,3.58
P000254,R000608,France,Canada,1237.38,23.11
P000255,R000681,india,India,1882.18,31.77
P000256,R002528,U.A.E.,Australia,271.11,6.66
P000257,R001112,United States,Germany,179.08,5.34
P000258,R000318,China,India,1099.61,28.33
P000259,R001398,united states,China,469.52,4.98
P000260,R000518,UAE,Japan,144.42,4.25
P000261,R000783,China,Canada,0,1.15
P000262,R001340,Brazil,UAE,365.98,8.52
P000263,R001396,Mexico,India,1954.52,30.3
P000264,R002411,Canada,India,2210.59,55.49
P000265,R002635,United States,India,882.67,23.53
P000266,R000334,Brazil,united states,780.33,6.63
P000267,R001716,China,Mexico,461.17,7.1
P000268,R000979,Germany,Brazil,72.96,1.31
P000269,R000274,China,Mexico,2006.35,60.02
P000270,R002575,France,France,990.74,14.76
P000271,R002653,United Kingdom,UAE,290.5,2.42
P000272,R001250,United Kingdom,UAE,2612.59,44.66
P000273,R002681,Brazil,Mexico,206.7,3.2
P000274,R002717,Germany,UAE,2085.37,40.43
P000275,R002626,India,United States,117.62,1.06
P000276,R000245,Japan,Germany,8689.82,167.34
P000277,R002391,France,China,171.02,1.75
P000278,R001282,Germany,Australia,2218.69,42.37
P000279,R001133,Australia,India,356.35,4.11
P000280,R002075,United Arab Emirates,Japan,1230.09,30.64
P000281,R000190,India,India,0,92.07
P000282,R000103,U.K.,U.A.E.,511.76,4.26
P000283,R001328,Japan,China,7642.69,88.15
P000284,R002058,India,France,4062.34,72.48
P000285,R000070,UAE,Brazil,152.29,1.86
P000286,R002735,Canada,France,663.99,8.06
P000287,R002126,United Kingdom,India,529.59,12.37
P000288,R001366,United States,Australia,709.22,20.24
P000289,R000882,United Kingdom,UAE,464.0,4.34
P000290,R002870,Brazil,Mexico,272.81,5.63
P000291,R002981,Japan,France,625.26,11.73
P000292,R000617,UAE,India,1187.28,32.55
P000293,R002809,Brazil,Canada,54.01,0.54
P000294,R000856,united states,France,1696.31,33.8
P000295,R000655,United States,Mexico,800.16,20.21
P000296,R000326,Germany,Australia,3161.49,87.97
P000297,R001334,U.K.,Brazil,428.91,8.28
P000298,R000255,Canada,Mexico,375.33,3.74
P000299,R001089,Germany,Canada,301.87,3.37
P000300,R002004, United Kingdom,Japan,1121.66,22.1
P000301,R000275,Mexico,Australia,106.19,1.66
P000302,R001676,China,Australia,322.11,2.32
P000303,R001312,Germany,Japan,812.42,7.55
P000304,R001141,Brazil,Germany,150.03,1.81
P000305,R002399,Germany,united states,730.79,10.97
P000306,R000987,Canada,United States,2532.39,63.22
P000307,R001806,Australia,Canada,2170.18,61.46
P000308,R000998,Japan,China,597.43,11.42
P000309,R000435,Mexico,UAE,1806.99,38.99
P000310,R001445,United Kingdom,Mexico,1074.57,32.16
P000311,R000261,United States,United States,811.55,18.67
P000312,R001615,Germany,United States,1273.47,7.93
P000313,R000610,India,United States,462.24,4.98
P000314,R001080,Canada,Mexico,504.4,5.3
P000315,R001530,India ,France,1044.08,8.83
P000316,R002980,Australia,Brazil,665.27,14.55
P000317,R990992,India,Canada,2101.92,23.07
P000318,R001622,United States,India ,1468.21,18.82
P000319,R000739,UAE,United States,1459.45,22.28
P000320,R000500,UAE,United Kingdom,1164.1,14.65
P000321,R000866,United Arab Emirates,Mexico,802.35,19.7
P000322,R002452,Germany,China,1422.42,41.45
P000323,R002906,Canada,Mexico,1909.15,28.33
P000324,R001849,U.A.E.,China,974.54,22.64
P000325,R001587,Germany,Japan,292.52,5.67
P000326,R000493,United Kingdom,Australia,680.08,8.71
P000327,R001346,India,France,154.33,2.42
P000328,R000338,United Kingdom,India,2416.95,26.12
P000329,R000961,Germany,Mexico,1428.11,21.61
P000330,R002313,India,India,289.08,7.11
P000331,R002521,U.A.E.,China,351.33,9.74
P000332,R000575,Mexico,Mexico,2543.84,69.76
P000333,R002599,Brazil,UAE,332.7,8.7
P000334,R000496,UAE,India,147.2,0.97
P000335,R002991,Germany,Canada,209.14,3.59
P000336,R000597,China,United Kingdom,496.7,6.42
P000337,R001110,Brazil,United States,422.41,10.65
P000338,R000582,Japan,Canada,456.08,12.07
P000339,R001644,India,Brazil,1362.78,36.02
P000340,R002458,Brazil,Brazil,378.05,8.41
P000341,R000500,United States,India,1015.58,29.07
P000342,R001574,France,Germany,213.92,3.75
P000343,R001618,Mexico,Australia,2275.09,48.1
P000344,R000174,United Kingdom,United States,233.61,2.99
P000345,R001976,Australia,Japan,684.78,17.16
P000346,R002735,UAE,India ,584.7,12.6
P000347,R001730,France,Brazil,935.1,22.25
P000348,R002983,Brazil,France,1505.48,12.48
P000349,R001227,Canada,United States,434.3,9.83
P000350,R002618,Australia,India,1549.25,17.52
P000351,R002926,Germany,Australia,2103.21,56.42
P000352,R001408,China,UAE,542.55,14.23
P000353,R001185,Brazil,United States,4050.18,59.07
P000354,R000543,United Kingdom,Australia,933.45,17.48
P000355,R000444,United Kingdom,Mexico,476.21,4.63
P000356,R000474,Germany,India,728.58,14.65
P000357,R002540,Canada,Brazil,4050.25,66.92
P000358,R001560,Germany,United States,971.47,22.09
P000359,R002122,China,Japan,970.52,7.41
P000360,R001588,Japan,UAE,1067.47,23.94
P000361,R000124,Australia,Mexico,1698.21,23.9
P000362,R001860,Brazil,Canada,954.72,7.46
P000363,R000004,Mexico,Japan,1221.98,18.57
P000364,R000482,Mexico,China,715.32,14.87
P000365,R000301,IN,France,802.15,9.44
P000366,R000243,Canada,Mexico,1801.77,26.72
P000367,R000082,India,Mexico,320.65,2.72
P000368,R001318,Australia,France,681.23,20.02
P000369,R001413,United States,France,510.72,7.27
P000370,R001731,France,India,169.31,3.05
P000371,R000384,Brazil,China,189.94,3.04
P000372,R001389,United Kingdom,Canada,675.35,11.95
P000373,R000618,Mexico,Australia,1896.66,16.04
P000374,R003019,United States,Japan,824.54,16.4
P000375,R002672, United Kingdom,United Kingdom,379.26,5.83
P000376,R000609,France,UAE,2695.35,26.66
P000377,R002834,France,Brazil,453.99,11.58
P000378,R001808,Germany,Brazil,245.82,4.04
P000379,R002930,United States,Australia,4135.08,47.21
P000380,R002356,Japan,Japan,723.66,9.42
P000381,R001455,Australia,Germany,3467.66,
P000382,R000173,Brazil,United States,663.31,18.58
P000383,R000775,China,U.K.,679.3,9.26
P000384,R002147,United States,Japan,162.53,0.81
P000385,R001507,India,Brazil,442.02,12.32
P000386,R001205,France,Germany,1073.65,9.87
P000387,R001385,Australia,China,1312.35,10.51
P000388,R002569,United States,Germany,772.34,21.8
P000389,R002844,Australia,India,498.5,7.86
P000390,R001212,Japan,Germany,688.08,9.44
P000391,R000314,Brazil,Brazil,234.66,3.37
P000392,R002275,UAE,Japan,2851.44,22.14
P000393,R000077,Mexico,IN,1491.39,8.78
P000394,R001421,Canada,Germany,597.95,14.98
P000395,R002685,United States,United Kingdom,422.51,5.72
P000396,R002941,Mexico,Japan,4466.83,79.16
P000397,R002037,Germany,Australia,363.07,
P000398,R000529,United Kingdom,China,537.85,15.99
P000399,R002341,India,Japan,2993.55,51.13
P000400,R001712,France,China,852.59,25.41
P000401,R000766,Japan,France,130.9,3.46
P000402,R002370,UAE,India,887.5,12.11
P000403,R001987,France,France,378.91,1.96
P000404,R002779,Mexico,India,160.59,4.09
P000405,R000880,UAE,Australia,396.57,5.33
P000406,R000117,Germany,Canada,229.57,2.49
P000407,R000311,UAE,Germany,301.92,2.02
P000408,R002146,Australia,Brazil,841.67,10.34
P000409,R002835,Japan,Brazil,176.66,2.73
P000410,R001415,Brazil,China,1669.05,
P000411,R000610,Australia,India,492.08,8.52
P000412,R002040,Mexico,UAE,323.03,9.31
P000413,R000188,United States,France,486.88,3.17
P000414,R002011,United Kingdom,Australia,231.29,3.01
P000415,R001863,Canada,Canada,230.79,$2.1
P000416,R000898,Mexico,UAE,452.69,9.45
P000417,R002394,Canada,India,887.7,$7.19
P000418,R002037,Brazil,united states,1080.31,20.11
P000419,R001943,United Kingdom,Mexico,416.62,2.89
P000420,R001621,Australia,Japan,542.99,14.31
P000421,R001552,China,Japan,829.11,4.42
P000422,R002897,Germany,United Kingdom,3196.67,90.69
P000423,R002493,Brazil,United States,712.4,19.75
P000424,R003040,Japan,Brazil,350.99,4.29
P000425,R001006,Brazil,Brazil,272.9,3.94
P000426,R000174,United Kingdom,Brazil,1690.44,15.21
P000427,R000017,Brazil,UAE,71.29,1.59
P000428,R001904,India,Canada,398.46,7.01
P000429,R001297,France,France,270.97,6.75
P000430,R001270,United States,United States ,1466.13,13.04
P000431,R002719,Japan,Australia,2441.89,45.61
P000432,R002022,United Kingdom,Germany,533.45,8.18
P000433,R001084,France,Canada,316.64,1.9
P000434,R000046,Germany,Japan,581.64,3.53
P000435,R000097,Mexico,Australia,1004.36,9.52
P000436,R002542,Brazil,Mexico,1161.31,9.91
P000437,R001583,Canada,Germany,581.64,14.01
P000438,R002810,India,United Kingdom,2476.94,33.6
P000439,R001392,Germany,United Kingdom,377.85,7.82
P000440,R002860,Mexico,Canada,454.68,12.94
P000441,R000338,Australia,Germany,477.72,13.35
P000442,R001963,UAE,UAE,879.18,22.16
P000443,R001937,Mexico,Mexico,1574.69,10.59
P000444,R002380,France,France,190.68,3.98
P000445,R000807,Australia,France,,3.05
P000446,R002776,China,India,895.7,22.71
P000447,R002573,Japan,UAE,224.89,3.27
P000448,R001119,Mexico,France,503.65,5.51
P000449,R000680,Japan,india,474.76,5.93
P000450,R001832,France,China,2171.83,48.65
P000451,R000490,Canada,Canada,3547.16,49.88
P000452,R000620,United States,United States,408.55,6.83
P000453,R001752,India,Germany,1134.16,28.38
P000454,R002998,Canada,United Kingdom,479.17,10.59
P000455,R001523,Canada,China,1481.9,8.35
P000456,R002626,Brazil,Brazil,219.21,1.4
P000457,R001331,United Kingdom,Mexico,2094.48,42.4
P000458,R002982,France,Germany,363.52,2.55
P000459,R001429,United Kingdom,China,166.76,1.45
P000460,R002177,Germany,Australia,389.1,10.81
P000461,R002863,Germany,France,510.79,2.63
P000462,R000951,UK,Brazil,230.14,2.92
P000463,R002510,Brazil,Brazil,635.58,17.89
P000464,R001276,China,Brazil,1290.42,24.09
P000465,R001789,Australia,Mexico,296.74,8.05
P000466,R002986,Brazil,Brazil,3118.97,30.84
P000467,R000294,France,Germany,7436.96,68.09
P000468,R000357,India,Canada,519.96,7.44
P000469,R000391,France,Australia,1206.77,28.96
P000470,R001249,India,India,973.84,22.83
P000471,R902128,India,Mexico,580.61,11.57
P000472,R001662,United States,France,523.05,5.58
P000473,R000524,Brazil,Australia,125.23,2.96
P000474,R001809,Australia,India,576.45,7.81
P000475,R002319,United Arab Emirates,Brazil,1461.23,42.43
P000476,R000396,Germany,UAE,373.95,5.16
P000477,R000946,Germany,France,36.6,1.02
P000478,R000192,China,France,3020.98,76.42
P000479,R000346,USA,India,990.32,13.42
P000480,R000775,UAE,France,2103.02,29.61
P000481,R002336,Japan,Brazil,534.31,13.28
P000482,R002676,United Kingdom,Mexico,780.28,18.37
P000483,R000612,Canada,Brazil,1177.81,29.6
P000484,R002144,Brazil,Japan,476.92,3.0
P000485,R001752,India,Mexico,1985.64,29.88
P000486,R002893,Australia,Australia,382.09,9.06
P000487,R000226,UAE,Germany,4628.5,64.45
P000488,R000929,India,United Kingdom,213.69,5.07
P000489,R002392,UAE,UAE,1083.45,20.2
P000490,R003007,Japan,United States,345.71,8.2
P000491,R002379,Mexico,India,262.26,4.48
P000492,R000439,India,UAE,274.74,7.54
P000493,R001978,Japan,Australia,49.98,0.91
P000494,R002245,IN,India ,241.34,3.9
P000495,R001560,Mexico,Brazil,1552.98,12.56
P000496,R002023,U.A.E.,Germany,1411.89,36.68
P000497,R001692,France,China,202.86,3.81
P000498,R000928,United States,United States,-1068.42,21.38
P000499,R002881,Brazil,Canada,323.56,7.53
P000500,R001441,Japan,Japan,103.5,2.2
P000501,R001439,Brazil,Brazil,1578.52,10.59
P000502,R002843,Australia,Germany,1822.57,36.33
P000503,R002952,India,Canada,383.91,$5.7
P000504,R002359,Canada,China,2131.5,28.78
P000505,R001483,Canada,Mexico,609.56,16.3
P000506,R000268,United Kingdom,Australia,732.87,19.19
P000507,R001942,UAE,Germany,575.77,5.5
P000508,R002144,Brazil,Australia,198.7,4.5
P000509,R001696,United States,United Kingdom,517.19,9.51
P000510,R000961,Canada,United Kingdom,206.95,2.13
P000511,R002061,United States,China,1119.41,6.76
P000512,R002729,Brazil,United Kingdom,1249.06,33.04
P000513,R000929,Canada,UAE,101.83,2.21
P000514,R002395,India,China,1198.29,27.54
P000515,R002487,United Kingdom,United Kingdom,611.6,17.28
P000516,R002112,India,Brazil,0,0.78
P000517,R002695,Japan,Japan,807.0,18.68
P000518,R001518,Canada,UAE,460.78,8.44
P000519,R001008,United Arab Emirates,United Arab Emirates,328.71,6.28
P000520,R001872,India,Germany,210.57,3.05
P000521,R001334,India,China,940.71,19.22
P000522,R001109,China,Mexico,718.37,14.22
P000523,R000479,Mexico,Japan,753.01,7.38
P000524,R002532,Mexico,France,2030.92,40.74
P000525,R001572,UAE,UAE,3005.04,51.82
P000526,R002468,UAE,India,84.95,1.53
P000527,R001167,China,Canada,949.77,9.44
P000528,R000721,Canada,Brazil,394.69,2.81
P000529,R000895,Germany,China,1104.2,17.56
P000530,R001516,Australia,Mexico,310.97,3.71
P000531,R002583,United States,China,4593.78,87.07
P000532,R001872,Germany,Germany,1153.77,32.38
P000533,R002696,Mexico,Australia,547.48,9.61
P000534,R002897,Australia,United Arab Emirates,2171.62,12.85
P000535,R001438,India,United Kingdom,281.8,4.75
P000536,R000972,Germany,India,1208.17,6.4
P000537,R000991,india,Canada,527.26,9.92
P000538,R002746,China,Japan,598.17,4.27
P000539,R003006,United States,Japan,3657.92,107.22
P000540,R000615,UAE,Mexico,7264.58,79.29
P000541,R002502,United Kingdom,France,969.8,16.57
P000542,R001739,Japan,Australia,310.93,2.38
P000543,R002554,Mexico,Australia,585.97,15.2
P000544,R002047,France,Canada,325.36,5.73
P000545,R000567,UAE,Australia,361.44,8.75
P000546,R002180,Australia,India,748.61,5.97
P000547,R001362,Germany,France,338.94,2.0
P000548,R000193,Canada,Canada,2159.31,24.96
P000549,R000925,United States,UAE,537.76,8.36
P000550,,France,Brazil,625.72,12.16
P000551,R000725,France,United Kingdom,382.96,7.38
P000552,,United States,Mexico,193.39,1.48
P000553,R001053,Canada,Brazil,216.56,3.07
P000554,R002414,China,Germany,826.68,24.1
P000555,R000503,Australia,Japan,479.8,14.04
P000556,R001238,Canada,Germany,880.54,19.83
P000557,R000753,Australia,France,1837.38,22.29
P000558,R001781,United States,India,320.97,5.47
P000559,R922400,United Kingdom,United States,5701.49,136.52
P000560,R002130,China,Mexico,253.77,$7.14
P000561,R001579,China,France,209.59,1.34
P000562,R002948,China,Mexico,1593.4,32.28
P000563,R002159,Japan,France,645.22,12.04
P000564,R002575,UAE,UAE,307.85,8.1
P000565,R001490,India,Japan,194.39,3.69
P000566,R002318,United States,UAE,259.7,1.4
P000567,R001132,Canada,Brazil,688.58,20.03
P000568,R001090,France,United Kingdom,2617.68,18.31
P000569,R001005,Brazil,France,129.95,2.87
P000570,R001270,UAE,Brazil,753.07,6.14
P000571,R001502,USA,Australia,1352.6,26.43
P000572,R000196,France,France,402.93,10.88
P000573,R000878,Australia,Japan,2769.97,58.77
P000574,R000838,Canada,India,854.31,7.08
P000575,R001433,Canada,Canada,1493.86,19.04
P000576,R000381,Australia,India,1427.53,17.88
P000577,R930921,Germany,Brazil,2053.65,19.72
P000578,R002699,Japan,France,564.97,6.01
P000579,R002141,Canada,Canada,3360.43,68.61
P000580,R003032,Germany,China,606.08,
P000581,R002722,France,Canada,520.15,4.52
P000582,R001758,USA,Australia,497.68,12.06
P000583,R002814,UAE,Germany,463.3,7.24
P000584,R001622,Japan,India,462.34,2.71
P000585,R001131,Canada,China,699.01,11.29
P000586,R000399,India,France,720.18,5.16
P000587,R001169,United Kingdom,China,710.06,13.11
P000588,R000003,United States,United States,541.25,13.93
P000589,R000722,Japan,Japan,1422.71,11.87
P000590,R000999,Germany,Canada,786.06,11.07
P000591,R002794,UAE,France,1009.69,28.73
P000592,R001770,Mexico,France,267.38,6.02
P000593,R000780,France,Mexico,196.62,4.75
P000594,R002663,United States,United Kingdom,1273.3,8.4
P000595,R002421,Germany,Brazil,1496.98,21.98
P000596,R000604,China,Japan,249.53,7.38
P000597,R000136,United Kingdom,India,223.78,
P000598,R001332,India,United Kingdom,2235.36,35.46
P000599,R001570,Germany,Canada,406.2,10.86
P000600,R001187,United States ,United Kingdom,338.24,8.09
P000601,R001137,Japan,United Kingdom,222.66,3.31
P000602,R002563,Mexico,United Kingdom,224.93,5.3
P000603,R000942,Mexico,France,5523.39,59.15
P000604,R001754,United States,Mexico,575.22,9.7
P000605,R000413,China,Mexico,482.72,4.44
P000606,R003028,Germany,Brazil,208.87,1.34
P000607,R001485,Mexico,Australia,123.77,2.42
P000608,R000710,France,Australia,3584.41,55.5
P000609,R000106,Mexico,Brazil,1808.08,40.73
P000610,R000728,China,Canada,762.15,3.95
P000611,R000487,Mexico,Canada,48.39,1.08
P000612,R000749,Mexico,United States,501.8,7.13
P000613,R000709,Mexico,Brazil,733.99,21.63
P000614,R000859,France,China,710.94,19.73
P000615,R001728,United Kingdom,Canada,44.11,1.01
P000616,R001211,Canada,United Kingdom,2535.19,67.46
P000617,R002885,China,Australia,961.73,15.79
P000618,R001385,Brazil,United States,62.97,1.84
P000619,R001380,United Kingdom,Mexico,397.44,8.91
P000620,R001112,Canada,Mexico,-309.26,5.8
P000621,R002030,Brazil,UAE,642.57,9.91
P000622,R001387,United States,India,518.11,13.3
P000623,R001814,United Kingdom,Brazil,914.88,17.33
P000624,R001860,Japan,U.A.E.,103.34,1.73
P000625,R002936,United Kingdom,Mexico,744.21,19.68
P000626,R000620,Mexico,Japan,256.91,2.11
P000627,R001539,Germany,UAE,363.62,4.53
P000628,R001856,United Kingdom,United Arab Emirates,570.89,6.1
P000629,R002027,Japan,Germany,3005.64,27.52
P000630,R000062,Japan,Germany,1053.4,14.3
P000631,R001449,Germany,UAE,558.46,16.59
P000632,R000971,Germany,Mexico,176.06,
P000633,R002565,Australia,United Kingdom,625.66,10.33
P000634,R001879,Canada,Australia,251.6,2.42
P000635,R000713,Canada,Canada,1776.36,10.63
P000636,R002616,Australia,Brazil,603.15,12.15
P000637,R002743,Japan,Japan,219.66,3.45
P000638,R002996,Australia,Brazil,566.84,
P000639,R000611,India,Australia,1696.81,28.72
P000640,R000462,Australia,United Kingdom,1624.97,44.44
P000641,R001339,Brazil,Germany,515.2,6.9
P000642,R001392,Australia,France,1309.21,38.03
P000643,R000843,Brazil,China,798.34,14.15
P000644,R002055,France,India,116.55,3.38
P000645,R000339,France,Brazil,458.85,3.93
P000646,R001549,Germany,Mexico,128.14,1.53
P000647,,Australia,Mexico,1217.55,18.41
P000648,R000911,Brazil,Mexico,300.73,2.67
P000649,R922767,India,France,772.29,12.35
P000650,R000250,Canada,United Kingdom,120.92,1.56
P000651,R001598,India,United Kingdom,716.18,-5.14
P000652,R001060,China,United Kingdom,566.97,10.93
P000653,R000277,United States,Germany,1022.56,28.37
P000654,R000226,Japan,Germany,482.77,5.52
P000655,R001370,Germany,UAE,681.82,11.08
P000656,R002585,United Kingdom,United States,1982.17,59.24
P000657,R000397,China,Brazil,1641.62,20.01
P000658,R000375,Australia,India,4857.77,73.55
P000659,R001807,Brazil,India,6506.12,60.05
P000660,R002478,Canada,Japan,8197.13,
P000661,R002069,united states,UAE,638.71,11.88
P000662,R001579,Canada,Germany,773.01,23.0
P000663,R002556,UAE,United Kingdom,4591.4,93.13
P000664,R000294,United States,UAE,2408.18,22.3
P000665,R001935,Australia,Germany,361.41,5.28
P000666,R001012,India,United States,283.96,6.97
P000667,R002793,United Kingdom,United States,98.47,1.68
P000668,R001165,United States,India,949.02,12.86
P000669,R000453,US,Germany,2607.74,65.84
P000670,R002550,Mexico,Canada,311.22,5.48
P000671,R000378,Canada,Japan,323.38,3.73
P000672,R000257,Germany,India,36.44,1.06
P000673,,Japan,Germany,1201.61,23.17
P000674,R002346,Brazil,Japan,1914.13,37.47
P000675,R000429,Mexico,United States,811.43,18.62
P000676,R000355,IN,Canada,311.96,5.13
P000677,R002640,United Kingdom,United Kingdom,524.42,7.79
P000678,R002835,Japan,France,454.41,13.25
P000679,R001927,Germany,France,1148.57,33.26
P000680,R000109,Canada,India ,,8.6
P000681,R000777,France,United Kingdom,191.28,5.58
P000682,R001009,India,United States,100.73,1.83
P000683,R001988,Germany,India,366.35,8.13
P000684,R001936,China,United States,1702.03,10.71
P000685,R000157,Canada,Mexico,270.41,1.69
P000686,R000998,United Kingdom,United Kingdom,137.9,1.78
P000687,R000728,Australia,China,196.16,3.39
P000688,R000765,Mexico,China,243.08,3.1
P000689,R001572,Brazil,Australia,370.05,10.87
P000690,R001569,China,China,177.52,3.45
P000691,,UAE,Brazil,79.54,2.35
P000692,R001951,United States,Mexico,1449.58,33.19
P000693,R002959,United States,UAE,219.11,4.42
P000694,R002508,Australia,Mexico,864.55,5.71
P000695,R002864,Germany,France,361.43,7.19
P000696,R003008,China,India ,291.7,7.6
P000697,R001569,india,Germany,1317.2,7.59
P000698,R001253,United States,Canada,0,6.04
P000699,R002324,United States ,Australia,2219.63,18.52
P000700,R000817,Japan,Germany,377.47,7.74
P000701,R968300,Mexico,Mexico,216.98,4.04
P000702,R001685,United States,United Kingdom,453.85,4.98
P000703,R000853,Brazil,Japan,336.8,3.48
P000704,R001863,China,Mexico,3462.63,36.14
P000705,R000566,United States,UAE,324.25,4.59
P000706,R000320,Australia,Japan,892.16,25.75
P000707,R001594,Mexico,Mexico,621.89,15.55
P000708,R001731,United Kingdom,Germany,213.33,3.76
P000709,R000613,Canada,United Kingdom,272.37,6.66
P000710,R000209,India,France,736.34,$10.3
P000711,R000897,USA,Canada,739.26,16.4
P000712,R002248,Canada,Australia,447.47,10.09
P000713,R000389,UAE,Australia,561.74,2.95
P000714,R000357,China,India,118.96,$2.66
P000715,R001861,United Kingdom,India,266.1,6.43
P000716,R002979,united states,IN,1697.76,20.96
P000717,R000147,India,Canada,369.04,5.96
P000718,R001821,Canada,Japan,,50.14
P000719,R002789,China,India,1991.52,21.17
P000720,R002946,Brazil,India,1966.32,54.82
P000721,R987236,Australia,United Kingdom,3307.97,29.47
P000722,R000159,Australia,Australia,1014.46,12.04
P000723,R001119,India,USA,3155.44,53.2
P000724,R000832,Australia,United Kingdom,1572.98,42.82
P000725,R002466,UAE,Japan,109.52,2.11
P000726,R001176,France,France,919.89,5.78
P000727,R002185,India,Japan,6491.46,70.25
P000728,R001783,United States,Canada,93.14,0.89
P000729,R001384,Germany,UAE,612.25,10.78
P000730,R001647,United Kingdom,Australia,209.82,3.48
P000731,R002827,UAE,Japan,285.68,2.38
P000732,R000721,China,Australia,363.96,8.88
P000733,R002120,UAE,India,914.07,23.03
P000734,R000140,Australia,China,441.37,9.31
P000735,R000323,France,Japan,884.02,22.86
P000736,R002624,Brazil,Germany,4268.33,70.25
P000737,R002310,China,France,1776.11,32.36
P000738,R000215,India,France,732.66,5.16
P000739,R002793,UAE,China,481.1,7.64
P000740,R001036,Australia,France,988.51,8.24
P000741,R002289,Mexico,India ,109.03,2.43
P000742,R000072, United Kingdom,Germany,403.27,3.07
P000743,R002319,United States,Australia,1031.22,8.91
P000744,R001280,China,China,719.66,12.01
P000745,R002571,Mexico,Australia,1908.21,14.63
P000746,R001209,Canada,United Kingdom,1617.72,41.58
P000747,R000216,France,Germany,954.51,19.71
P000748,R001601,Germany,united states,443.08,6.48
P000749,R000755,United States,Germany,358.94,10.26
P000750,R001932,Australia,United States,2043.06,46.5
P000751,R001105,Mexico,Japan,962.73,7.52
P000752,R000319,U.K.,United States,269.7,5.66
P000753,R001433,Germany,United Kingdom,1714.59,23.19
P000754,R001639,China,Australia,916.79,5.15
P000755,R001409,India,Canada,564.22,12.65
P000756,R000804,UAE,United Kingdom,1427.01,41.9
P000757,R001913,Canada,Canada,1109.12,32.6
P000758,R001809,Canada,Germany,2515.89,20.65
P000759,R001151,India,Brazil,2492.55,52.98
P000760,R001605,India,Mexico,387.03,5.44
P000761,R001389,United Kingdom,China,619.15,15.89
P000762,R002334,India,Brazil,458.09,2.92
P000763,R002366,France,Japan,4223.21,66.19
P000764,R000474,Germany,United States,1446.13,30.41
P000765,R002686,India,China,-628.83,8.04
P000766,R001694,Japan,China,315.12,9.24
P000767,R000979,Germany,India,694.77,9.73
P000768,R002936,Australia,Mexico,74.36,1.64
P000769,R001590,China,Canada,475.75,10.26
P000770,R001482,Australia,Japan,246.83,3.18
P000771,R001665,United Kingdom,Canada,1670.03,13.58
P000772,R002720,Canada,United States,482.03,9.61
P000773,R000566,United Kingdom,Germany,741.6,19.83
P000774,R002227,China,France,586.32,9.66
P000775,R000933,UAE,Mexico,1749.9,12.12
P000776,R001835,France,China,1800.43,-20.01
P000777,R000644,UAE,United Kingdom,1129.25,17.54
P000778,R000308,United Kingdom,UAE,907.65,8.91
P000779,R001998,Australia,UAE,137.18,1.04
P000780,R002159,Germany,France,537.81,7.29
P000781,R001313,France,Japan,2162.34,40.35
P000782,R001657,Mexico,Australia,812.77,15.9
P000783,R002297,Canada,Canada,483.39,4.67
P000784,R000875,United Kingdom,Japan,406.78,2.61
P000785,R002765,Mexico,Japan,409.31,8.06
P000786,R000952,Brazil,United States,731.97,18.66
P000787,R000506,United States,France,367.48,4.84
P000788,R001065,Australia,Japan,1987.58,23.56
P000789,R002336,United States,United States,120.46,0.68
P000790,R001639,Japan,China,1403.99,27.4
P000791,R000350,United States,Japan,2693.48,63.41
P000792,R001074,Japan,France,231.04,3.19
P000793,R000766,UAE,India,1248.85,10.18
P000794,R002593,Brazil,China,975.63,25.82
P000795,R000698,China,France,297.45,8.65
P000796,R000211,United States,Australia,211.37,1.62
P000797,R002524,Germany,Canada,1059.73,26.83
P000798,R001897,Australia,U.A.E.,4303.67,105.6
P000799,R001591,Japan,Mexico,2305.92,52.07
P000800,R000661,China,China,1258.55,15.3
P000801,R000204,UAE,Canada,1043.05,21.92
P000802,R000652,Brazil,China,811.99,4.74
P000803,R002693,Mexico,Australia,613.42,11.96
P000804,R001820,Australia,France,1119.33,10.52
P000805,R001350,Canada,Australia,293.56,3.2
P000806,R001622,Japan,UAE,1578.05,16.24
P000807,R001695,United States,China,657.39,5.66
P000808,R001438,UAE,Japan,667.73,18.56
P000809,R001540,Brazil,India,3368.34,29.19
P000810,R000216,Brazil,Japan,193.15,1.72
P000811,R000349,IN,India,1307.03,28.87
P000812,R002590,Australia,Mexico,2883.83,36.73
P000813,R002715,Australia,Mexico,0,18.48
P000814,R001735,United States,UAE,836.43,10.29
P000815,R001437,France,India,636.04,7.87
P000816,R002647,United States,Japan,1585.27,17.93
P000817,R928316,United Kingdom,Germany,94.1,2.62
P000818,R002033,United States,France,1093.52,8.3
P000819,R001198,India,France,495.56,10.61
P000820,R002635,India,Japan,633.21,18.14
P000821,R000419,Germany,Mexico,1084.73,23.78
P000822,R001024,United States,Canada,262.98,3.31
P000823,R001134,United Kingdom,Germany,368.46,2.7
P000824,R000485,Japan,India,2587.85,22.09
P000825,R002808,Germany,Canada,466.76,3.85
P000826,R000245,united states,UAE,211.97,1.58
P000827,R002662,China,Brazil,1143.27,10.49
P000828,R000384,Mexico,UAE,2557.14,47.13
P000829,R971582,Australia,France,188.44,4.13
P000830,R001179,Australia,United States,1870.37,21.79
P000831,R001929,India,India,2884.4,17.23
P000832,R001708,Germany,Mexico,1759.21,33.84
P000833,R002346,Mexico,Germany,595.54,15.37
P000834,R002923,Germany,india,1979.27,58.39
P000835,R000701,Brazil,Canada,2208.07,65.45
P000836,R002405,Germany,Canada,223.43,5.58
P000837,R000445,Germany,Australia,1471.89,11.3
P000838,R001292,UAE,Mexico,755.28,11.01
P000839,R001316,France,Germany,725.58,15.07
P000840,R001931,China,United States,118.83,1.52
P000841,R002019,India,France,96.23,2.31
P000842,R000204,Japan,Canada,759.14,17.79
P000843,R002772,Mexico,Mexico,593.05,6.71
P000844,R000778,Australia,Germany,585.54,16.28
P000845,R000550,India,Australia,524.41,10.92
P000846,R002435,Mexico,Germany,254.94,5.86
P000847,R002038,Mexico,India,1592.27,9.08
P000848,R001371,Germany,UAE,2835.16,24.53
P000849,R000208,India,China,159.79,4.09
P000850,R002672,U.A.E.,Australia,1338.4,20.25
P000851,R001476,Mexico,Mexico,197.03,3.92
P000852,R000847,Canada,India,520.98,13.28
P000853,R003039,Germany,Canada,1026.9,30.79
P000854,R000828,India,France,334.84,7.22
P000855,R002655,Japan,Mexico,286.17,8.34
P000856,R000569,Canada,UAE,669.1,16.65
P000857,R001547,Germany,UAE,1569.78,13.18
P000858,R002665,United Kingdom,UAE,0,3.01
P000859,R002119,Australia,Japan,284.48,3.35
P000860,R002975,Germany,India,424.62,3.06
P000861,R001131,United States,Japan,2133.09,28.92
P000862,R001112,United States,Canada,684.08,10.54
P000863,R001795,China,Germany,738.21,6.76
P000864,R002965,UAE,Japan,474.05,3.04
P000865,R966573,France,Australia,559.95,4.48
P000866,R000104,France,Germany,1374.06,23.93
P000867,R001192,United Kingdom,Australia,762.55,19.88
P000868,R002372,United States,China,3928.79,91.53
P000869,R000094,Australia,India,419.57,3.92
P000870,R002687,Mexico,France,2602.12,17.61
P000871,R001258,India,France,167.54,2.35
P000872,R002190,United States,Brazil,767.28,12.94
P000873,R000890,India,United States,671.84,17.07
P000874,R002503,Canada,Australia,2630.12,52.3
P000875,R001563,USA,Mexico,485.36,13.18
P000876,R000565,Germany,Canada,3751.4,77.84
P000877,R000570,France,Japan,151.86,2.34
P000878,R000653,UAE,China,319.49,7.48
P000879,R002535,France,Australia,340.43,4.43
P000880,R001759,Japan,Australia,189.91,5.51
P000881,R002657,UAE,US,680.24,17.88
P000882,R001596,Japan,Australia,509.98,12.27
P000883,R002202,Germany,Australia,1875.28,16.12
P000884,R002993,France,United Arab Emirates,206.19,3.7
P000885,R002941,Canada,France,6463.6,33.52
P000886,R002579,Japan,India,3479.88,55.91
P000887,R000353,United States,UAE,369.93,8.62
P000888,R001746,France,Australia,1302.05,25.66
P000889,R000667,China,China,375.15,3.85
P000890,R002357,Mexico,Mexico,1261.31,32.48
P000891,R002066,India,Germany,178.42,2.75
P000892,R002434,India,Canada,1212.11,26.34
P000893,R000886,Mexico,France,448.0,7.26
P000894,R947046,France,China,156.5,3.23
P000895,R000675,Australia,China,626.91,8.76
P000896,R001214,China,Australia,660.42,11.32
P000897,R002862,Mexico,Canada,794.87,15.22
P000898,R001436,Japan,UAE,3822.18,75.13
P000899,R002162,Mexico,Mexico,,7.79
P000900,R001650,Japan,China,566.18,6.31
P000901,R001407,Brazil,Brazil,168.28,4.69
P000902,R001932,China,France,960.16,17.6
P000903,R000522,United Kingdom,Japan,581.96,12.1
P000904,R002458,France,Australia,227.02,3.27
P000905,R002735,Australia,China,753.36,5.63
P000906,R002990,Brazil,France,267.62,6.54
P000907,R000955,UAE,United States,5470.46,57.5
P000908,R002013,U.K.,Canada,481.31,13.56
P000909,R001183,Australia,United States,208.84,4.75
P000910,R000445,Canada,United States,1162.85,8.26
P000911,R002225,Germany,Germany,48.32,1.43
P000912,R001684,United States,Japan,193.48,3.8
P000913,R002708,India,Australia,1732.91,13.41
P000914,R001568,France,United Kingdom,189.04,4.34
P000915,R000452,Canada,Germany,1382.43,33.76
P000916,R000035,Australia,Japan,1867.88,51.02
P000917,R001659,India,UAE,3177.66,22.13
P000918,R000593,UAE,Brazil,205.6,-6.11
P000919,R001782,Mexico,India,302.27,4.45
P000920,R002241,Australia,UAE,1631.97,16.81
P000921,R000677,Australia,Australia,2059.5,22.6
P000922,R002587,India,Brazil,346.47,
P000923,R001324,Mexico,India,133.61,0.73
P000924,R000160,China,India,186.53,0.97
P000925,R002277,Germany,Japan,191.08,4.2
P000926,R002180,Australia,France,495.67,4.46
P000927,R002384,United States,UAE,872.04,21.58
P000928,R001229,Brazil,Germany,409.94,8.43
P000929,R000438,United Arab Emirates,Canada,752.7,9.58
P000930,R002703,Australia,Mexico,2405.19,60.79
P000931,R000664,Germany,United States,355.82,5.34
P000932,R002146,Germany,China,588.13,14.29
P000933,R000076,United States,UAE,1197.8,20.48
P000934,R000450,Japan,China,1085.81,
P000935,R000085,France,Brazil,1150.16,28.9
P000936,R000549,Mexico,US,418.54,12.06
P000937,R002672,Brazil,China,1435.47,
P000938,R003037,United Kingdom,Mexico,754.77,14.64
P000939,R002636,United States,China,204.87,4.33
P000940,R001390,Japan,India,690.65,19.55
P000941,R001083,Brazil,France,505.98,10.95
P000942,R001772,Brazil,United States,87.09,1.52
P000943,R001929,India,Japan,5499.15,37.42
P000944,R001135,Australia,Mexico,688.74,16.62
P000945,R001771,United Kingdom,Japan,4899.31,83.94
P000946,R002000,India,Germany,998.97,9.3
P000947,R002669,Australia,Germany,254.2,6.82
P000948,R002194,Canada,Mexico,224.96,6.54
P000949,R000987,China,Brazil,951.2,17.08
P000950,R923415,United States,France,807.02,9.14
P000951,R001316,Brazil,Canada,346.85,8.7
P000952,R002507,Germany,Japan,29.97,
P000953,R000398,Mexico,Japan,756.46,6.29
P000954,R001906,Mexico,Australia,4909.23,35.53
P000955,R000689,Germany,Australia,5053.01,78.07
P000956,R001138,United States,Germany,1193.55,9.81
P000957,R000737,UAE,Japan,459.33,10.56
P000958,R002207,Germany,Australia,854.65,11.88
P000959,R001028,China,India ,295.31,7.3
P000960,R000727,Australia,Australia,1288.33,14.03
P000961,R001902,United States,Japan,187.77,4.29
P000962,R000440,Mexico,U.K.,863.66,7.06
P000963,R000343,India,France,1850.48,29.03
P000964,R000347,Mexico,Mexico,1093.14,26.2
P000965,R001598,Mexico,Mexico,286.87,2.19
P000966,R001218,Mexico,Mexico,2593.27,73.66
P000967,R001027,UAE,Germany,683.04,12.18
P000968,R001335,China,China,699.5,10.39
P000969,R002765,Australia,United States,1255.8,32.91
P000970,R002831,Mexico,Germany,25.15,0.43
P000971,R002284,Mexico,United Kingdom,293.56,
P000972,R908716,France,France,473.84,6.32
P000973,R002014,India,UAE,2136.2,36.95
P000974,R002276,Germany,United States,147.63,3.67
P000975,R001417,United States,Mexico,1010.95,17.35
P000976,R001004,Japan,India ,319.49,3.51
P000977,R002885,UAE,UAE,488.09,14.02
P000978,R001154,China,India,274.65,4.54
P000979,R001876,Australia,Mexico,395.21,5.01
P000980,R001018,Mexico,Australia,631.52,11.75
P000981,R001547,United States,Canada,580.37,10.91
P000982,R962109,Brazil,Canada,313.91,9.15
P000983,R000723,Australia,United Kingdom,86.15,1.24
P000984,R001066,UAE,France,281.33,
P000985,R002911,Japan,France,295.61,7.09
P000986,R002169,Brazil,Germany,1289.81,7.13
P000987,R002255,united states,Japan,262.35,4.06
P000988,R002796,United States,United Kingdom,338.53,6.46
P000989,R002257,Canada,Mexico,2111.81,21.38
P000990,R001213,Germany,China,466.32,12.53
P000991,R000508,UAE,France,1007.09,13.91
P000992,R001885,China,Mexico,0,7.19
P000993,R002283,UAE,Australia,2116.57,17.28
P000994,R000856,United States,Japan,646.26,4.56
P000995,R002592,Japan,Brazil,176.18,1.74
P000996,R000352,United Kingdom,Germany,1313.19,24.45
P000997,R000358,United Kingdom,Australia,545.2,6.4
P000998,R000152,China,Canada,1820.01,54.11
P000999,R001449,UAE,United Kingdom,2397.39,27.87
P001000,R002340,Australia,Brazil,455.61,3.57
P001001,R001075,United States,Japan,0,3.92
P001002,R000431,UAE,France,699.62,8.75
P001003,R999764,Germany,Mexico,2950.71,25.91
P001004,R002396,China,United States,288.67,6.9
P001005,R002872,U.A.E.,Canada,156.16,2.89
P001006,R000542,Brazil,UAE,545.4,15.45
P001007,R951346,Canada,India,275.37,5.76
P001008,R000157,Australia,UAE,568.86,7.99
P001009,R001976,India,Germany,2706.83,20.87
P001010,R001459,China,China,894.25,8.23
P001011,R001576,United States,Mexico,985.32,17.55
P001012,R001383,United States,U.A.E.,6891.28,197.47
P001013,R002047,Brazil,France,525.33,10.24
P001014,R002311,Australia,Australia,351.95,2.31
P001015,R001029,China,United States,704.1,6.82
P001016,R000195,Mexico,Brazil,337.92,8.75
P001017,R000560,Brazil,IN,1007.83,8.94
P001018,R001897,Japan,France,233.57,3.34
P001019,R002447,United States,Brazil,290.35,3.3
P001020,R002579,United Kingdom,United Kingdom,50.73,1.5
P001021,R000932,Germany,Mexico,489.26,3.13
P001022,R002808,Australia,India,389.85,10.1
P001023,R001038,United States,united states,773.49,13.77
P001024,R949017,Japan,China,8904.48,
P001025,R000871,Australia,United States,2074.63,20.63
P001026,R002764,Germany,Australia,1585.51,16.26
P001027,R000062,Brazil,United Kingdom,123.55,0.98
P001028,R000777,UK,Mexico,1192.89,14.83
P001029,R002603,Germany,Brazil,1228.89,10.31
P001030,,France,Canada,1038.06,21.87
P001031,R000216,Mexico,Japan,299.19,7.35
P001032,R002785,Brazil,India,789.59,7.02
P001033,R000638,India,Japan,983.33,10.9
P001034,R000459,Brazil,Canada,434.97,2.96
P001035,R002722,United States,UAE,1096.6,24.76
P001036,R000008,China,United Kingdom,1407.52,29.92
P001037,R002493,Canada,Brazil,558.95,4.06
P001038,R001941,Canada,Australia,241.52,1.52
P001039,R003036,Canada,India ,123.07,2.14
P001040,R000049,Australia,United Kingdom,515.87,7.1
P001041,R002887,United States,Brazil,252.97,6.15
P001042,R002909,India,United Kingdom,431.82,6.12
P001043,R003019,USA,Brazil,970.57,13.91
P001044,R001648,Canada,Australia,973.55,22.08
P001045,R001687,India,France,426.26,4.16
P001046,R002951,Mexico,France,295.33,6.11
P001047,R001901,Germany,United Kingdom,505.47,4.06
P001048,R001888,United States,Japan,2520.16,70.02
P001049,R001661,China,Brazil,103.44,1.95
P001050,R001804,UAE,Germany,436.38,11.38
P001051,R002506,Germany,Canada,214.64,4.53
P001052,R002755,Japan,Australia,1620.55,
P001053,R002498,India,UAE,959.02,26.85
P001054,R000141,Germany,United States,733.56,17.25
P001055,,Canada,Australia,270.69,6.48
P001056,R000864,UAE,UAE,213.14,5.31
P001057,R002490,France,France,957.65,22.03
P001058,R002407,Germany,India,617.09,5.77
P001059,R002030,Mexico,Brazil,282.15,3.79
P001060,R000125,Mexico,UAE,632.03,11.85
P001061,R000035,India,India,519.63,10.65
P001062,R000762,Germany,Germany,1753.81,18.22
P001063,R000340,Germany,France,1065.66,8.54
P001064,R000963,Mexico,United States,553.43,16.25
P001065,R002124,France,UAE,802.9,20.93
P001066,R001996,Australia,Mexico,981.59,7.3
P001067,R001245, United Kingdom,France,665.61,8.37
P001068,R002840,Brazil,UAE,165.23,4.66
P001069,R002194,Germany,United Kingdom,2400.37,15.94
P001070,R001075,Australia,France,6036.2,128.68
P001071,R000416,Germany,China,2206.88,25.14
P001072,R000519,Mexico,Canada,1851.55,18.28
P001073,R002182,France,United Kingdom,444.33,11.41
P001074,R001044,united states,France,,70.08
P001075,R000356,China,India,958.5,9.76
P001076,R000477,India,Germany,1917.51,30.3
P001077,R000282,Brazil,Australia,810.89,23.65
P001078,R002530,United Kingdom,Japan,213.95,3.15
P001079,R002975,United Kingdom,Germany,571.5,16.45
P001080,R002203,UAE,China,1481.43,40.04
P001081,R000100,France,Mexico,449.36,6.18
P001082,R002023,Mexico,Canada,830.35,
P001083,R002134,Brazil,Germany,440.66,10.83
P001084,R000309,Germany,india,321.52,7.86
P001085,R000597,United Kingdom,China,39.27,0.57
P001086,R001379,United Kingdom,United Kingdom,83.74,1.19
P001087,R002207,United States,India,256.74,4.66
P001088,R002731,India,Mexico,399.14,7.23
P001089,R000558,France,India,2081.54,45.31
P001090,R002243,UAE,Japan,263.36,7.46
P001091,R002099,India,China,254.65,5.88
P001092,R000338,China,France,4263.85,24.44
P001093,R002859,UAE,UAE,1756.02,35.92
P001094,R000552,Mexico,China,13557.72,189.61
P001095,R002017,Canada,China,1244.63,8.76
P001096,R000426,Germany,Brazil,276.59,1.75
P001097,R002131,India,United Kingdom,60.07,0.36
P001098,R000838,India ,Canada,909.28,16.11
P001099,R001519,Australia,France,3953.89,43.8
P001100,R001862,Canada,Canada,328.03,3.2
P001101,R000667,India,Australia,1120.47,
P001102,R002248,Canada,China,249.36,5.27
P001103,R001831,France,Brazil,289.95,6.17
P001104,R002107,Canada,United Kingdom,487.19,3.33
P001105,R001908,Mexico,Mexico,2270.61,26.89
P001106,R002450,Germany,China,704.24,16.02
P001107,R000017,Germany,Canada,884.33,4.58
P001108,R000801,United States,Australia,381.67,7.34
P001109,R002425,India,China,679.85,19.05
P001110,R002304,Canada,U.A.E.,694.22,11.42
P001111,R000550,United Arab Emirates,Brazil,1090.27,31.21
P001112,R002069,Mexico,Japan,413.98,6.89
P001113,R001965,Japan,India,803.68,8.85
P001114,R000101,Canada,Australia,56.17,1.1
P001115,R000849,Japan,Germany,124.49,1.73
P001116,R002206,France,China,674.51,
P001117,R002049,Brazil,Germany,188.28,4.07
P001118,R000704,Brazil,China,1105.98,30.75
P001119,R000299,UAE,France,550.75,5.64
P001120,R002367,United Kingdom,China,839.23,15.32
P001121,R000301,Mexico,United States,1638.43,9.33
P001122,R001202,UAE,Japan,514.3,10.65
P001123,R000744,Canada,United Kingdom,132.5,2.51
P001124,R000070,China,UAE,0,5.31
P001125,R001747,Canada,Brazil,1741.81,12.55
P001126,R001152,United Kingdom,India,3004.94,67.12
P001127,R000659,UAE,UAE,395.27,11.77
P001128,R000498,Japan,France,655.44,8.68
P001129,R001798,Germany,United Arab Emirates,109.78,1.76
P001130,R001586,Brazil,United Kingdom,1021.65,27.65
P001131,R001596,Japan,China,1527.88,15.41
P001132,R001137,Canada,Canada,480.23,6.18
P001133,R002161,Australia,India,1394.85,24.83
P001134,R000825,Japan,Mexico,1702.72,25.37
P001135,R002374,Germany,Japan,450.54,4.5
P001136,R002918,Canada,France,99.28,2.77
P001137,R001362,United States,China,190.59,4.58
P001138,R001129,UAE,Brazil,903.65,15.03
P001139,R000786,Mexico,China,667.28,4.31
P001140,R002903,Mexico,Brazil,429.57,3.83
P001141,R001420,United Kingdom,United Kingdom,130.87,3.75
P001142,R000206,Mexico,UAE,307.23,6.07
P001143,R002761,China,China,1618.96,37.29
P001144,,India,Brazil,3114.11,59.34
P001145,R001891,Brazil,United Kingdom,724.43,13.63
P001146,R001056,Canada,U.A.E.,117.51,0.65
P001147,R000419,China,Brazil,830.06,19.15
P001148,R001047,India,United States,725.19,13.4
P001149,R000219,United States,United States,435.24,12.72
P001150,R001582,India,Mexico,318.8,5.99
P001151,R002397,Brazil,Australia,647.68,16.86
P001152,R003037,Germany,UAE,1245.08,12.18
P001153,R000386,China,UAE,504.19,10.28
P001154,R002636,United States,Japan,403.54,5.52
P001155,R001149,Germany,United Kingdom,600.24,6.98
P001156,R001585,Japan,Brazil,909.7,10.64
P001157,R000782,Japan,Mexico,757.35,19.15
P001158,R000331,UAE,France,704.58,4.77
P001159,R001981,United Kingdom,France,339.72,9.63
P001160,R000293,UAE,Germany,1347.66,34.5
P001161,R000616,Australia,China,2188.01,46.36
P001162,R001523,China,Mexico,687.11,5.45
P001163,R002740,Mexico,Japan,1488.6,27.1
P001164,R000854,France,Brazil,851.26,14.52
P001165,R000009,Japan,Mexico,245.85,-5.06
P001166,R002889,Australia,UAE,1267.8,18.5
P001167,R001141,India,Japan,656.94,10.25
P001168,R000825,Canada,Mexico,1406.72,17.55
P001169,R000570,Mexico,UAE,3131.73,47.82
P001170,R002755,UAE,United States,480.5,2.71
P001171,R002213,Brazil,India,260.57,2.75
P001172,R000313,Canada,United Kingdom,347.12,2.43
P001173,R002358,Australia,United States,1224.61,20.65
P001174,R000966,UAE,India,1198.11,33.4
P001175,R002074,Brazil,United Kingdom,1295.79,34.16
P001176,R000744,United Kingdom,Japan,0,
P001177,R001397,United Kingdom,United Kingdom,763.5,19.96
P001178,R000401,Germany,France,692.71,7.5
P001179,R000357,UAE,China,2786.62,72.82
P001180,R001764,UAE,Mexico,426.38,4.39
P001181,R002582,Brazil,Brazil,380.66,9.45
P001182,R000207,India,Brazil,434.89,11.32
P001183,,UAE,Australia,1916.05,36.15
P001184,R002687,Australia,Australia,1477.43,40.2
P001185,R001389,Australia,Australia,205.07,
P001186,R001819,Germany,France,195.94,4.92
P001187,R002987,India,Germany,1012.03,29.53
P001188,R002975,UAE,Australia,639.55,4.57
P001189,R002030,United Arab Emirates,Japan,115.03,2.18
P001190,R002228,Australia,United Kingdom,206.92,3.32
P001191,R002372,United Kingdom,Australia,671.25,8.96
P001192,R000412,united states,Germany,8528.55,44.45
P001193,R002251,Mexico,Canada,1274.39,30.62
P001194,R001081,Canada,Canada,275.5,1.74
P001195,R002485,Japan,Australia,2708.54,64.66
P001196,R001984,United States ,Canada,0,4.79
P001197,R002398,United Kingdom,Germany,382.34,3.39
P001198,R001755,Brazil,France,2613.98,49.67
P001199,R000666,China,Germany,244.94,3.59
P001200,R001040,United Kingdom,Canada,3145.73,16.19
P001201,R001517,Brazil,Japan,90.46,0.63
P001202,R002435,United Kingdom,Mexico,1053.69,12.4
P001203,R002215,Germany,United Kingdom,834.23,11.9
P001204,R002973,Japan,Brazil,1793.19,51.19
P001205,R000476,China,Canada,795.58,18.69
P001206,R002106,Japan,Germany,857.85,13.09
P001207,R000088,United Kingdom,Australia,357.18,5.99
P001208,R002829,Japan,China,529.52,6.64
P001209,R001742,Australia,Brazil,2804.07,40.94
P001210,R001858,United States,China,1028.3,
P001211,R002963,Brazil,Germany,1236.55,9.82
P001212,R000661,India,Germany,-866.02,16.92
P001213,R002805,India,Australia,569.32,10.44
P001214,R000519,United Arab Emirates,India,120.4,3.03
P001215,R001142,Australia,Australia,2275.05,41.14
P001216,R000144,UAE,India ,1372.45,17.44
P001217,R000660,india,France,707.09,18.91
P001218,R002858,India,India ,306.65,1.81
P001219,R000392,Mexico,United States,1496.47,11.29
P001220,R000512,Germany,Mexico,285.91,4.08
P001221,R001423,China,Australia,1264.42,22.18
P001222,R002727,UAE,Canada,374.51,5.68
P001223,R001643,Germany,France,929.68,15.92
P001224,R001133,Mexico,Japan,2491.77,
P001225,R001370,Australia,Australia,787.9,19.85
P001226,R000051,Canada,Germany,1131.72,25.45
P001227,R002561,Germany,France,4166.45,63.75
P001228,R002326,Mexico,Japan,990.85,17.95
P001229,R000088,Canada,UAE,278.82,5.85
P001230,R000607,Mexico,United Kingdom,1308.29,25.75
P001231,R002616,Brazil,China,508.08,3.63
P001232,R000061,France,Japan,3233.96,80.37
P001233,R001896,UAE,France,488.01,8.47
P001234,R001088,Australia,UAE,492.59,7.52
P001235,R002489,UAE,India,1107.96,30.43
P001236,R001906,India,UAE,906.72,24.0
P001237,R002991,Canada,Japan,1288.33,9.3
P001238,R002094,Australia,Germany,445.45,4.21
P001239,R000196,Germany,Brazil,1503.82,16.52
P001240,R002824,Germany,Brazil,144.45,1.88
P001241,R001416,China,India,402.03,3.37
P001242,R002647,Brazil,United Kingdom,1226.59,19.68
P001243,R001353,United Kingdom,China,118.43,1.62
P001244,R000523,United States,Germany,1054.93,25.23
P001245,R002662,United States,France,887.91,11.81
P001246,R002347,UAE,Australia,344.33,2.84
P001247,R002019,France,Australia,1056.22,14.41
P001248,R000140,Australia,India,363.19,2.39
P001249,R002795,India,UAE,1385.75,11.49
P001250,R001054,United Kingdom,UAE,954.34,10.81
P001251,R002190,Germany,Australia,1751.28,33.07
P001252,R002865,Brazil,United Kingdom,5510.52,59.68
P001253,R002846,Japan,United Kingdom,967.94,25.76
P001254,R001792,Germany,Germany,2024.7,10.94
P001255,R000783,United Kingdom,Mexico,222.94,3.19
P001256,R000113,Mexico,France,1223.94,8.35
P001257,R000603,Germany,Germany,83.13,2.06
P001258,R001290,Australia,Japan,1309.25,32.84
P001259,R000510,United Kingdom,Mexico,225.98,4.3
P001260,R002630,United Kingdom,Japan,1514.31,21.03
P001261,R002869,United Kingdom,France,2262.85,57.07
P001262,R001705,US,Brazil,1209.94,28.6
P001263,R001071,China,China,118.52,1.72
P001264,R000825,Australia,China,452.58,11.52
P001265,R001072,Mexico,United States,102.72,2.9
P001266,R001096,China,UAE,4982.56,137.43
P001267,R002343,Germany,Canada,1167.07,8.71
P001268,R001530,Brazil,United Kingdom,1428.64,36.56
P001269,R001004,Australia,united states,249.52,6.59
P001270,R000634,United Kingdom,India,292.51,4.66
P001271,R002207,India,Japan,561.26,
P001272,R001518,China,Brazil,1761.37,12.13
P001273,R000510,Japan,Brazil,315.18,8.1
P001274,R002232,United Kingdom,Mexico,4479.64,32.44
P001275,R001414,Japan,Australia,158.21,2.13
P001276,R001236,China, United Kingdom,555.47,5.88
P001277,R002034,United Kingdom,France,2621.43,74.28
P001278,R000022,USA,United Kingdom,248.53,4.74
P001279,R000949,Brazil,India,423.57,12.11
P001280,R000263,Canada,India,792.49,21.04
P001281,R001748,Brazil,Canada,253.34,4.29
P001282,R000183,Japan,Mexico,133.02,2.52
P001283,R002657,Canada,Australia,331.19,4.18
P001284,R001054,Germany,United States,2265.32,43.74
P001285,R002358,Japan,Canada,553.68,16.6
P001286,R002900,China,France,243.34,2.19
P001287,R002263,UAE,Australia,250.57,2.28
P001288,R000360,United States,United States,1655.46,45.76
P001289,R000255,France,United Kingdom,0,10.01
P001290,R000002,India,UAE,1027.7,13.57
P001291,R983646,Australia,Australia,490.06,3.83
P001292,R001328,Japan,India,0,8.49
P001293,R001936,UK,India,1660.6,26.15
P001294,R000440,United States,Japan,1807.53,29.53
P001295,R002350,Mexico,Mexico,270.92,
P001296,R000990,China,France,567.61,9.68
P001297,R002336,UAE,Canada,408.72,7.18
P001298,R000789,Germany,Canada,2072.42,55.68
P001299,R000018,Brazil,China,267.07,7.6
P001300,R957236,France,United Kingdom,1000.2,18.77
P001301,R001219,Mexico,Japan,948.64,24.33
P001302,R002021,U.K.,United Kingdom,290.29,3.75
P001303,R002155,United Kingdom,India,133.65,2.23
P001304,R001211,France,Japan,354.79,6.45
P001305,R002960,India,india,496.39,3.19
P001306,R001053,Brazil,UAE,525.26,8.72
P001307,R002301,Brazil,India ,479.29,7.59
P001308,R000310,Australia,Mexico,1264.78,19.8
P001309,R002015,Canada,Japan,1486.61,19.84
P001310,R002468,China,France,1942.96,12.24
P001311,R954932,Mexico,Australia,324.39,1.73
P001312,R001288,China,Mexico,594.97,4.92
P001313,R001044,United States,Australia,2812.43,30.62
P001314,R000977,Japan,US,568.48,10.24
P001315,R001010,Brazil,China,4244.63,124.71
P001316,R002619,Canada,Germany,393.72,4.07
P001317,R000350,Australia,Mexico,1140.04,24.97
P001318,R000463,France,France,1321.64,9.55
P001319,R002602,Canada,United States,571.83,10.17
P001320,R002804,India,China,0,9.13
P001321,R002935,India,UAE,237.43,2.13
P001322,R000589,China,Canada,466.33,7.56
P001323,R000207,Australia,India,181.34,3.62
P001324,R002569,Canada,Japan,1982.48,23.55
P001325,R001740,India,Canada,151.95,4.22
P001326,R001821,United Kingdom,China,354.58,9.83
P001327,R002385,France,United States,809.76,23.44
P001328,R001665,Mexico,Mexico,707.87,8.91
P001329,R000151,Mexico,India,295.17,4.37
P001330,R002767,United Kingdom,Germany,902.86,26.14
P001331,R000101,Japan,United States,189.84,3.34
P001332,R000491,United Kingdom,Mexico,818.98,11.06
P001333,R000102,United States,United States,322.75,8.52
P001334,R001661,Germany,Germany,175.18,1.71
P001335,R001779,Mexico,United States,500.83,12.13
P001336,R001348,Australia,India,1600.68,16.24
P001337,R000289,Japan,United Kingdom,307.87,4.02
P001338,R000034,Japan,Mexico,1317.79,37.28
P001339,R001426,France,Canada,630.65,6.41
P001340,R001468,United Kingdom,Brazil,249.69,4.43
P001341,R002664,France,Canada,447.55,7.39
P001342,R001224,Japan,United States,560.74,15.37
P001343,R002479,Brazil,Mexico,59.97,1.51
P001344,R003030,Japan,Australia,154.98,1.55
P001345,R002210,India,Brazil,436.33,2.59
P001346,R000602,India,UAE,178.72,1.13
P001347,R000655,Mexico,United States,1470.49,15.84
P001348,R001575,China,Brazil,1010.88,-17.26
P001349,R001327,Brazil,Australia,952.92,14.68
P001350,R002739,Japan,United Kingdom,331.09,3.09
P001351,R002867,China,UAE,256.2,3.71
P001352,R000891,United Kingdom,India,824.87,12.62
P001353,R000523,Japan,Canada,1431.6,40.6
P001354,R002976,UAE,UAE,4911.03,29.41
P001355,R003022,Brazil,China,2079.69,31.35
P001356,R000158,China,UAE,2535.2,53.12
P001357,R000054,Australia,Canada,1821.8,23.71
P001358,R000645,China,India,569.99,4.68
P001359,R002004,Canada,India,281.21,8.07
P001360,R001650,Canada,United Kingdom,91.91,2.22
P001361,R002431,Germany,Germany,508.31,8.87
P001362,R002339,Australia,Mexico,1732.35,46.22
P001363,R002397,France,Mexico,371.34,8.1
P001364,R001500,France,UAE,724.84,17.46
P001365,R001337,United States,Mexico,369.76,3.11
P001366,R002180,Canada,United Kingdom,1005.24,5.53
P001367,R001232,UAE,Mexico,496.23,11.82
P001368,R000767,Japan,Mexico,48.47,0.25
P001369,R002073,United Kingdom,France,183.0,4.66
P001370,R002028,india,France,1236.07,27.11
P001371,R002570,UAE,United Arab Emirates,78.98,1.78
P001372,R000675,Canada,United Kingdom,693.05,10.39
P001373,R000205,Germany,Brazil,1209.46,34.88
P001374,R002303,Brazil,India,168.36,1.37
P001375,R002625,United States,UAE,1749.83,45.61
P001376,R002249,UAE,Australia,2716.85,45.56
P001377,R002480,Australia,Germany,0,1.98
P001378,R000453,United States,United States,355.59,5.45
P001379,R001980,India,France,768.89,14.35
P001380,R001806,Australia,Japan,3233.34,83.09
P001381,R002238,India,UAE,442.89,10.75
P001382,R003018,Germany,Australia,0,35.9
P001383,R000690,France,Australia,707.62,18.44
P001384,,Canada,Australia,354.15,5.94
P001385,R001011,India,Canada,114.66,1.02
P001386,R001165,Canada,United States,302.84,2.15
P001387,R000534,France,Australia,303.54,8.56
P001388,R002759,UAE,Brazil,4020.86,111.74
P001389,R001913,UAE,Brazil,1570.1,21.42
P001390,R002263,United Kingdom,France,436.91,4.22
P001391,R001493,Canada,United Kingdom,743.02,19.16
P001392,R002991,France,China,335.21,4.83
P001393,R000314,China,United States,2261.84,
P001394,R002576,Canada,Australia,340.99,8.58
P001395,R002753,China,France,304.52,3.65
P001396,R002334,Japan,Brazil,678.04,18.06
P001397,R001018,Brazil,UAE,165.73,1.83
P001398,R000600,Australia,Australia,533.98,12.65
P001399,R000613,Mexico,Mexico,349.09,6.55
P001400,R001025,UAE,Germany,1055.14,18.29
P001401,R002714,UAE,United States,2442.9,14.66
P001402,R001188,Brazil,China,646.42,5.69
P001403,R002380,India,Germany,748.96,16.23
P001404,R000951,Mexico,China,1270.71,24.99
P001405,R002672,United Kingdom,UAE,130.6,2.11
P001406,R002425,Australia,Australia,399.37,6.48
P001407,R000786,United States,China,1379.56,25.44
P001408,R000837,Japan,Australia,2051.34,30.5
P001409,R001848,Canada,United Kingdom,1272.76,26.92
P001410,R000527,China,Canada,2839.13,15.64
P001411,R001476,China,Japan,317.53,3.22
P001412,R973964,Japan,India,1909.85,34.72
P001413,R002818,China,UAE,641.61,18.12
P001414,R001698,United Kingdom,China,105.7,0.84
P001415,R001646,Brazil,China,29.35,0.74
P001416,R001765,United States,United Kingdom,990.51,27.51
P001417,R001828,France,Brazil,516.9,14.77
P001418,R000297,Canada,UAE,5004.42,122.42
P001419,R001278,United Kingdom,UAE,837.6,6.93
P001420,R000328,United Kingdom,UAE,433.25,7.56
P001421,R002220,France,United States,729.92,6.48
P001422,R000603,France,France,,6.52
P001423,R002298,France,India,216.43,4.45
P001424,R001198,Mexico,Germany,669.79,6.41
P001425,R001466,United Kingdom,Germany,298.03,5.77
P001426,R002723,UAE,Brazil,1541.26,36.15
P001427,R002787,Brazil,Mexico,5095.72,68.23
P001428,R001723, United Kingdom,UAE,454.01,
P001429,R000752,Australia,Canada,2998.27,63.57
P001430,R000687,Canada,Mexico,145.44,1.04
P001431,R001924,Canada,France,1716.57,12.49
P001432,R001654,Mexico,India ,832.49,6.81
P001433,R001775,UAE,Australia,1098.6,15.29
P001434,R001402,india,United Kingdom,2122.5,12.93
P001435,R002640,Australia,Canada,915.79,10.0
P001436,R000709,Canada,France,157.03,1.05
P001437,R000310,Japan,Brazil,1321.97,
P001438,R000995,UAE,India ,1081.57,16.65
P001439,R002683,United States,Mexico,480.44,11.05
P001440,R000736,Japan,United Kingdom,561.73,5.49
P001441,R001994,UAE,Germany,1434.61,25.72
P001442,R001967,Australia,Mexico,799.35,15.43
P001443,R002164,United Kingdom,United States,439.49,12.17
P001444,R000049,United Kingdom,China,731.07,
P001445,R001260,United States,Brazil,233.17,3.56
P001446,R000542,United Kingdom,Mexico,305.96,3.66
P001447,R001457,Germany,United States,643.84,8.44
P001448,R002522,Germany,Australia,611.03,10.1
P001449,R001187,UK,Brazil,791.4,17.24
P001450,R001240,France,Japan,632.6,14.84
P001451,R000721,Canada,UAE,190.55,5.08
P001452,R002293,Brazil,China,2946.56,24.04
P001453,R002487,Mexico,Australia,2021.55,57.91
P001454,R002338,France,India,945.21,10.98
P001455,R002377,Japan,Australia,415.69,11.78
P001456,,United Arab Emirates,Australia,1725.72,18.08
P001457,R000158,Australia,India,1519.64,24.43
P001458,R000787,Australia,China,2523.46,19.18
P001459,R002754,UAE,Brazil,1190.2,34.59
P001460,R002527,India,Australia,483.24,12.36
P001461,R000816,UAE,Japan,1144.67,20.56
P001462,R000147,India,Brazil,96.57,1.89
P001463,R002436,United States,Mexico,447.11,10.39
P001464,R001734,India,Mexico,3915.14,88.02
P001465,R001027,Japan,Australia,196.02,4.46
P001466,R001170,Canada,UAE,123.75,1.37
P001467,R001998,United Kingdom,United Kingdom,494.97,8.45
P001468,R002855,Mexico,United Kingdom,505.42,12.0
P001469,R000529,Canada,United Kingdom,1592.7,11.82
P001470,R001199,China,Australia,853.52,20.71
P001471,R002959,United States,India,657.11,6.74
P001472,R001289,China,Japan,136.04,2.07
P001473,R002999,Brazil,United States,670.88,$16.44
P001474,R000975,Canada,Brazil,-321.4,9.02
P001475,R001989,United States,India,1374.05,27.23
P001476,R002210,India,India,691.25,13.91
P001477,R001655,China,United States,61.05,
P001478,R002474,Germany,United States,2401.96,22.6
P001479,R000425,UAE,France,19.32,0.49
P001480,R001278,UAE,United States,224.92,5.43
P001481,R002643,France,France,752.0,21.29
P001482,R001839,Brazil,Japan,573.1,4.81
P001483,R001629,Germany,Canada,1106.17,19.87
P001484,R001082,Canada,United Arab Emirates,373.68,5.67
P001485,R001790,Australia,Canada,318.0,4.64
P001486,R002425,China,Germany,538.58,4.99
P001487,R002276,Canada,Brazil,2762.12,32.26
P001488,R002157,Japan,Germany,204.12,4.14
P001489,R000494,Germany,India ,685.77,13.13
P001490,R966570,Mexico,France,884.83,24.6
P001491,R002401,China,Germany,765.09,21.92
P001492,R002530,Australia,Mexico,386.27,4.85
P001493,R000984,UAE,Canada,456.43,12.5
P001494,R001758,India,Australia,565.5,9.08
P001495,R960015,Germany,France,648.49,3.99
P001496,R000014,Mexico,United States,88.29,1.49
P001497,R002672,Mexico,Canada,1151.52,23.41
P001498,R002960,Brazil,United States,966.65,15.32
P001499,R001053,Canada,United Kingdom,1558.65,39.72
P001500,R002355,Canada,United States,109.58,0.68
P001501,R002751, United Kingdom,Mexico,868.9,18.87
P001502,R000985,Germany,Japan,582.01,14.73
P001503,R002025,UAE,UK,767.92,20.22
P001504,R001184,Australia,Canada,535.03,14.77
P001505,R001751,Australia,Brazil,976.8,12.71
P001506,R002974,United Arab Emirates,Japan,355.16,2.17
P001507,R002685,Canada,France,715.55,16.46
P001508,R001489,United States,Brazil,131.14,1.28
P001509,R002104,Brazil,France,459.48,9.99
P001510,R000610,UAE,United States,482.94,6.7
P001511,R000434,Australia,Japan,60.04,0.78
P001512,R000962,United Kingdom,Japan,736.38,4.11
P001513,R001184,Australia,France,928.35,14.63
P001514,R001572,France,China,455.27,3.35
P001515,R000165,India,Australia,1361.1,32.61
P001516,R001497,United States,Germany,2424.3,15.37
P001517,R002608,UAE,United States,4674.96,39.8
P001518,R000725,China,India,191.38,3.37
P001519,R002973,Germany,Brazil,1121.6,20.89
P001520,R001165,France,Germany,746.54,19.46
P001521,R001125,France,China,629.08,14.51
P001522,R002108,IN,Mexico,191.57,5.64
P001523,R002017,India,UAE,647.76,5.81
P001524,R000216,Japan,Australia,68.75,1.44
P001525,R001499,Canada,France,539.52,4.44
P001526,R002005,United Kingdom,UAE,126.93,3.45
P001527,R000044,United Kingdom,Brazil,398.49,2.4
P001528,R002897,Japan,United Kingdom,1748.55,$10.11
P001529,R000704,United Kingdom,Japan,338.21,9.87
P001530,R001587,United Kingdom,Germany,98.99,1.39
P001531,R002099,Brazil,Mexico,860.52,5.73
P001532,R002313,Mexico,India,320.58,9.21
P001533,R002664,Canada,Japan,4790.53,53.41
P001534,R002673,United States,Mexico,140.04,3.16
P001535,R984340,France,Canada,11310.6,75.78
P001536,R000855,Canada,Germany,374.35,8.78
P001537,R000318,united states,UAE,359.02,3.49
P001538,R000021,UAE,Brazil,162.26,4.31
P001539,R002077,Australia,Japan,957.29,27.34
P001540,R002892,France,United States,74.85,0.81
P001541,R001256,Japan,Brazil,874.39,5.46
P001542,R000048,India,Australia,1554.86,28.52
P001543,R002219,China,Brazil,185.95,5.32
P001544,R002509,United Kingdom,France,3289.29,56.68
P001545,R002305,United States ,Brazil,282.82,5.04
P001546,R001616,China,UAE,478.42,8.02
P001547,R002105,United Kingdom,Brazil,121.68,2.76
P001548,R970447,Mexico,Brazil,560.21,3.39
P001549,R002317,Germany,UAE,-1036.12,18.04
P001550,R002933,Brazil,Japan,189.3,4.55
P001551,R001992,India,United States,787.22,23.32
P001552,R000252,China,Canada,971.49,15.88
P001553,R000674,Mexico,Canada,1333.25,24.69
P001554,R948668,United Kingdom,Mexico,621.59,8.91
P001555,R000863,Canada,France,2190.18,37.96
P001556,R000762,Australia,Canada,182.9,5.03
P001557,R000124,Australia,Japan,923.87,20.19
P001558,R002086,UAE,China,304.6,6.12
P001559,R001497,Mexico,Canada,862.54,6.92
P001560,R000074,Japan,China,701.49,10.57
P001561,R001460,Japan,United Kingdom,292.7,5.77
P001562,R001391,India,Germany,577.31,5.41
P001563,R002582,Brazil,Australia,286.32,8.5
P001564,R001318,India,Germany,4163.88,
P001565,R000132,United Kingdom,Australia,1210.03,8.92
P001566,R000909,United Kingdom,France,4278.07,24.03
P001567,R000810,UAE,Australia,258.2,6.52
P001568,R000494,Australia,China,113.93,0.75
P001569,R000418,United States,China,889.81,8.06
P001570,R936477,China,Germany,910.18,10.24
P001571,R002495,UAE,United Kingdom,1294.7,8.6
P001572,R002648,Mexico,United Kingdom,1303.26,19.7
P001573,R002564,Germany,France,3907.71,55.06
P001574,R001604,Brazil,India,1289.75,37.75
P001575,R000151,France,Japan,220.16,2.07
P001576,R001380,Japan,UAE,155.0,2.51
P001577,R000976,Canada,Brazil,4297.74,48.8
P001578,R000034,China,Brazil,626.8,11.65
P001579,R001896,Mexico,Japan,2463.0,31.08
P001580,R000064,United Kingdom,United Kingdom,273.04,6.08
P001581,R000388,China,U.A.E.,1245.9,18.39
P001582,R002882,Australia,United Kingdom,270.16,3.83
P001583,R003003,Canada,Australia,56.71,0.43
P001584,R002919,India,Canada,1963.24,42.49
P001585,R002501,United Kingdom,France,188.97,2.3
P001586,R000226,UK,China,168.14,1.72
P001587,R002039,United States,India,556.14,3.1
P001588,R002109,United Kingdom,Japan,567.56,6.07
P001589,R002961,Australia,Germany,826.81,9.91
P001590,R002815,Germany,United Kingdom,929.73,6.4
P001591,R001948,France,UAE,271.51,2.27
P001592,R000352,UAE,China,170.72,3.88
P001593,R000002,Germany,Brazil,2270.6,43.0
P001594,R002100,India,France,1456.76,11.52
P001595,R002692,Canada,Canada,187.14,3.45
P001596,R002737,UAE,Canada,127.53,2.56
P001597,R002595,Japan,Australia,425.3,11.39
P001598,R001208,India,Australia,165.52,1.89
P001599,R002367,Mexico,Mexico,410.62,6.97
P001600,R000785,China,France,1357.19,19.28
P001601,R003021,Mexico,Germany,0,7.59
P001602,R002535,China,Brazil,1999.52,42.53
P001603,R000710,Mexico,Australia,454.5,9.25
P001604,R001025,China,Japan,1849.09,11.02
P001605,R001340,UAE,India,390.16,10.44
P001606,R001456,Brazil,United Kingdom,54.72,0.95
P001607,R003040,Japan,Germany,909.59,19.72
P001608,R000211,United Kingdom,Germany,90.94,0.77
P001609,R002602,France,India,338.7,5.41
P001610,R002919,UAE,UAE,51.22,1.13
P001611,R002634,UAE,Canada,603.14,
P001612,R000667,Brazil,France,735.86,18.53
P001613,R001060,France,India,1063.77,8.23
P001614,R002990,United States,France,127.45,2.45
P001615,R000441,United Kingdom,China,235.06,6.24
P001616,R001427,United States,Mexico,446.52,9.7
P001617,R000555,China,Mexico,1081.57,20.09
P001618,R000250,France,Brazil,782.95,22.44
P001619,R001520,Brazil,Mexico,229.87,3.53
P001620,R002242,Brazil,UK,1800.21,50.88
P001621,R002594,Mexico,india,132.29,3.43
P001622,R002757,Brazil,Australia,857.23,21.87
P001623,R002735,Germany,China,271.17,3.29
P001624,R001887,Brazil,China,1402.83,8.99
P001625,R001829,Germany,France,337.6,4.81
P001626,R002024,United States,Brazil,11988.5,278.32
P001627,R001697,Germany,France,878.62,12.19
P001628,R002261,France,Germany,2584.95,48.31
P001629,R002231,Australia,Australia,3990.5,83.85
P001630,R001332,Canada,France,468.79,3.74
P001631,R001727,Mexico,India,543.15,5.77
P001632,R002054,Mexico,Canada,2298.33,51.79
P001633,R002105,Mexico,Canada,665.62,16.46
P001634,R002819,United States,Australia,221.7,3.29
P001635,R002074,Canada,Germany,119.44,1.17
P001636,R002490,Canada,United States,760.77,22.62
P001637,R001722,Mexico,Mexico,347.83,3.19
P001638,R001689,Germany,France,1343.54,30.36
P001639,R003026,Brazil,Australia,392.41,11.24
P001640,R002417,Mexico,Mexico,3768.5,$62.64
P001641,R001275,UAE,Brazil,250.83,5.21
P001642,R001106,US,Mexico,174.15,3.08
P001643,,Germany,China,535.44,9.75
P001644,R001362,United Kingdom,Japan,1215.56,26.25
P001645,R001172,Brazil,Canada,1473.19,11.54
P001646,R001482,Brazil,United Kingdom,666.81,18.24
P001647,R000462,India,UAE,4060.52,113.68
P001648,R001310,Mexico,China,596.64,11.07
P001649,R000557,Canada,United States,455.65,3.97
P001650,R002848,Japan,Canada,891.54,20.38
P001651,R002172,India,Australia,200.02,5.58
P001652,R002607,Canada,Japan,1832.52,27.23
P001653,R000221,United States,Brazil,2235.83,11.25
P001654,R000742,Australia,UAE,730.9,15.99
P001655,R002592,Brazil,Australia,235.95,3.64
P001656,R000642,Germany,UAE,784.85,5.38
P001657,R002015,China,Canada,3812.93,37.37
P001658,R001843,India,Mexico,1095.1,29.97
P001659,R000236,Brazil,Germany,0,11.22
P001660,R000814,India,UAE,1700.58,16.01
P001661,R002886,Australia,Canada,195.75,3.82
P001662,R002067,Germany,France,500.24,10.88
P001663,R002560,Australia,China,1261.64,12.23
P001664,R000370,Germany,United Kingdom,148.66,1.53
P001665,R002968,Brazil,Australia,2086.66,26.77
P001666,R001760,Japan,Germany,158.32,2.57
P001667,R000352,Japan,Japan,372.65,4.85
P001668,R002544,Australia,Germany,1997.17,38.24
P001669,R002066,China,Mexico,550.75,4.92
P001670,R000902,Japan,France,763.49,16.24
P001671,R000927,France,Brazil,4706.08,128.2
P001672,R001021,UAE,Mexico,1644.29,39.08
P001673,R000368,United States,Germany,581.5,10.01
P001674,R000345,United States,India ,129.6,3.83
P001675,R002007,Canada,Germany,1751.01,37.97
P001676,R001114,Brazil,Germany,595.39,12.25
P001677,R002008,United Arab Emirates,United Arab Emirates,496.96,3.18
P001678,R002009,UAE,France,636.81,8.48
P001679,R001592,Brazil,Brazil,439.35,7.01
P001680,R000233,Brazil,India,322.53,7.17
P001681,R000909,United States,United States,398.5,7.12
P001682,R002550,United States,France,359.26,7.11
P001683,R001561, United Kingdom,Canada,238.95,1.63
P001684,R001585,China,Germany,1198.27,28.56
P001685,R001251,Australia,United Kingdom,1377.94,31.57
P001686,R002110,Brazil,Brazil,503.26,10.6
P001687,R994443,Japan,UAE,5183.0,30.89
P001688,R000506,China,India,,42.55
P001689,R000303,Canada,Mexico,1171.95,$16.33
P001690,R001807,France,UAE,1574.93,35.15
P001691,R001935,UAE,Australia,173.56,4.65
P001692,R001680,Brazil,Germany,2173.12,41.36
P001693,R000306,France,United States,332.98,9.01
P001694,R001430,France,Japan,3889.56,75.64
P001695,R001213,United Kingdom,UAE,10786.49,255.99
P001696,R001333,IN,Mexico,6775.06,115.59
P001697,R000943,India,Germany,1216.19,8.93
P001698,R000352,United Kingdom,UAE,1424.64,18.22
P001699,R000054,Japan,France,1519.22,19.23
P001700,R000541,United Kingdom,Germany,0,9.37
P001701,R001611,Australia,Canada,1135.18,32.24
P001702,R001985,China,China,288.75,6.42
P001703,R002850,Mexico,Canada,3777.97,51.38
P001704,R001296,China,France,1392.45,19.33
P001705,R000728,China,Australia,2393.07,14.91
P001706,R000692,Australia,Japan,702.78,16.9
P001707,R001794,United Kingdom,France,413.06,7.61
P001708,R002896,United States,Germany,181.85,2.94
P001709,R002254,Germany,France,344.74,2.35
P001710,R002898,IN,Mexico,580.84,17.21
P001711,R000281,Mexico,UAE,1439.88,27.14
P001712,R002222,France,United Kingdom,990.74,8.41
P001713,R000891,Canada,Brazil,850.14,6.29
P001714,R001484,Canada,Germany,1343.88,24.94
P001715,R000548,Japan,Japan,588.56,10.7
P001716,R002892,Mexico,UAE,1347.8,13.77
P001717,R000144,Japan,Australia,835.47,18.07
P001718,R002112,Canada,France,796.4,7.25
P001719,R001254,Mexico,U.K.,320.11,7.49
P001720,R000037,Mexico,UAE,471.17,9.42
P001721,R001590,Brazil,Australia,102.31,0.95
P001722,R002134,UAE,India,278.98,6.01
P001723,R000007,India,China,1927.1,17.26
P001724,R000262,Canada,Brazil,310.48,4.85
P001725,R001726,Mexico,Australia,977.96,10.93
P001726,R000988,Japan,Mexico,285.37,7.72
P001727,R001338,Canada,Mexico,1608.78,43.91
P001728,R001081,Canada,Japan,1056.02,7.6
P001729,R002498,UAE,India ,193.92,2.87
P001730,R002278,UAE,China,1720.31,35.47
P001731,R002545,France,Canada,2372.08,28.62
P001732,R000261,China,Brazil,291.99,6.71
P001733,R000600,Australia,United States,516.5,9.09
P001734,R002713,France,United States,243.75,3.2
P001735,R000365,Australia,UAE,1532.64,20.47
P001736,R002557,United Kingdom,UAE,684.35,12.29
P001737,R002660,united states,Canada,679.75,11.14
P001738,R001924,China,China,78.33,2.2
P001739,R001044,Australia,Canada,574.82,3.22
P001740,R002849,Germany,United Kingdom,2508.94,26.3
P001741,R001087,Mexico,United States,6058.3,95.25
P001742,R001393,Australia,United States,2417.64,12.13
P001743,R001289,United Kingdom,Mexico,,44.9
P001744,R001539,UAE,China,407.89,4.73
P001745,R000267,China,India,359.34,2.14
P001746,R001415,France,Japan,324.6,2.49
P001747,R002367,France,Japan,471.26,10.83
P001748,R002435,UAE,Germany,428.56,2.37
P001749,R001245,India,Australia,1263.04,13.36
P001750,R002110,China,Australia,151.05,2.7
P001751,R002176,Australia,UAE,456.72,5.18
P001752,R000822,China,Brazil,95.64,1.39
P001753,R000018,UAE,United States,1619.72,24.78
P001754,R002068,United States,China,462.38,12.22
P001755,R000332,Australia,Japan,3681.62,105.3
P001756,R002792,Australia,France,1354.51,9.99
P001757,R000252,UAE,Canada,97.29,0.97
P001758,R002306,Canada,Brazil,173.62,4.67
P001759,R002210,Brazil,UAE,447.82,4.01
P001760,R001407,France,China,6237.61,139.08
P001761,R003036,United Kingdom,France,260.09,3.79
P001762,R000740,Australia,Japan,808.28,12.92
P001763,R002491,Mexico,Mexico,1906.45,12.74
P001764,R000927,Australia,Canada,2479.05,50.48
P001765,R002211,Australia,France,575.45,14.85
P001766,R001358,Australia,Germany,235.18,
P001767,R000903,Germany,Canada,654.38,8.23
P001768,R000735,Australia,Germany,1774.7,22.0
P001769,R000602,Japan,Brazil,1299.09,22.59
P001770,R001643,China,France,110.39,1.19
P001771,R001790,Mexico,India,136.55,1.15
P001772,R002595,Australia,Brazil,152.11,4.46
P001773,R001329,United States,Germany,1849.21,18.2
P001774,R943731,Germany,Japan,187.96,0.98
P001775,R001891,Australia,UAE,168.92,4.39
P001776,R001788,Canada,Germany,726.5,13.51
P001777,R001511,Japan,France,1761.47,37.6
P001778,R001949,India,United States,3228.68,19.76
P001779,R000947,Mexico,Mexico,197.94,1.26
P001780,R002123,Canada,Australia,5766.03,156.81
P001781,R000209,Canada,UAE,103.39,0.79
P001782,R002156,Brazil,Brazil,401.88,5.97
P001783,R965159,Japan,Canada,1165.21,15.05
P001784,R002527,Australia,India,224.55,3.95
P001785,R002211,China,France,487.74,12.21
P001786,R000391,United States,Canada,418.61,10.98
P001787,R001320,United Kingdom,United Kingdom,37.18,0.84
P001788,R000918,France,France,121.51,3.3
P001789,R001946,Germany,Brazil,622.05,12.08
P001790,R001055,China,Brazil,322.22,8.08
P001791,R002944,Mexico,Japan,277.17,1.69
P001792,R002333,Mexico,United States,421.37,7.29
P001793,R002413,UAE,France,2402.91,64.92
P001794,R000338,Japan,United Kingdom,1844.16,11.49
P001795,R002002,United States,France,62.26,0.31
P001796,R002490,UAE,United Kingdom,1468.0,11.79
P001797,R000804,Brazil,US,217.29,1.7
P001798,R000811,Mexico,France,3893.35,88.78
P001799,R000351,UAE,India,229.47,2.17
P001800,R002288,France,United Kingdom,1285.57,34.18
P001801,R000163,United Kingdom,Canada,425.67,10.35
P001802,R001892,Canada,India,985.47,23.88
P001803,R002982,United States,Brazil,443.83,8.84
P001804,R000068,UAE,Japan,195.3,1.57
P001805,R001438,United States,China,287.13,5.09
P001806,R001828,Australia,India,109.57,1.85
P001807,R002924,Japan,United States,1984.5,27.96
P001808,R002131,Brazil,U.A.E.,1420.76,12.93
P001809,R002625,Germany,France,868.44,12.62
P001810,R002514,United States,Germany,938.11,21.78
P001811,R001438,United States,Germany,247.55,7.01
P001812,R960308,Canada,Mexico,773.58,4.97
P001813,R000581,Japan,United Arab Emirates,350.61,9.59
P001814,R000445,Japan,China,5089.88,131.26
P001815,R001169,Canada,Brazil,951.66,8.33
P001816,R000385,Mexico,Germany,306.6,5.12
P001817,R000798,Japan,Australia,452.01,9.02
P001818,R002918,Japan,Germany,615.37,16.85
P001819,R001795,Mexico,Australia,421.53,12.46
P001820,R001641,China,Germany,235.18,6.5
P001821,R002431,United Kingdom,Mexico,0,18.15
P001822,R000693,France,India,1496.04,34.0
P001823,R001271,Germany,Canada,1637.14,16.39
P001824,R002655,United Kingdom,France,1293.71,-13.57
P001825,R000967,United States,Japan,239.59,3.83
P001826,R002960,Australia,Canada,1299.35,21.22
P001827,R000657,India,Canada,1293.39,32.08
P001828,R002405,Japan,Mexico,1044.68,11.19
P001829,R002689,China,China,1786.0,21.16
P001830,R001643,Brazil,India,322.83,3.82
P001831,R000731,India,India,469.05,4.8
P001832,R002643,China,Mexico,1605.06,12.22
P001833,R002199,France,Australia,604.05,13.9
P001834,R000900,Brazil,Brazil,359.11,10.08
P001835,R001233,Canada,Brazil,884.97,17.0
P001836,R000242,China,United Kingdom,2444.49,27.95
P001837,R001994,Canada,United Kingdom,333.15,7.44
P001838,R000809,Canada,India,5291.09,55.72
P001839,R000394,Australia,China,302.99,6.64
P001840,R002517,Japan,United Kingdom,571.3,11.68
P001841,R002953,Brazil,China,3120.45,51.2
P001842,R000562, United Kingdom,India,661.64,
P001843,R963135,Australia,France,1764.66,44.18
P001844,R002337,Australia,Brazil,159.79,2.42
P001845,R002041,Japan,Australia,414.53,10.63
P001846,R955190,Brazil,Japan,764.2,19.22
P001847,R001648,Japan,India ,141.54,1.96
P001848,R001962,Mexico,Germany,184.45,1.43
P001849,R000649,France,Brazil,1362.5,33.87
P001850,R000200,France,United Kingdom,502.74,13.26
P001851,R002141,Germany,Mexico,407.06,5.56
P001852,R003035,United States,UAE,431.8,$3.25
P001853,R001873,Brazil,United Kingdom,4054.53,91.99
P001854,R001085,UAE,China,1760.52,26.3
P001855,R001978,Mexico,Australia,1241.28,
P001856,R002491,Canada,Germany,592.64,11.14
P001857,R002628,India,Canada,136.51,2.84
P001858,R922836,United Kingdom,UAE,656.33,8.75
P001859,R002841,China,United States ,472.15,7.66
P001860,R003033,China,France,117.58,1.81
P001861,R002028,Australia,Canada,4452.05,103.81
P001862,R001529,Japan,France,1649.12,18.55
P001863,R002192,UAE,United States,1103.7,22.34
P001864,R002522,India,Germany,109.05,1.87
P001865,R000091,Mexico,UAE,2170.24,27.88
P001866,R001840,Japan,United Kingdom,460.49,3.52
P001867,R000688,United States,China,419.83,9.27
P001868,R001676,India,UAE,988.05,22.96
P001869,R002889,Brazil,Brazil,765.98,4.83
P001870,R002254,China,France,5424.78,159.5
P001871,R001922,Japan,Japan,166.43,3.05
P001872,R002004,France,Germany,514.71,10.1
P001873,R000496,Mexico,UAE,174.67,4.44
P001874,R002474,Japan,Germany,187.37,3.25
P001875,R000353,UAE,UAE,1031.4,24.3
P001876,R000900,Canada,United Kingdom,663.67,8.38
P001877,R000638,Mexico,France,3190.73,93.63
P001878,R001967,United Kingdom,Canada,252.05,3.03
P001879,R001316,Japan,United States,3742.66,87.12
P001880,R000941,UAE,Japan,340.95,6.22
P001881,R001031,Mexico,Japan,393.54,4.82
P001882,R000006,UAE,Canada,276.18,5.9
P001883,R001309,India,Mexico,894.76,10.81
P001884,R002476,United States,Mexico,-1390.79,28.11
P001885,R000759,China,Canada,328.36,
P001886,R000048,Mexico,UAE,2928.66,19.3
P001887,R001850,United Kingdom,India,236.87,3.53
P001888,R000259,Japan,Japan,695.63,8.48
P001889,R001483,Germany,Mexico,1133.74,9.08
P001890,R001583,Japan,Japan,1747.67,25.08
P001891,R002283,United Kingdom, United Kingdom,2584.6,74.37
P001892,R002347,Mexico,Australia,526.84,5.96
P001893,R002665,Brazil,India,1150.7,21.12
P001894,R001580,United States,Germany,1178.96,17.24
P001895,R002034,United States,UAE,281.3,4.24
P001896,R002699,UAE,United States,535.87,9.12
P001897,R002916,Australia,Canada,240.68,3.47
P001898,R000681,Canada,Germany,407.25,9.02
P001899,R001590,France,France,572.55,9.11
P001900,R001260,Japan,Canada,1115.81,27.97
P001901,R000643,United States,Canada,403.58,6.93
P001902,R000714,Canada,Germany,1731.29,21.13
P001903,R000180,Canada,Canada,164.64,1.79
P001904,R000798,China,China,428.5,12.17
P001905,R001717,india,India,366.71,6.6
P001906,R000827,UAE,China,1640.34,24.4
P001907,R002958,Mexico,Brazil,479.72,6.42
P001908,R001031,India,China,395.53,5.11
P001909,R002831,India,Mexico,191.51,4.2
P001910,R001538,Japan,Brazil,1232.82,8.19
P001911,R002487,Germany,Germany,123.73,1.21
P001912,R000479,United States,U.A.E.,1283.31,18.52
P001913,R002813,India,UAE,578.67,12.5
P001914,R000129,France,Canada,378.37,2.45
P001915,R001986,Mexico,India,459.24,5.8
P001916,R002934,Australia,India,479.78,11.52
P001917,R002187,India,Brazil,471.98,2.55
P001918,R000804,Germany,UAE,83.83,1.48
P001919,R001162,China,Germany,1796.03,34.25
P001920,R001757,India,UAE,213.63,4.99
P001921,R906419,United Kingdom,Canada,236.38,6.33
P001922,R002288,Japan,United Kingdom,500.55,9.4
P001923,R000555,Brazil,Japan,0,19.76
P001924,R001530,Australia,Japan,843.67,15.29
P001925,R000733,United States,Canada,245.69,2.48
P001926,R001340,India,UAE,2716.88,53.69
P001927,R000715,United States,Mexico,529.49,3.93
P001928,R000228,China,India,4108.74,101.97
P001929,R002631,Canada,UK,1023.82,21.22
P001930,R000438,India,Japan,1066.95,23.4
P001931,R000692,France,India,304.61,1.71
P001932,R002125,Australia,India,116.21,2.53
P001933,R002550,India,Mexico,264.63,2.75
P001934,R002972,Japan,Germany,1477.86,36.87
P001935,R002243,Japan,India,792.8,22.23
P001936,R002781,Canada,France,187.04,4.96
P001937,R000901,Australia,Canada,3970.3,44.85
P001938,R000107,France,Germany,698.77,17.36
P001939,R002093,Mexico,Mexico,819.47,5.85
P001940,R001641,Brazil,United States,1174.01,6.52
P001941,R001378,Brazil,United States,331.62,
P001942,R000046,Canada,Japan,2453.82,54.97
P001943,R002607,Australia,Australia,137.07,1.86
P001944,R000527,Canada,France,1199.91,28.26
P001945,R000840,Germany,United States,8437.08,149.7
P001946,R002138,United States,Brazil,103.81,0.59
P001947,R001909,United Kingdom,India,161.82,2.17
P001948,R002124,Australia,Mexico,1628.68,
P001949,R908621,China,France,116.7,1.87
P001950,R002159,Mexico,China,1097.92,24.52
P001951,R000073,India,Brazil,672.56,4.56
P001952,R002015,Mexico,Australia,1184.7,30.84
P001953,R002104,United Kingdom,Germany,343.47,$7.02
P001954,R001489,India,Japan,532.47,13.69
P001955,R001800,UAE,Mexico,712.03,17.59
P001956,R001957,United States,Japan,1601.11,16.61
P001957,R002931,India,Japan,241.2,1.45
P001958,R000780,Brazil,United States,391.93,5.27
P001959,R002340,Japan,Mexico,406.72,6.29
P001960,R002899,Japan,Canada,25.68,0.3
P001961,R001985,Germany,France,2198.33,12.59
P001962,R002058,France,Canada,140.63,1.75
P001963,R001372,UAE,China,3185.96,84.98
P001964,R000264,Germany,China,1232.03,21.41
P001965,R963098,Germany,France,1017.53,8.42
P001966,R002282,United States,Germany,249.68,4.0
P001967,R000979,Japan,France,1279.38,8.48
P001968,R000496,Japan,india,578.36,15.95
P001969,R000413,India,India,751.13,19.98
P001970,R001188,Canada,China,3507.14,71.85
P001971,R002856,Brazil,UAE,522.72,13.11
P001972,R001708,Canada,Australia,2747.38,45.5
P001973,R000977,Canada,UK,474.17,13.53
P001974,R000871,United Kingdom,Germany,33.47,0.82
P001975,R002610,Canada,UAE,223.67,5.71
P001976,R001268,Mexico,UAE,182.18,3.04
P001977,R002339,Canada,Japan,829.12,24.21
P001978,R001293,India,Brazil,1378.59,8.02
P001979,R000533,Australia,United Kingdom,1202.98,20.09
P001980,R001974,Brazil,Canada,1886.62,11.76
P001981,R000695,United States,United States,1056.97,27.81
P001982,R001759,Canada,Mexico,167.1,2.16
P001983,R000967,Brazil,Australia,829.56,9.99
P001984,R002295,Brazil,Germany,346.57,3.11
P001985,R001932,United States,Mexico,695.67,17.61
P001986,R001976,UAE,UAE,461.65,7.54
P001987,R002136,United Kingdom,Germany,402.12,7.21
P001988,R000806,United Kingdom,Germany,488.49,12.09
P001989,R002728,UAE,Canada,3118.12,63.79
P001990,R001912,Mexico,United States,86.99,2.05
P001991,R002249,China,China,192.05,3.75
P001992,R002181,United States,India,212.46,
P001993,R000138,United Kingdom,France,451.35,8.75
P001994,R000371,Australia,France,,10.39
P001995,R001763,United States,Germany,45.8,0.99
P001996,R000643,Mexico,Mexico,425.13,7.35
P001997,R002107,Canada,France,1276.51,37.51
P001998,R001843,France,Australia,1752.92,12.72
P001999,R002034,China,China,121.49,2.45
P002000,R000405,Canada,Japan,1665.75,37.65
P002001,R002786,United States,Mexico,1322.22,26.1
P002002,R002597,Germany,United Kingdom,2051.54,59.33
P002003,R002518,United States,India,568.26,9.93
P002004,R002939,Germany,Japan,762.17,14.07
P002005,R001805,Germany,United Kingdom,1346.38,22.03
P002006,R001235,Australia,United Kingdom,707.0,10.25
P002007,R913565,India,US,131.31,2.13
P002008,R001149,United States,France,223.58,1.39
P002009,R000828,United States,Mexico,576.95,14.07
P002010,R000290,Australia,Brazil,3025.15,26.46
P002011,R000186,Australia,United Kingdom,-1002.92,19.35
P002012,R002863,China,Germany,291.64,1.54
P002013,,United Kingdom,Canada,315.16,2.6
P002014,R001262,Japan,UAE,328.28,9.73
P002015,R001886,Australia,Canada,468.0,5.95
P002016,R001370,Mexico,Japan,504.71,9.94
P002017,R001302,india,Japan,473.86,3.13
P002018,R000116,India,India,485.7,2.7
P002019,R000693,Japan,United Kingdom,134.89,2.84
P002020,R002959,France,United Kingdom,137.05,1.39
P002021,R001091,Canada,United Kingdom,368.23,7.86
P002022,R001696,Germany,Mexico,192.06,4.27
P002023,R001375,Japan,Brazil,480.64,9.19
P002024,R000799,Australia,United Kingdom,1285.54,10.12
P002025,R001237,France,France,1968.11,44.03
P002026,R002834,UAE,France,1276.29,10.9
P002027,R002907,Germany,Japan,610.57,12.87
P002028,R000472,United Kingdom,United Kingdom,1060.45,14.05
P002029,R001212,Mexico,United Kingdom,589.63,17.13
P002030,R000436,Australia,United States,504.11,12.65
P002031,R001635,China,Mexico,1079.97,32.28
P002032,R001324,Mexico,India,443.15,7.98
P002033,R002642,India,UAE,135.82,1.68
P002034,R002746,United States,United Kingdom,425.29,3.95
P002035,R001340,Brazil,United Kingdom,118.03,3.17
P002036,R001849,Germany,India,403.58,8.58
P002037,R001284,France,Japan,851.34,18.17
P002038,R997627,France,United States,767.98,21.74
P002039,R000210,Japan,China,611.12,-14.06
P002040,R001992,Australia,France,508.62,9.08
P002041,R001275,Canada,Brazil,791.99,8.55
P002042,R002418,UAE,Germany,1071.5,8.97
P002043,R002560,Mexico,Brazil,407.55,6.81
P002044,R000721,Mexico,Germany,190.51,2.46
P002045,R000053,France,United Kingdom,821.24,12.82
P002046,R001121,United States,Australia,218.81,6.41
P002047,R001887,UAE,United States,253.06,2.24
P002048,R002147, United Kingdom,Brazil,1443.15,17.6
P002049,R002407,Germany,Australia,795.61,7.67
P002050,,France,Japan,2470.27,54.84
P002051,R001804,China,Australia,1696.13,22.02
P002052,R002300,France,China,613.62,16.05
P002053,R985148,Germany,Australia,1479.73,24.13
P002054,R002117,Japan,United States,208.59,3.27
P002055,R001633,Brazil,Japan,515.2,9.5
P002056,R001553,United States,United Kingdom,635.2,15.58
P002057,R000281,United States,United States,448.74,9.87
P002058,R001188,Canada,Mexico,1380.61,7.53
P002059,R002724,Brazil,China,846.41,16.02
P002060,R000912,Canada,Canada,820.55,10.75
P002061,R002415,Brazil,United States,2863.08,24.07
P002062,R001546,France,Mexico,616.77,16.62
P002063,R002917,Australia,Canada,1809.73,35.55
P002064,R001457,Mexico,Japan,1870.78,40.18
P002065,R002285,Germany,Mexico,1202.35,17.98
P002066,R002334,France,China,2730.88,39.16
P002067,R000014,UAE,Canada,708.78,10.42
P002068,R002276,Germany,Mexico,857.75,13.15
P002069,R000656,Japan,Brazil,329.72,4.99
P002070,R002548,France,Mexico,415.72,8.25
P002071,R000568,Australia,Japan,808.3,19.64
P002072,R001053,Brazil,United Kingdom,454.23,12.46
P002073,R001313,UAE,Canada,972.58,20.82
P002074,R002675,Germany,Canada,639.1,11.86
P002075,R001688,China,UAE,,52.45
P002076,R000166,Brazil,Canada,590.39,
P002077,R002642,UAE,Brazil,1668.61,24.74
P002078,R001656,China,Australia,146.6,1.72
P002079,R000876,Canada,India,299.95,7.96
P002080,,India,United States,816.08,7.61
P002081,R001546,United Kingdom,Australia,405.33,5.52
P002082,R002866,China,France,606.74,14.69
P002083,R001495,China,United Kingdom,558.27,
P002084,R001393,China,India,546.13,9.15
P002085,R001261,Mexico,Mexico,147.51,3.96
P002086,R001463,China,Australia,720.28,15.68
P002087,R001676,United States,France,3296.1,86.3
P002088,R002132,Brazil,Germany,663.61,18.37
P002089,R000411,Canada,UAE,657.44,15.45
P002090,R002000,China,India,3682.7,50.43
P002091,R000034,Australia,France,7889.33,142.11
P002092,R002081,UAE,United States,256.79,5.87
P002093,R001911,Mexico,Germany,4070.4,107.99
P002094,R000391,Mexico,United Kingdom,562.93,8.56
P002095,R000805,Germany,Mexico,202.55,4.49
P002096,R001714,India,India,1379.27,37.15
P002097,R002587,Japan,United Kingdom,181.15,2.8
P002098,R000407,Mexico,Mexico,518.17,14.9
P002099,R000494,India,Australia,460.15,13.33
P002100,R002552,Germany,UAE,672.25,17.62
P002101,R000171,UK,Germany,174.86,0.96
P002102,R002121,United States,Japan,144.87,3.85
P002103,R002650,Mexico,Brazil,1358.64,16.42
P002104,R001733,UAE,Japan,2034.86,21.44
P002105,R001770,Mexico,United Kingdom,,12.95
P002106,R001243,Japan,india,131.5,3.32
P002107,R001444,Germany,India,331.02,8.28
P002108,R002669,Mexico,Canada,6307.14,126.81
P002109,R000478,Japan,Germany,268.38,6.89
P002110,R002718,Mexico,Canada,128.99,1.5
P002111,R000312,United Kingdom,Brazil,384.59,7.08
P002112,R001092, United Kingdom,Brazil,83.6,0.61
P002113,R001477,Germany,UAE,114.29,2.62
P002114,R000729,Australia,U.K.,357.83,5.48
P002115,R000682,Germany,United States,370.32,3.96
P002116,R002981,UAE,UAE,107.73,1.75
P002117,R002397,Japan,Germany,2181.22,40.2
P002118,R000692,United States,Brazil,416.08,11.24
P002119,R002778,Japan,Germany,444.07,7.04
P002120,R000131,China,Canada,417.29,
P002121,R001752,Mexico,Japan,608.96,11.48
P002122,R000153,France,Brazil,3890.29,36.71
P002123,R000927,UAE,Germany,1098.82,12.42
P002124,R001473,UAE,Canada,660.32,6.84
P002125,R947635,United Kingdom,Mexico,215.62,1.4
P002126,R001352,India,India,280.38,6.38
P002127,R959217,IN,United States,435.69,7.99
P002128,R001367,Brazil,France,409.54,8.25
P002129,R002208,Japan,Canada,1055.23,14.16
P002130,R000697,India,China,118.9,0.85
P002131,R002935,Australia,Germany,1477.91,15.63
P002132,R002615,Australia,China,492.62,10.57
P002133,R927045,United States,France,181.05,2.1
P002134,R913053,Australia,Australia,673.13,13.56
P002135,R000544,France,France,489.04,14.22
P002136,,Canada,UAE,300.99,5.82
P002137,R002581,UAE,United States,7793.12,219.75
P002138,R902380,Brazil,Mexico,397.97,4.35
P002139,R002274,Australia,United Kingdom,1724.62,19.95
P002140,R001642,Canada,Canada,3616.73,63.58
P002141,R000720,China,United States,685.86,4.59
P002142,R000678,Brazil,France,1556.49,19.05
P002143,R000162,UAE,Australia,1238.0,26.74
P002144,R000616,Mexico,Canada,1718.4,44.9
P002145,R001048,India,Canada,556.1,10.09
P002146,R001153,UAE,China,1343.09,23.36
P002147,R002007,France,China,944.87,12.12
P002148,R947021,China,China,0,4.47
P002149,R001004,Australia,United Kingdom,1354.31,36.08
P002150,R003023,Mexico,Germany,341.37,3.54
P002151,R000611,Brazil,UAE,3153.6,43.83
P002152,R001975,Mexico,Australia,289.26,6.82
P002153,R002545,United Kingdom,Japan,381.84,4.32
P002154,R001357,France,Canada,73.85,2.18
P002155,R002922,Canada,Brazil,275.18,4.07
P002156,R974709,Canada,China,3611.34,55.86
P002157,R002446,Canada,Brazil,3118.91,49.27
P002158,R000682,Germany,Australia,681.96,12.02
P002159,R000225,China,Germany,339.28,2.96
P002160,R001097,Brazil,China,837.73,8.3
P002161,R000623,Germany,United States,287.45,3.24
P002162,R000905,United Kingdom,UAE,440.76,5.81
P002163,R002877,India,Brazil,1143.04,11.71
P002164,R000588,Germany,Germany,446.18,9.72
P002165,R001945,Brazil,Canada,660.67,11.94
P002166,R001502,China,Mexico,1178.65,9.64
P002167,R002560,Germany,Mexico,1207.05,18.06
P002168,R001953,United States,Japan,392.21,4.54
P002169,R002772,UAE,France,326.9,6.18
P002170,R001568,Brazil,France,1202.95,9.82
P002171,R000878,Japan,Australia,591.56,17.36
P002172,R001252,Australia,Brazil,1384.85,18.66
P002173,R002322,Japan,Canada,322.5,2.77
P002174,R001952,France,Germany,432.4,9.28
P002175,R002043,China,Canada,1489.73,28.54
P002176,R002603,United States,Mexico,405.25,9.44
P002177,R001329,Canada,Japan,23.39,0.17
P002178,R002159,Australia,Brazil,1359.04,8.76
P002179,R002555,France,Germany,901.09,7.67
P002180,R002625,Germany,United States,404.93,6.11
P002181,R000202,Japan,Australia,3692.89,31.11
P002182,R002222,Canada,Brazil,225.9,3.82
P002183,R001533,Germany,Australia,678.29,16.34
P002184,R001955,China,Canada,581.26,17.32
P002185,R001896,Mexico,Mexico,122.0,2.7
P002186,R000878,UAE,United Kingdom,499.2,12.08
P002187,R000244,Canada,Germany,2101.67,12.64
P002188,R001909,Canada,United Kingdom,517.89,7.79
P002189,R002855,India,Germany,484.06,12.66
P002190,R002675,Canada,United States,2421.28,55.04
P002191,R002321,United States,India ,184.08,3.62
P002192,R001507,France,Canada,1822.3,24.7
P002193,R000749,india,Brazil,102.79,0.73
P002194,R000261,UAE,United States,1826.13,24.15
P002195,R001399,India,China,175.63,2.6
P002196,R002400,Australia,France,291.26,4.45
P002197,R001475,United States,Canada,190.26,4.38
P002198,R001524,united states,Germany,1327.33,8.03
P002199,R000913,China,Mexico,677.2,11.9
P002200,R002064,Brazil,India,1436.58,8.95
P002201,R001778,France,Brazil,776.15,15.01
P002202,R001186,UAE,Australia,432.78,11.64
P002203,R001978,Australia,Mexico,,6.56
P002204,R002630,Mexico,Japan,837.19,17.94
P002205,,United Kingdom,Mexico,752.55,12.02
P002206,R000984,United Arab Emirates,Brazil,411.7,9.16
P002207,R002975,France,France,645.32,11.0
P002208,R000073,United Kingdom,U.A.E.,497.3,3.29
P002209,R000668,Mexico,UAE,453.8,8.78
P002210,R002586,Brazil,Mexico,743.67,
P002211,R000315,Japan,United Kingdom,7126.7,189.04
P002212,R001053,India,China,324.44,6.21
P002213,R002245,Japan,United States,3674.63,78.0
P002214,R000007,Japan,India,1279.0,10.68
P002215,R002527,UAE,UAE,525.96,11.46
P002216,R001561,Mexico,China,215.7,2.23
P002217,R002748,Canada,China,150.3,2.95
P002218,R001341,Australia,United States,403.58,5.24
P002219,R955913,France,Japan,625.64,15.8
P002220,R000063,India,Germany,2024.89,45.46
P002221,R002553,China,China,1701.32,21.73
P002222,R000046,Mexico,France,500.91,12.92
P002223,R001033,Australia, United Kingdom,403.85,11.92
P002224,R002014,China,United States,503.03,4.28
P002225,R000711,Brazil,U.A.E.,662.81,8.65
P002226,R002270,Canada,Germany,313.8,8.97
P002227,R000798,United States,UAE,764.29,
P002228,R001665,Brazil,Australia,700.9,16.74
P002229,R001296,Canada,Brazil,718.39,14.49
P002230,R002183,India,France,2861.27,59.28
P002231,R001192,Brazil,Brazil,2541.24,47.89
P002232,R001779,Mexico,Mexico,1030.53,10.71
P002233,R002948,United States,United States,921.08,
P002234,R002252,Brazil,Australia,6272.44,161.39
P002235,R001163,Japan,Japan,43.56,0.7
P002236,R001503,United States,Germany,1772.71,10.56
P002237,R000259,Mexico,Australia,8652.92,176.35
P002238,R002955,United Kingdom,Canada,477.19,9.48
P002239,R001774,united states,United States,914.22,18.14
P002240,,India,India,628.91,6.72
P002241,R001495,Germany,UAE,856.63,7.95
P002242,R002223,Mexico,Japan,1893.64,39.93
P002243,R000252,Brazil,Japan,3301.76,23.77
P002244,R000114,Brazil,Germany,521.61,6.69
P002245,R003030,UAE,India,1577.93,26.13
P002246,R001640,France,Brazil,1814.73,51.23
P002247,R001334,United Kingdom,UAE,491.04,6.18
P002248,R000079,United Kingdom,Germany,946.56,26.76
P002249,R001796,Japan,Australia,1049.56,11.7
P002250,R000070,Mexico,Japan,130.36,3.34
P002251,R000412,United States,Canada,1160.16,5.96
P002252,R001285,France,Mexico,98.59,1.29
P002253,R001900,UAE,China,1435.93,30.33
P002254,R000887,United States,Canada,923.74,24.32
P002255,R000248,Canada,Japan,1914.44,22.24
P002256,R000467,China,Australia,41.04,0.22
P002257,R001852,India,UAE,1994.59,37.74
P002258,R001303,UAE,UAE,1779.42,41.65
P002259,R002361,Mexico,China,3749.17,72.3
P002260,R000116,United Kingdom,Mexico,140.71,0.98
P002261,R000910,Japan,UAE,1294.59,20.38
P002262,R002487,United States,India,96.67,2.22
P002263,R000551,Brazil,IN,1226.34,25.87
P002264,R000871,Japan,China,2157.04,45.77
P002265,R002729,France,Japan,307.44,6.44
P002266,R001065,Japan,France,512.87,11.49
P002267,R002682,United Kingdom,China,684.32,9.85
P002268,R002602,United Kingdom,United Kingdom,146.67,1.48
P002269,R001355,India,India,1135.66,15.34
P002270,R000154,China,Brazil,102.03,1.82
P002271,R002243,Japan,Canada,536.25,4.9
P002272,R002044,France,United Kingdom,0,62.05
P002273,R000211,UAE,UAE,812.01,16.85
P002274,R943030,Mexico,Australia,184.76,3.59
P002275,R001752,UAE,France,238.17,4.16
P002276,R002974,India,China,126.2,1.79
P002277,R000784,UAE,Canada,1236.03,8.77
P002278,R000877,Australia,China,189.04,5.06
P002279,R001402,United States,Japan,1602.21,27.44
P002280,R000380,United States,Germany,792.54,11.53
P002281,R002460,Brazil,France,96.39,1.84
P002282,R002233,India,Brazil,102.52,2.33
P002283,R002676,Brazil,Brazil,265.81,3.75
P002284,R000314,Australia,Germany,560.51,12.89
P002285,R001989,United Kingdom,U.A.E.,2315.51,17.8
P002286,R002892,Australia,Australia,1068.53,11.0
P002287,R002705,China,Canada,1334.17,11.52
P002288,R002864,UAE,United Kingdom,493.67,2.84
P002289,R001119,India,United Kingdom,127.43,1.9
P002290,R002358,Mexico,United States,1188.06,21.29
P002291,R002345,UAE,France,728.73,18.57
P002292,R002047,China,France,379.1,4.88
P002293,R001775,United Kingdom,Brazil,704.65,13.66
P002294,R001528,United Kingdom,India,325.3,$3.26
P002295,R000074,China,Australia,332.23,9.32
P002296,R002691,China,Australia,1003.24,14.87
P002297,R002531,India,China,1126.97,19.85
P002298,,Germany,India ,127.5,2.25
P002299,R002865,UAE,Brazil,523.78,3.02
P002300,R000175,Canada,Brazil,415.97,7.46
P002301,R000178,India,Brazil,3076.79,43.84
P002302,R002109,Brazil,UAE,1522.35,36.66
P002303,R001188,UAE,Germany,1341.49,30.94
P002304,R001957,Brazil,India,363.59,6.09
P002305,R001444,France,UAE,221.08,2.93
P002306,R001930,Canada,Canada,305.66,2.58
P002307,R003006,Brazil,Germany,2125.17,31.83
P002308,R001195,Brazil,United States,202.65,1.37
P002309,R001085,Canada,Mexico,4860.13,83.58
P002310,R000625,Japan,Germany,752.98,20.18
P002311,R002398,Australia,Mexico,-4433.25,54.19
P002312,R001475,France,UAE,2178.65,54.03
P002313,R002224,Mexico,United Kingdom,100.34,1.32
P002314,R001533,Japan,UAE,-330.53,4.06
P002315,R000130,Brazil,Mexico,1006.89,8.68
P002316,R001571,France,India,377.15,8.65
P002317,R002996,Canada,Germany,1257.24,35.94
P002318,R002379,Germany,Mexico,8164.05,134.92
P002319,R001968,Japan,United Kingdom,3788.39,49.81
P002320,R000798,China,Mexico,7528.59,223.22
P002321,R000373,United States,United States,374.43,10.65
P002322,R000377,Canada,Australia,5365.51,146.89
P002323,R001341,India,Japan,434.27,6.44
P002324,R000500,Australia,Brazil,607.77,12.17
P002325,R001231,France,Canada,1090.75,24.81
P002326,R000816,Canada,Canada,766.27,8.98
P002327,R001402,UAE,India,3545.83,86.57
P002328,R002400,France,United Kingdom,4817.81,62.98
P002329,R001956,UAE,Canada,1264.42,21.54
P002330,R000606,China,Brazil,167.74,1.67
P002331,R002593,Brazil,Canada,3641.44,105.75
P002332,R002634,United Kingdom,Canada,3788.27,57.87
P002333,R002343,Germany,United States,724.36,10.05
P002334,R000155,France,Japan,131.14,2.44
P002335,R002689,France,United States,126.46,2.35
P002336,R000048,United Kingdom,UAE,216.84,3.77
P002337,R000396,Mexico,Germany,659.36,6.08
P002338,R002838,Mexico,France,3426.53,51.55
P002339,R002589,United States,Brazil,1956.12,54.23
P002340,R001447,United States,France,2349.52,33.4
P002341,R002522,India,Brazil,1269.87,36.83
P002342,R002055,United Kingdom,Mexico,914.5,8.51
P002343,R001782,UAE,Germany,887.36,10.45
P002344,R002469,Germany,Germany,245.45,6.48
P002345,R000197,Japan,Australia,261.68,1.52
P002346,R001721,India,india,551.09,5.51
P002347,R002695,United Kingdom,United States ,467.46,5.05
P002348,R002657,Mexico,United States,890.59,4.58
P002349,R001571,Australia,France,2637.55,41.5
P002350,R000330,United Kingdom,Mexico,261.15,5.72
P002351,R000688,Canada,Australia,532.15,12.0
P002352,R002919,Japan,India,1751.06,8.76
P002353,R002526,France,UAE,1695.73,48.92
P002354,R002185,Germany,UAE,1029.4,7.55
P002355,R001506,France,United States,993.47,23.32
P002356,R002527,United States,Germany,723.21,13.93
P002357,R000477,United States,United Kingdom,825.18,23.63
P002358,R002759,Japan,Japan,5459.77,92.32
P002359,R002128,Japan,India,198.38,5.62
P002360,R002593,United States,Brazil,666.57,14.78
P002361,R002435,Brazil,Brazil,295.13,7.32
P002362,R001665,Japan,United States,1530.94,43.71
P002363,R002202,United States,Japan,787.8,5.21
P002364,R001784,Mexico,Australia,480.63,6.36
P002365,R000675,Germany,Germany,622.31,11.46
P002366,R000920,Brazil,Canada,1592.3,
P002367,,Japan,United Kingdom,7526.56,206.88
P002368,R002886,France,Germany,566.1,15.43
P002369,R001533,Japan,France,1349.57,19.7
P002370,R001505,Germany,Mexico,558.84,4.51
P002371,R000628,U.A.E.,Japan,3692.96,104.14
P002372,R001997,United Arab Emirates,China,3592.47,50.94
P002373,R001972,Germany,Mexico,478.1,2.62
P002374,R000593,Germany,France,659.2,14.67
P002375,R002918,Japan,China,257.9,3.45
P002376,R000449,Australia,Mexico,1977.89,44.7
P002377,R000810,USA,Australia,1944.03,33.66
P002378,R000002,France,China,650.36,10.57
P002379,R000227,Australia,Germany,1576.36,15.74
P002380,R001903,United Kingdom,Canada,569.17,11.86
P002381,R002294,United Kingdom,China,622.98,6.99
P002382,R002090,France,United Kingdom,1860.52,24.52
P002383,R001086,UAE, United Kingdom,316.13,3.49
P002384,R000616,Australia,UK,1091.71,9.0
P002385,R000082,Canada,UAE,366.28,5.99
P002386,R002584,Australia,China,4814.01,100.29
P002387,R000010,Japan,Japan,715.66,18.08
P002388,,France,Brazil,637.86,7.66
P002389,R002531,Mexico,Canada,605.67,5.24
P002390,,Germany,United States,242.79,4.38
P002391,R000859,India,India,217.7,4.7
P002392,R002160,Brazil,India,2880.49,38.61
P002393,R000176,Germany,Australia,300.65,3.69
P002394,R001546,Mexico,Canada,436.12,3.05
P002395,,Mexico,Germany,689.87,10.66
P002396,R000613,Australia,Brazil,726.12,5.23
P002397,R000702,Germany,Australia,792.65,20.73
P002398,R002058,Germany,France,1342.48,34.24
P002399,R000843,UAE,Japan,2894.11,43.71
P002400,R000337,Mexico,Canada,710.48,13.3
P002401,R000329,France,India,144.41,2.67
P002402,R001902,Mexico,Canada,1235.33,34.04
P002403,R000915,Japan,UAE,727.62,19.57
P002404,R000299,China,United States,507.04,8.81
P002405,R001499,United Kingdom,Japan,418.24,10.94
P002406,R001870,UAE,Mexico,3547.29,30.06
P002407,R002438,UAE,Germany,688.74,7.79
P002408,R001420,Mexico,Japan,316.17,4.36
P002409,R003037,United States,Japan,1112.26,12.93
P002410,R001763,Mexico,France,2501.09,35.51
P002411,R002921,UAE,United States,256.07,4.84
P002412,R001822,China,France,2835.82,65.61
P002413,R001989,UAE,Germany,186.75,1.91
P002414,R001835,Germany,Brazil,871.67,13.7
P002415,R002051,UAE,Australia,1627.8,15.56
P002416,R002152,Germany,United States,358.86,9.06
P002417,R001080,UAE,United Kingdom,219.16,4.91
P002418,R002085,China,Japan,474.91,10.88
P002419,R002996,France,United Kingdom,3049.43,44.71
P002420,R001525,Australia, United Kingdom,1167.06,34.31
P002421,R002991,Mexico,China,195.67,2.5
P002422,R003041,India,France,4824.8,89.44
P002423,R000092,China,China,426.46,11.12
P002424,R001496,Germany,Japan,967.23,25.54
P002425,R002755,Brazil,UAE,0,12.79
P002426,R000254,Brazil,India,1549.75,15.56
P002427,R002214,UAE,United States,472.41,3.29
P002428,R002966,United States,Brazil,1131.91,10.26
P002429,R001331,Canada,UAE,1050.06,27.68
P002430,R000129,Japan,United Kingdom,821.86,21.17
P002431,R001190,UAE,Germany,4757.8,73.66
P002432,R999223,UAE,United States,357.94,6.31
P002433,R000549,Brazil,China,275.53,5.04
P002434,R001332,Mexico,Germany,1173.23,22.92
P002435,R002524,United States,China,1206.2,29.58
P002436,R001271,UAE,Japan,1504.51,22.92
P002437,R002839,India,Canada,230.77,6.21
P002438,R000252,Canada,Australia,1302.11,18.75
P002439,R001527,Brazil,France,119.69,2.2
P002440,R001817,Japan,Mexico,504.76,9.45
P002441,R002061,Germany,France,120.84,3.47
P002442,R000713,Australia,India,307.73,1.6
P002443,R000538,Australia,Brazil,2791.71,14.6
P002444,R000977,Japan,Germany,271.33,1.51
P002445,R002332,Japan,France,32.1,0.71
P002446,R000519,United Kingdom,Canada,1111.69,13.92
P002447,R000158,Canada,UK,113.68,1.04
P002448,R000315,United States,Canada,160.13,2.94
P002449,R001839,Mexico,Germany,405.97,4.05
P002450,R001096,IN,UAE,194.66,4.24
P002451,R002386,Germany,Japan,685.5,16.35
P002452,R001006,UK,UAE,612.95,4.15
P002453,R002686,China,UAE,247.46,4.94
P002454,R000475,Germany,UAE,813.32,14.59
P002455,R002579,Brazil,United Kingdom,119.67,3.36
P002456,R000554,Canada,Australia,6054.26,91.06
P002457,R002035,Japan,China,2455.44,
P002458,R002968,United Kingdom,UAE,320.66,8.37
P002459,R002101,Australia,Mexico,1706.86,26.99
P002460,R002478,Brazil,Australia,993.09,9.65
P002461,R001333,UAE,India ,1000.24,22.53
P002462,R001072,Brazil,India,239.33,2.97
P002463,R002740,Germany,Brazil,231.2,5.35
P002464,R000895,Canada,Mexico,292.61,2.23
P002465,R001393,Germany,Brazil,1138.56,12.45
P002466,R000224,Mexico,Japan,417.15,2.55
P002467,R001385,Brazil,Germany,65.0,1.9
P002468,R002789,Mexico,China,252.93,3.28
P002469,R002431,Canada,United Kingdom,2168.01,35.15
P002470,R957135,Australia,UAE,242.74,2.36
P002471,R002875,Japan,Germany,953.23,25.25
P002472,R002322,Mexico,Mexico,333.88,8.94
P002473,R001888,Canada,UAE,163.66,
P002474,R001160,France,India,2413.61,13.26
P002475,R000686,Australia,Germany,219.07,5.12
P002476,R002930,Australia,Germany,2605.87,75.22
P002477,R001132,France,United States,628.53,17.69
P002478,R000016,Canada,Australia,683.05,9.57
P002479,R000153,United States,Germany,1625.53,27.03
P002480,R001788,Brazil,India,1345.96,13.69
P002481,R000390,Germany,Brazil,942.53,26.35
P002482,R002178,Japan,Germany,463.93,3.55
P002483,R001686,Germany,France,1239.58,9.68
P002484,R003001,United Kingdom,Australia,0,38.18
P002485,R001027,United States,China,146.64,4.03
P002486,R002951,Germany,UAE,680.29,4.14
P002487,R001363,Mexico,Brazil,68.2,0.94
P002488,R000614,Canada,Brazil,1087.8,18.06
P002489,R002721,Mexico,Brazil,227.45,3.95
P002490,R001115,France,UAE,1161.54,12.04
P002491,R001364,Canada,Japan,608.87,10.91
P002492,R002785,France,France,990.35,27.95
P002493,R002735,China,Japan,3472.92,50.18
P002494,R001955,Canada,India,278.49,5.63
P002495,R002042,United Kingdom,Japan,615.94,7.52
P002496,R000283,United Kingdom,China,780.43,14.29
P002497,R000900,Canada,United States,196.51,1.36
P002498,R001532,Australia,India,1675.5,16.29
P002499,R001774,Brazil,Mexico,2920.55,48.88
P002500,R000823,Brazil,India,844.26,12.57
P002501,R002585,China,Australia,3963.5,51.76
P002502,R001376,Brazil,Canada,1225.33,26.7
P002503,R001548,United States,United States,775.57,5.33
P002504,R001439,United States,Mexico,1767.9,13.01
P002505,R002029,France,Japan,602.85,17.92
P002506,R002584,United Kingdom,India,552.25,14.42
P002507,R001311,Mexico,Brazil,1198.74,18.53
P002508,R000060,UAE,U.A.E.,5047.96,122.98
P002509,R001782,United Kingdom,Mexico,272.34,1.59
P002510,R001279,Australia,UAE,190.56,2.6
P002511,R000334,Canada,UAE,964.61,13.21
P002512,R000397,China,United States,85.69,0.66
P002513,R000294,United Kingdom,United Kingdom,453.84,3.92
P002514,R000415,Mexico,France,643.56,18.57
P002515,R002288,Brazil,UAE,396.48,3.13
P002516,R002151,UAE,Germany,2671.33,68.57
P002517,R002396,China,Australia,2479.69,19.03
P002518,R002752,United States,Mexico,4577.21,90.04
P002519,R001225,China,UAE,696.82,17.99
P002520,R992011,United Kingdom,United Kingdom,819.24,15.03
P002521,R000603,France,Mexico,416.8,6.03
P002522,R000141,United States,Germany,2109.35,57.53
P002523,R000479,Japan,Canada,144.66,2.52
P002524,R002381,France,China,0,3.51
P002525,R001230,Australia,UAE,2193.17,14.34
P002526,R002958,Canada,United Kingdom,578.08,7.76
P002527,R002388,Australia,United States,393.41,9.03
P002528,R001249,India,UAE,322.18,6.02
P002529,R000627,Germany,United States,271.63,2.34
P002530,R000551,Mexico,UAE,398.24,6.04
P002531,R001870,Brazil,Canada,1084.22,15.06
P002532,R000851,Mexico,United Kingdom,700.35,5.74
P002533,R001774,Australia,China,2891.93,67.89
P002534,R002684,United Kingdom,Germany,149.98,
P002535,R001427,United Kingdom,China,347.98,6.07
P002536,R002204,United States,U.A.E.,197.68,2.96
P002537,R002297,Germany,France,318.12,1.74
P002538,R002554,United States,United States,361.09,2.2
P002539,R002696,United States,India,1103.09,23.54
P002540,R001504,Germany,Brazil,1266.2,21.95
P002541,R001094,Brazil,United States,1166.71,11.82
P002542,R000736,Brazil,Mexico,1620.13,18.08
P002543,R000710,Japan,Australia,1915.03,52.83
P002544,R000832,China,France,1013.66,28.86
P002545,R002967,Canada,Germany,1491.85,34.4
P002546,R001443,Japan,India,518.11,3.52
P002547,R000943,UAE,China,174.73,2.58
P002548,R002870,Australia,India,339.03,4.49
P002549,R000630,Australia,India,2790.1,55.48
P002550,R001199,Mexico,China,224.78,5.03
P002551,R000879,Mexico,Brazil,462.4,3.53
P002552,R002385,United Kingdom,Australia,191.79,1.91
P002553,R000560,France,United States,1734.6,49.28
P002554,R000733,Germany,United Kingdom,636.51,3.53
P002555,R000174,Canada,India,473.19,8.09
P002556,R942077,UAE,Mexico,87.3,0.72
P002557,R001696,United Kingdom,United States,673.12,9.7
P002558,R001612,Canada,Germany,1993.07,36.41
P002559,R000280,Canada,Australia,,25.65
P002560,R001796,France,Brazil,349.52,3.16
P002561,R000107,United Kingdom,India,268.87,3.02
P002562,R000471,United Arab Emirates,UAE,741.58,14.14
P002563,R002395,Japan,China,142.77,4.09
P002564,R001059,Brazil,Brazil,1132.82,28.81
P002565,R001824,India,France,211.84,4.03
P002566,R001439,China,India,281.32,1.68
P002567,R000332,UAE,China,273.73,$3.46
P002568,R000608,Mexico,Australia,1355.54,33.3
P002569,R000516,Japan,China,252.38,4.13
P002570,R001967,Brazil,Canada,277.64,2.5
P002571,R000020,India,UAE,3116.43,46.6
P002572,R001150,Brazil,India,1216.46,8.17
P002573,R000786,Canada, United Kingdom,740.81,13.1
P002574,R002065,United States,Germany,735.43,4.12
P002575,R001795,India,Japan,84.13,1.08
P002576,R000813,Australia,Australia,827.79,13.46
P002577,R001485,China,Japan,2433.9,29.54
P002578,R001412,United Kingdom,India ,277.37,7.18
P002579,R001165,UAE,China,146.78,4.28
P002580,R002935,India,United Kingdom,85.38,2.23
P002581,R000037,France,France,204.21,3.2
P002582,R002808,United Kingdom,France,145.08,3.42
P002583,R000026,France,Canada,892.83,16.34
P002584,R001069,United Kingdom,Mexico,1177.36,12.22
P002585,R000104,Germany,Germany,1247.13,28.55
P002586,R002753,India,Mexico,375.09,3.49
P002587,R002003,Brazil,France,2032.19,10.29
P002588,R002018,UAE,UAE,85.56,1.61
P002589,R002123,China,China,336.19,3.26
P002590,R000940,UAE,india,436.33,4.65
P002591,R000565,China,India,1243.85,21.17
P002592,R001599,Germany,United Kingdom,148.43,1.75
P002593,R000136,United States,Japan,-661.13,6.11
P002594,R002209,UAE,UAE,1700.05,28.15
P002595,R001284,Japan,Japan,1420.88,32.47
P002596,R902359,Germany,Australia,350.32,10.21
P002597,R000971,Australia,united states,1010.49,25.79
P002598,R000139,india,Brazil,379.63,3.09
P002599,R001806,China,Australia,392.27,3.32
P002600,R001768,Japan,India,543.43,13.35
P002601,R001338,France,UAE,3472.91,82.16
P002602,R002662,Brazil,United States,3320.45,18.13
P002603,R001043,China,Canada,1640.13,20.98
P002604,R000938,France,Germany,214.56,4.76
P002605,R002963,China,U.K.,1615.47,40.08
P002606,R001399,France,India ,547.06,4.19
P002607,R000844,U.A.E.,UAE,1148.64,19.87
P002608,R000599, United Kingdom,UAE,320.66,3.76
P002609,R002590,Brazil,UAE,1344.43,14.88
P002610,R002109,Mexico,Germany,1412.88,12.25
P002611,R001828,UAE,Mexico,760.36,22.26
P002612,R002121,Japan,Japan,1184.64,28.46
P002613,R001925,Australia,United Kingdom,194.61,5.77
P002614,R000150,United Kingdom,Germany,1152.2,15.52
P002615,,China,Brazil,343.77,3.23
P002616,R003002,India,Mexico,2596.88,43.16
P002617,R001700,United Kingdom,United States,461.99,8.52
P002618,R002657,United States,India,141.7,2.1
P002619,R000944,France,Mexico,2500.35,55.99
P002620,R000007,Australia,United Kingdom,712.58,17.25
P002621,R001528,UAE,France,1355.86,9.8
P002622,R001774,United Kingdom,Japan,672.45,3.7
P002623,,Japan,Mexico,151.19,1.71
P002624,R000649,Japan,India,471.23,5.47
P002625,R001230,Germany,Japan,673.42,12.02
P002626,R002604,Canada,China,1413.32,29.87
P002627,R002037,France,Canada,757.1,11.64
P002628,R002035,Canada,Canada,470.32,10.3
P002629,R000866,Japan,US,501.88,9.53
P002630,R000127,Brazil,Japan,1314.27,27.11
P002631,R000386,United States,Mexico,1519.46,45.07
P002632,R002193,China,Brazil,244.3,6.28
P002633,R001913,Canada,Brazil,725.57,8.2
P002634,R001269,Japan,Mexico,1475.82,24.37
P002635,R001304,Australia,France,3405.78,48.06
P002636,R001610,India,Japan,2441.21,58.06
P002637,R002246,Mexico,Australia,163.77,3.6
P002638,R002844,Japan,Brazil,646.56,16.03
P002639,R000051,Brazil,France,160.54,2.71
P002640,R000166,UAE,Japan,3099.57,66.74
P002641,R001933,Brazil,India,818.83,12.47
P002642,R002967,Brazil,United States,1511.6,38.21
P002643,R001075,Canada,Germany,267.33,7.08
P002644,R000066,Japan,Canada,351.85,5.34
P002645,R001535,China,United States,942.1,24.68
P002646,R001554,Mexico,Germany,2226.68,39.18
P002647,R001161,Australia,France,114.97,2.43
P002648,R002075,United States,Japan,1945.01,33.13
P002649,R001325,Canada,United States,827.67,5.76
P002650,R002445,United States,United States,98.55,0.87
P002651,R000674,Japan,Brazil,1323.97,34.72
P002652,R000295,Japan,France,1411.91,35.51
P002653,R001819,Australia,UAE,690.57,15.42
P002654,R002579,Mexico,Mexico,384.05,6.88
P002655,R000940,UAE,Mexico,288.47,3.34
P002656,R002908,United States,Japan,1045.34,7.55
P002657,R001928,Mexico,Canada,177.04,1.14
P002658,R002958,Japan,Japan,2752.82,51.95
P002659,R000433,United States,France,292.27,4.55
P002660,R000724,Canada,France,92.48,2.63
P002661,R001754,United States,Canada,1744.42,11.12
P002662,R000024,United States,Japan,1368.02,34.33
P002663,R000987,Australia,Japan,915.58,8.79
P002664,R002776,China,Brazil,1897.87,13.49
P002665,R000130,UAE,United Kingdom,248.19,6.28
P002666,R001732,Canada,Mexico,1765.83,13.25
P002667,R000943,United Kingdom,Germany,1687.28,38.71
P002668,R001890,Japan,United States,1695.03,10.24
P002669,R975861,United Kingdom,Brazil,1105.79,6.17
P002670,R000825,United States,France,240.82,4.57
P002671,R001660,China,Brazil,460.65,12.87
P002672,R001908,Germany,United States,1970.38,9.86
P002673,R002358,Canada,Brazil,472.65,4.35
P002674,R000351,Mexico,India,244.72,6.97
P002675,R001728,China,China,5964.63,48.09
P002676,R000029,Germany,UAE,123.85,3.31
P002677,R000015,China,France,403.49,8.12
P002678,R001046,China,Brazil,1269.59,9.26
P002679,R000047,United States,India,6709.36,108.19
P002680,R002538,UAE,India,533.95,2.71
P002681,R002088,Germany,Brazil,483.0,6.08
P002682,R002244,Mexico,Australia,621.23,13.62
P002683,R000665,Germany,Canada,249.01,6.69
P002684,R002862,Germany,United States,187.94,2.13
P002685,R002624,India,Germany,1751.14,23.24
P002686,R001818,Mexico,Canada,725.84,11.62
P002687,R002028,United States,Germany,114.68,2.04
P002688,R002226,UAE,China,237.61,2.68
P002689,R000271,UAE,United States,3213.57,29.42
P002690,R000769,China,Canada,2377.17,56.86
P002691,R002375,Mexico,China,301.01,6.52
P002692,R001679,Brazil,Brazil,1073.34,20.68
P002693,R001429,China,India,156.82,2.68
P002694,R001087,Australia,France,407.27,7.79
P002695,R001597,China,Canada,13178.33,301.62
P002696,R002539,Australia,China,895.37,7.52
P002697,R001029,Mexico,United States,417.87,2.79
P002698,R002790,Mexico,Canada,608.56,5.88
P002699,R002808,United Kingdom,Canada,-334.05,5.72
P002700,R002388,France,Mexico,161.46,3.24
P002701,R002998,United States,India,2443.08,31.27
P002702,R000607,United States,Australia,100.04,1.23
P002703,R000438,UAE,Germany,1248.42,7.29
P002704,R000173,China,UAE,540.46,7.1
P002705,R002044,Brazil,Japan,2493.18,41.83
P002706,R001696,Canada,France,551.13,14.57
P002707,R000167,India,UAE,780.29,21.41
P002708,R001125,United States,UAE,582.9,6.08
P002709,R002512,France,Mexico,1182.17,16.95
P002710,R002084,United Kingdom,India,244.78,4.94
P002711,R001407,United Kingdom,Canada,397.12,6.72
P002712,,India,Australia,2333.46,55.97
P002713,R002915,France,United Kingdom,1321.75,35.89
P002714,R002017,Japan,Australia,902.35,12.02
P002715,R002990,United Kingdom,Germany,783.12,13.77
P002716,R000319,United States,Canada,459.84,5.29
P002717,R002187,Mexico,Canada,523.06,4.93
P002718,R001628,United Kingdom,China,898.52,19.59
P002719,R001149,Japan,UAE,1433.09,7.36
P002720,R000121,Canada,United States,897.16,12.22
P002721,,Australia,UAE,1397.51,38.21
P002722,R002127,Japan,China,1124.74,8.43
P002723,R001549,Japan,Mexico,116.0,3.25
P002724,R003037,Mexico,Brazil,452.9,8.58
P002725,R000353,United States,China,402.68,9.71
P002726,R002441,U.K.,China,175.13,0.88
P002727,R001704,India ,France,1205.42,28.84
P002728,R000185,UAE,Germany,1652.07,25.19
P002729,R001800,India,Brazil,608.1,11.02
P002730,R002887,China,India,44.73,1.09
P002731,R002521,China,France,204.66,3.72
P002732,R002955,Japan,Australia,215.63,1.28
P002733,R000986,UAE,France,283.25,5.55
P002734,R001604,Australia,Australia,384.06,8.2
P002735,R002581,France,France,436.39,9.61
P002736,R003010,Brazil,India,680.94,18.62
P002737,R000964,Brazil,Canada,3478.93,98.83
P002738,R002412,France,France,1106.58,13.94
P002739,R000056,Brazil,United Kingdom,2108.84,62.37
P002740,R001625,Mexico,UAE,281.31,4.52
P002741,R002984,France,Brazil,345.96,2.22
P002742,R920001,Brazil,Australia,706.21,13.36
P002743,R972813,Mexico,Australia,919.82,19.68
P002744,R001010,Brazil,China,397.51,8.07
P002745,R002916,India,Mexico,662.97,15.18
P002746,R001360,Brazil,Brazil,2956.56,31.56
P002747,R001074,United States,Germany,410.48,4.32
P002748,R001982,Australia,Brazil,444.97,11.65
P002749,R000189,UAE,China,229.69,5.9
P002750,R000466,Canada,Canada,2537.1,58.41
P002751,R000395,Brazil,Japan,114.4,1.26
P002752,R002631,Japan,China,799.09,10.74
P002753,R001975,Canada,United Kingdom,695.62,15.7
P002754,R001066,Australia,France,320.95,5.71
P002755,R000450,Germany,India,285.28,3.71
P002756,R000327,Germany,France,394.31,2.32
P002757,R000218,United Kingdom,China,319.61,7.23
P002758,R000814,IN,United Kingdom,266.82,2.48
P002759,R000338,United States,Australia,653.44,4.94
P002760,R002913,Canada,United States,299.3,7.14
P002761,R000713,UAE,Japan,830.12,4.58
P002762,R000288,Japan,Brazil,1052.77,24.18
P002763,R001352,Germany,Germany,495.43,
P002764,R001657,Mexico,United Kingdom,646.23,16.91
P002765,R001027,United Kingdom,Canada,2515.33,50.35
P002766,R002260,Mexico,Australia,1224.77,20.22
P002767,R001831,Japan,United States,177.96,1.07
P002768,R001538,France,Germany,1585.17,29.86
P002769,R000071,France,United States,4572.49,26.5
P002770,R000528,Germany,United States,-1480.17,22.11
P002771,R002619,United Kingdom,Mexico,627.77,12.95
P002772,R001862,United Kingdom,Japan,1310.31,23.56
P002773,R000055,United Kingdom,Japan,1297.52,34.32
P002774,R002442,Australia,Canada,1622.17,17.85
P002775,R001251,United Kingdom,Canada,518.46,-6.22
P002776,R002804,Japan,Canada,157.37,1.7
P002777,R000853,United States,Australia,427.79,11.78
P002778,R000305,UAE,US,810.76,16.54
P002779,R002452,China,Japan,2286.73,38.55
P002780,R002242,United Kingdom,United Kingdom,1415.51,11.52
P002781,R001358,Germany,India,546.25,8.45
P002782,R001662,UAE,United States,648.25,10.66
P002783,R000576,Canada,United Kingdom,76.59,1.38
P002784,R002951,Mexico,France,693.5,7.67
P002785,R002271,USA,Australia,211.88,2.04
P002786,R001954,Brazil,Brazil,4562.5,105.8
P002787,,UAE,Brazil,220.69,4.85
P002788,R001968,United States,UK,64.17,0.92
P002789,R000383,Germany,Australia,359.48,7.55
P002790,R001357,Canada,UAE,2204.54,59.23
P002791,R970812,France,United Kingdom,653.36,6.05
P002792,R002332,Brazil,Brazil,936.9,11.74
P002793,R997870,France,Japan,255.79,1.4
P002794,R000289,Mexico,India,512.64,14.47
P002795,R001175,Mexico,UAE,963.52,22.1
P002796,R000429,China,United Kingdom,324.18,3.52
P002797,R001988,Japan,UAE,1251.75,22.57
P002798,R001255,United Kingdom,Brazil,390.97,5.1
P002799,R000891,Australia,Mexico,271.64,2.44
P002800,R001676,Japan,Mexico,1228.41,11.28
P002801,R002109,United States,UAE,355.39,2.03
P002802,R000040,Brazil,France,833.02,11.06
P002803,R002023,Canada,Mexico,707.09,5.63
P002804,R001558,Japan,Australia,1579.48,
P002805,R001696,United States,Brazil,772.63,15.89
P002806,R000636,Japan,United Kingdom,1027.55,7.48
P002807,R002819,Brazil,Australia,97.45,2.14
P002808,R000405,Australia,China,4065.54,$100.66
P002809,R001747,Germany,Australia,991.55,9.76
P002810,R002552,Mexico,United States,728.36,9.66
P002811,R002983,India,Australia,119.35,3.16
P002812,R000696,Brazil,UAE,2753.47,53.74
P002813,R002774,United Kingdom,Mexico,587.32,14.29
P002814,R001145,United Kingdom,Australia,1761.86,20.9
P002815,R002288,France,Australia,406.74,7.59
P002816,R001282,Mexico,Canada,585.79,7.59
P002817,R002639,IN,United Kingdom,150.73,1.76
P002818,R001625,UAE,France,1287.45,6.82
P002819,R000371,US,United Kingdom,574.01,11.31
P002820,R000824,Brazil,Japan,1960.04,13.92
P002821,R001416,United Kingdom,Japan,667.84,14.72
P002822,R000262,Japan,Mexico,2099.41,59.96
P002823,R000155,Brazil,Brazil,2262.87,57.88
P002824,R002424,Germany,Canada,641.05,9.58
P002825,R000329,India,United States,370.82,4.73
P002826,R001082,Australia,Brazil,76.17,1.2
P002827,R002265,Mexico,United Kingdom,267.56,7.89
P002828,R001236,Brazil,United States,6790.41,174.88
P002829,R002370,United States,Australia,458.95,6.43
P002830,R002101,Canada,Germany,96.84,1.39
P002831,R002570,IN,China,151.14,4.25
P002832,R002529,India,Australia,559.76,4.18
P002833,R000308,United Kingdom,Mexico,260.56,5.34
P002834,R001245,United Kingdom,Japan,715.33,3.71
P002835,R000763,Mexico,Brazil,208.83,2.7
P002836,R001687,Brazil,Brazil,554.24,16.33
P002837,R001811,Japan,UAE,5038.53,135.3
P002838,R000700,India,Germany,434.88,11.37
P002839,R001404,U.A.E.,Canada,583.03,16.2
P002840,R001825,IN,China,543.2,16.27
P002841,R001834,Canada,Japan,791.98,9.08
P002842,R002772,France,Germany,1062.26,11.57
P002843,R001559,United States,China,860.26,$23.83
P002844,R000097,Germany,Mexico,735.31,13.46
P002845,R000430,United Arab Emirates,India,537.02,9.1
P002846,R000397,Canada,France,1377.7,13.46
P002847,R002270,United Kingdom,United Kingdom,249.81,4.7
P002848,R000536,Brazil,United Kingdom,405.77,4.39
P002849,R002927,Canada,Japan,151.11,2.61
P002850,R001404,Brazil,U.K.,980.85,19.13
P002851,R001195,Canada,Australia,1315.83,9.51
P002852,R000009,France,Brazil,275.9,6.8
P002853,R001954,Canada,France,1109.57,12.48
P002854,R000528,Germany,Canada,108.68,2.88
P002855,R002050,india,Mexico,243.48,1.99
P002856,R002131,Germany,Brazil,219.46,4.96
P002857,R002630,Mexico,Canada,815.14,22.52
P002858,R000277,Brazil,United States,399.82,11.27
P002859,R002859,United States,Canada,40.65,0.73
P002860,R002834,Brazil,UAE,0,215.77
P002861,R000753,Japan,Canada,435.11,3.34
P002862,R002895,Canada,Australia,514.83,3.51
P002863,R000036,France,United Kingdom,2381.23,58.71
P002864,R001204,India,Mexico,296.43,6.18
P002865,R000915,Canada,China,518.61,14.0
P002866,R001192,UAE,India,2124.32,30.07
P002867,R001688,India,Mexico,429.85,8.61
P002868,R001941,India,Mexico,131.13,3.62
P002869,R002686,United Kingdom,China,2389.98,42.02
P002870,R001296,Mexico,Germany,734.71,12.74
P002871,R002188,India,India,660.47,6.25
P002872,R002459,United States,China,2595.69,63.39
P002873,R000210,China,China,703.92,17.4
P002874,R000700,UAE,Japan,241.6,6.41
P002875,R002175,Australia,Japan,1567.33,42.84
P002876,R002336,Australia,France,486.03,14.28
P002877,R000232,Germany,India,513.04,13.7
P002878,R000526,United States,India,5419.16,100.98
P002879,R000728,Germany,France,1208.7,7.59
P002880,R001204,U.A.E.,UAE,689.95,14.62
P002881,R002854,Brazil,Germany,3590.67,63.07
P002882,R000494,Germany,France,181.87,2.18
P002883,R001163,Japan,Japan,643.97,5.78
P002884,R002794,Germany,Brazil,414.42,8.19
P002885,R001737,Japan,Brazil,326.59,6.61
P002886,R000153,France,United States,994.9,24.5
P002887,R000893,U.K.,India,413.91,4.53
P002888,R001682,United Arab Emirates, United Kingdom,897.98,23.03
P002889,R000859,Canada,France,575.46,12.92
P002890,R002410,UAE,China,570.18,10.82
P002891,R002280,UAE,UAE,302.68,2.93
P002892,R002303,Brazil,United Kingdom,5809.48,76.59
P002893,R001318,Brazil,Germany,219.06,5.37
P002894,R001825,China,Brazil,414.04,-10.75
P002895,R001177,United States,Brazil,1660.58,12.6
P002896,R000710,Germany,United Kingdom,515.3,3.64
P002897,R000341,UAE,Mexico,852.57,17.94
P002898,R002056,Germany,France,1627.98,22.92
P002899,R002832,Brazil,United States,625.42,7.62
P002900,R000106,Mexico,France,29.47,0.4
P002901,R002679,Germany,Canada,700.64,15.65
P002902,R000016,India,Germany,1194.57,
P002903,R001070,Canada,United Kingdom,1023.07,11.94
P002904,R000550,UAE,Canada,313.6,6.88
P002905,R000843,United Arab Emirates,Mexico,3091.88,52.25
P002906,R002282,Brazil,UAE,129.58,1.85
P002907,R002741,Mexico,Australia,508.19,2.8
P002908,R001915,Germany,Australia,1361.48,24.69
P002909,R943932,UAE,Japan,19893.08,583.88
P002910,R001916,Germany,France,222.25,3.11
P002911,R001021,Japan,United States,100.47,2.51
P002912,R001193,Brazil,China,8992.61,236.73
P002913,R002555,Mexico,Brazil,1584.8,39.85
P002914,R002911,Brazil,Japan,996.23,15.83
P002915,R001748,UK,Japan,332.1,4.11
P002916,R002803,Germany,UK,653.04,9.07
P002917,R001856,China,Australia,347.99,3.93
P002918,R002328,Canada,Mexico,1873.82,20.84
P002919,,Germany,China,1405.57,8.77
P002920,R001976,France,China,789.51,10.3
P002921,R000111,india,France,1196.43,13.35
P002922,R002887,US,Australia,907.79,8.32
P002923,R001899,Brazil,Brazil,243.59,4.44
P002924,R000690,Mexico,Japan,127.79,0.75
P002925,R001128,United States,Brazil,1388.64,8.24
P002926,R001660,France,France,1857.61,29.34
P002927,R001746,United States,Australia,0,
P002928,R002308,United Kingdom,Canada,4196.47,49.68
P002929,R001741,United States,India,743.52,5.98
P002930,R000069,UAE,Brazil,98.17,1.58
P002931,R001909,China,Mexico,1236.32,26.18
P002932,R002394,UAE,Japan,7211.68,134.17
P002933,R000216,United Kingdom,Japan,592.05,13.91
P002934,R000690,China,United Kingdom,903.37,19.85
P002935,R001235,United States,Japan,4204.56,112.85
P002936,R001600,Canada,Canada,95.46,2.3
P002937,R001429,Brazil,UAE,147.35,2.88
P002938,R002303,Brazil,United States,756.31,11.87
P002939,R001044,Brazil,United States,368.23,4.88
P002940,R002952,China,Canada,758.23,12.87
P002941,R002129,Brazil,Canada,282.46,2.15
P002942,R002523,France,France,2831.07,68.46
P002943,R001362,United Kingdom,Canada,1319.12,36.45
P002944,R002339,Australia,Japan,0,30.74
P002945,R000091,United Kingdom,Germany,595.78,7.4
P002946,R001573,Canada,Canada,530.92,7.99
P002947,R002448,Brazil,Canada,202.63,3.93
P002948,R000715,China,UAE,3036.08,53.88
P002949,R000584,China,Mexico,1103.74,8.41
P002950,R001249,India,United Kingdom,433.17,12.68
P002951,R000521,Brazil,United States,1491.78,11.85
P002952,R002814,United Kingdom,France,1462.54,23.18
P002953,R002806,China,United Arab Emirates,1055.07,29.77
P002954,R001855,China,Australia,3872.58,101.21
P002955,R002371,India,India,2261.1,28.08
P002956,R002050,France,Mexico,1371.39,37.75
P002957,R001788,United Kingdom,Japan,512.98,15.09
P002958,R001622,United States,Brazil,474.25,14.12
P002959,,Germany,India,2240.62,37.66
P002960,R000224,Japan,Brazil,2700.26,35.22
P002961,R002343,Germany,Brazil,8377.79,57.6
P002962,R001185,United Kingdom,Japan,716.23,6.08
P002963,R002809,Mexico,India,732.7,17.89
P002964,R002312,China,UK,187.51,2.13
P002965,R001755,Germany,India,3842.3,101.79
P002966,R001630,United Kingdom,United Kingdom,1029.79,20.84
P002967,R001303,United States,Germany,4158.67,30.26
P002968,R002334,Canada,Australia,165.69,1.69
P002969,,UAE,Australia,590.91,12.72
P002970,R002403,Germany,U.K.,551.59,5.62
P002971,R000758,Brazil,India,1480.19,31.41
P002972,R002757,Germany,United States,966.59,25.83
P002973,R002710,France,France,1162.95,21.41
P002974,R001809,Brazil,Germany,368.91,5.06
P002975,R000466,Brazil,India,1004.74,14.81
P002976,R002485,Canada,Brazil,1452.55,39.01
P002977,R000716,U.A.E.,United Kingdom,678.96,5.68
P002978,R002215,China,India,418.46,5.13
P002979,R002180,United Kingdom,Mexico,229.26,4.67
P002980,R000326,India,India,1795.21,32.55
P002981,R000694,United States,Brazil,1044.19,10.66
P002982,R000848,China,China,9449.57,222.65
P002983,R001781,United States,UAE,2185.1,22.94
P002984,R000365,Germany,Canada,161.43,4.68
P002985,R000695,Canada,India,168.8,2.72
P002986,R001503,France,Mexico,1497.17,17.42
P002987,R000703,Australia,France,1518.05,29.29
P002988,R974488,China,China,625.82,17.92
P002989,R000527,UAE,Canada,1752.3,18.16
P002990,R002760,Germany,China,1036.17,26.6
P002991,R000502,United States,IN,798.0,20.84
P002992,R001845,UAE,Australia,93.23,2.64
P002993,R001246,Germany,India,2110.95,33.36
P002994,R002520,Australia,India,66.31,1.27
P002995,R002717,Germany,United Kingdom,3501.66,58.7
P002996,R000997,Germany,UAE,5537.18,46.95
P002997,R000146,Mexico,China,176.81,0.9
P002998,R002334,Japan,China,1505.74,11.26
P002999,R000559,United Kingdom,Japan,240.52,6.67
P003000,R001211,Canada,France,350.93,3.35
P003001,R002613,Canada,Japan,358.94,1.92
P003002,R001155,Germany,U.A.E.,1040.99,21.19
P003003,R000864,Japan,UAE,920.24,8.93
P003004,R002733,India,Germany,542.34,15.65
P003005,R002808,United Kingdom,France,107.71,1.2
P003006,R002061,France,UAE,430.94,5.36
P003007,R002590,Australia,Germany,3499.68,57.39
P003008,R002912,United States,UAE,1501.87,10.08
P003009,R002894,Brazil,France,263.09,7.6
P003010,R002964,UAE,Japan,824.21,20.8
P003011,R002734,India,Germany,560.04,16.35
P003012,R002040,Brazil,Japan,3872.56,55.25
P003013,R002480,Germany,Mexico,560.44,5.39
P003014,R002210,UK,Australia,0,5.75
P003015,R002445,Germany,Brazil,539.55,4.0
P003016,R001121,Mexico,Brazil,3904.13,72.04
P003017,R002398,Germany,Japan,2318.02,49.96
P003018,R000195,United States,United States,767.47,9.35
P003019,R000457,Brazil,Mexico,245.11,6.99
P003020,R002999,Japan,Japan,1449.0,15.62
P003021,R001203,Mexico,Japan,216.53,3.84
P003022,R002884,UAE,Canada,932.26,13.86
P003023,R002192,Japan,Brazil,1307.34,18.71
P003024,R000915,United States,Australia,182.0,$3.79
P003025,R001667,India,China,556.89,7.85
P003026,R001539,China,Mexico,1028.8,20.85
P003027,R000076,Mexico,Brazil,1210.8,17.08
P003028,R000695,Germany,Germany,1273.61,21.86
P003029,R001711,China,UAE,336.18,3.57
P003030,R000555,United States,Germany,-417.2,10.19
P003031,R001303,Australia,United States,434.88,4.66
P003032,R001921,UAE,Germany,49.37,0.96
P003033,R002647,Australia,Japan,2779.23,74.84
P003034,R000103,Canada,Brazil,575.89,3.1
P003035,R944404,Mexico,United Kingdom,1964.61,30.77
P003036,R000197,Germany,Australia,2077.08,44.21
P003037,R001153,India,Canada,5395.91,47.76
P003038,R001256,india,Brazil,224.44,5.33
P003039,R002385,Brazil,UAE,1098.43,14.8
P003040,R001470,Brazil,Germany,601.77,9.14
P003041,R001564,France,United Kingdom,696.79,15.77
P003042,R001302,Japan,France,1319.28,27.4
P003043,R002860,Brazil,UAE,353.03,6.95
P003044,R000575,China,Canada,511.37,10.19
P003045,R002411,United States,Australia,74.14,1.25
P003046,R001168,China,Japan,367.93,3.7
P003047,R002043,Canada,Germany,3908.94,40.45
P003048,R000542,Mexico,Germany,1449.81,14.59
P003049,R001770,Brazil,Brazil,1286.06,37.27
P003050,R002699,Germany,Japan,1559.58,35.35
P003051,R905148,Japan,Brazil,668.42,15.41
P003052,R001493,Japan,Canada,2098.6,28.28
P003053,R002232,Mexico,India,356.54,9.09
P003054,R001924,Brazil,UAE,568.44,7.69
P003055,R002491,India,Japan,556.89,8.47
P003056,R002319,US,Japan,2261.37,16.79
P003057,R002858,United Kingdom,India,329.56,4.54
P003058,R002686,Mexico,China,514.58,7.36
P003059,R001592,Japan,China,401.05,9.79
P003060,R001794,United States,France,3694.33,88.43
P003061,R001910,Australia,Canada,2078.23,16.52
P003062,R001394,UAE,France,1118.06,21.73
P003063,R002412,UAE,United States,1543.19,42.04
P003064,,France,Australia,256.1,4.03
P003065,R002007,United States,France,1262.55,21.91
P003066,R000473,France,France,982.68,17.35
P003067,R000482,Brazil,Australia,319.22,1.8
P003068,R001601,United Kingdom,Japan,140.66,1.13
P003069,R000392,Canada,France,764.36,10.77
P003070,R001415,China,India,696.62,20.31
P003071,R002432,Japan,China,122.71,2.38
P003072,R002310,UAE,China,902.57,15.24
P003073,R002560,Brazil,Mexico,1463.94,38.6
P003074,R001002,Germany,Mexico,1989.12,24.45
P003075,R000650,United Kingdom,United States,610.89,5.02
P003076,R002140,France,UAE,868.68,23.65
P003077,R000124,Japan,United Kingdom,1968.8,56.0
P003078,R001200,Brazil,UAE,0,9.57
P003079,R001293,Mexico,United Kingdom,339.12,7.0
P003080,R002348,Brazil,Australia,341.31,6.46
P003081,R000715,Australia,Canada,1624.22,36.9
P003082,R002831,Japan,Australia,853.96,17.21
P003083,R987977,UAE,Brazil,497.27,14.29
P003084,R002965,IN,United States,312.77,5.52
P003085,R001710,China,China,488.34,3.49
P003086,R000905,France,India,781.99,11.12
P003087,R002588,United States,Mexico,3409.71,22.66
P003088,R002429,Germany,Brazil,2342.99,28.17
P003089,R001778,Australia,Japan,4044.4,112.25
P003090,R002142,Mexico,United States,414.46,7.71
P003091,R002005,United Kingdom,Germany,105.31,0.79
P003092,R001482,United Kingdom,China,555.03,-3.9
P003093,R001914,China,Canada,1240.67,18.22
P003094,R000266,France,Canada,935.75,20.93
P003095,R001152,Germany,Australia,8145.86,52.03
P003096,R001712,China,Germany,1551.42,10.86
P003097,R002647,Germany,Brazil,375.55,9.91
P003098,R001623,Canada,Canada,2375.01,20.95
P003099,R001894,Germany,Brazil,137.13,0.91
P003100,R000552,Canada,UAE,442.43,5.67
P003101,R000938,China,India,487.25,8.7
P003102,R000324,Mexico,UAE,2572.77,55.07
P003103,R002817,France,Australia,1006.48,20.35
P003104,R001844,India,Australia,317.17,4.87
P003105,R001865,Australia,China,54.91,1.43
P003106,R002809,Japan,Germany,214.18,5.84
P003107,R000588,United Kingdom,united states,1183.58,31.34
P003108,R001621,Canada,UAE,7813.1,92.76
P003109,R001995,Japan,india,596.51,13.67
P003110,R002414,Mexico,United States,123.13,0.69
P003111,R001116,UAE,UAE,1658.95,39.41
P003112,R001967,Brazil,Germany,1148.34,17.81
P003113,R000273,India,UAE,417.51,8.11
P003114,R001152,United States,Brazil,194.41,4.74
P003115,R000317,France,United Kingdom,386.5,6.12
P003116,R001690,France,Germany,698.68,15.05
P003117,R000042,United States,UAE,548.42,7.01
P003118,R001030,Mexico,Brazil,213.44,4.7
P003119,R002441,India,United States,185.93,1.2
P003120,R001091,Japan,Japan,323.71,2.27
P003121,R000137,UAE,India,1348.86,36.25
P003122,R001872,Canada,Canada,501.21,11.31
P003123,R002412,Canada,Japan,1906.01,36.07
P003124,R000753,France,Japan,427.42,7.73
P003125,R000194,United Kingdom,Brazil,1546.84,26.5
P003126,R002821,Mexico,France,1471.37,13.46
P003127,R002962,Canada,United States,494.57,4.32
P003128,R002356,Brazil,Germany,4188.24,41.32
P003129,R002603,China,Mexico,1633.61,24.13
P003130,R002269,Japan,Japan,2199.76,35.64
P003131,R001823,India,Mexico,1538.48,43.75
P003132,R002688,Mexico, United Kingdom,492.94,9.48
P003133,R001674,Canada,Japan,3587.55,80.06
P003134,R001233,United Kingdom,United Kingdom,1754.33,24.42
P003135,R002637,Australia,Brazil,842.27,10.53
P003136,R000721,UAE,France,2092.64,42.62
P003137,R002160,France,France,2377.26,62.36
P003138,R001010,Mexico,United Kingdom,1980.88,27.7
P003139,R000671,Brazil,United States,627.57,17.68
P003140,R002198,UAE,Canada,231.18,4.42
P003141,R000226,Japan,China,1579.04,28.94
P003142,R002194,Germany,China,866.12,11.15
P003143,R977070,United States,Brazil,233.27,1.47
P003144,R000400,UAE,Brazil,771.62,20.77
P003145,R002596,Australia,Canada,1065.16,23.33
P003146,R001149,France,Japan,810.31,17.74
P003147,R000286,Brazil,Germany,71.86,2.08
P003148,R001992,Brazil,Brazil,1153.17,32.41
P003149,R000417,Canada,France,463.37,10.08
P003150,R002945,Canada,Japan,566.77,16.34
P003151,R000619,Canada,United Kingdom,1307.5,29.51
P003152,R001139,Canada,UAE,35.78,0.69
P003153,R002992,USA,UAE,211.9,1.85
P003154,R002315,UAE,France,2372.42,12.78
P003155,R000719,India,UAE,590.86,6.99
P003156,R002045,Germany,Japan,1553.55,44.48
P003157,R001746,France,United Kingdom,1271.88,25.71
P003158,R002199,Japan,United States,850.6,20.74
P003159,R002755,india,Canada,576.93,11.17
P003160,R001475,Germany,Mexico,1067.15,24.34
P003161,R001229,UAE,Brazil,827.14,11.75
P003162,R001741,China,France,162.87,1.49
P003163,R000967,Mexico,Canada,120.78,0.67
P003164,R001250,Germany,Brazil,964.36,24.16
P003165,R001285,Brazil,Mexico,275.68,8.19
P003166,R000803,France,France,1976.53,56.19
P003167,R002745,UAE,Australia,123.51,1.13
P003168,R001929,Brazil,France,1740.29,12.57
P003169,R001092,UAE,United Arab Emirates,1511.69,40.11
P003170,R001439,India,India,748.46,13.7
P003171,R002816,Canada,Japan,81.49,0.95
P003172,R001174,UAE,Australia,527.0,3.24
P003173,R001397,Japan,United States,1376.54,17.21
P003174,R001613,Germany,France,58.77,0.7
P003175,R000824,Australia,United Kingdom,1513.88,12.54
P003176,R000612,United Kingdom,Australia,228.2,4.67
P003177,R001291,Australia,UAE,142.54,3.27
P003178,R000156,India,France,1498.16,28.47
P003179,R000055,Brazil,Brazil,535.65,8.71
P003180,R001439,Mexico,UAE,1014.64,25.23
P003181,R001960,China,China,762.64,4.58
P003182,R002905,Germany,China,464.46,5.97
P003183,R002444,Japan,Australia,86.09,1.94
P003184,R000205,Japan,Japan,1148.91,34.16
P003185,R002401,China,USA,1437.75,16.99
P003186,R001486,United Kingdom,Canada,929.05,
P003187,R001467,United Kingdom,Germany,1064.19,24.85
P003188,R001958,Brazil,Brazil,784.07,14.35
P003189,R002760,China,India ,531.07,6.54
P003190,R002113,Japan,India,2324.48,23.8
P003191,R932097,United Kingdom,Japan,2634.2,15.17
P003192,R003018,U.A.E.,United States,4261.93,114.71
P003193,R000737,Japan,Australia,112.87,3.18
P003194,R001767,France,France,3390.14,54.18
P003195,R002747,Japan,United Kingdom,800.18,18.93
P003196,R001893,Mexico,United Kingdom,391.19,8.16
P003197,R001545,Japan,India,197.3,1.08
P003198,R001391,Mexico,Germany,1445.16,21.65
P003199,R001547,UAE,Brazil,1112.62,18.02
P003200,R001660,India,United States,1007.52,12.3
P003201,R002094,United Kingdom,India,1129.09,14.79
P003202,R000570,Canada,India,1281.6,11.61
P003203,R000802,Australia,Japan,4257.31,54.27
P003204,R001165,India,Japan,896.82,26.59
P003205,R000711,Japan,China,1255.45,30.35
P003206,R000935,UAE,U.A.E.,0,6.32
P003207,R000226,Australia,France,5039.65,133.85
P003208,R001788,India,Mexico,135.3,2.08
P003209,R002531,Germany,Brazil,2488.47,64.21
P003210,R000129,Germany,United Kingdom,944.42,8.96
P003211,R000428,Japan,Canada,572.22,
P003212,R000250,India,Australia,206.95,2.71
P003213,R000778,China,France,1496.47,38.71
P003214,R002686,China,Brazil,314.47,5.77
P003215,R000244,France,Brazil,2095.54,13.71
P003216,R001658,Canada,Canada,619.3,
P003217,R002731,Japan,India,153.41,4.0
P003218,R000859,China,India,806.02,18.0
P003219,R000846,United States,United Kingdom,731.0,20.84
P003220,,Germany,Australia,5629.0,165.63
P003221,R001163,Canada,United States,2125.32,44.74
P003222,R000217,Brazil,UAE,3880.11,115.45
P003223,R002908,Japan,United States,1576.7,11.46
P003224,R002968,Mexico,Australia,194.61,4.09
P003225,R002369,Brazil,United Kingdom,1718.06,34.69
P003226,R000873,UAE,United States,445.19,9.14
P003227,R000437,Brazil,China,413.87,3.4
P003228,R000862,Canada,UAE,1384.19,18.24
P003229,R002102,Mexico,Canada,398.09,6.85
P003230,R003032,Japan,United States,3009.26,71.87
P003231,R001359,Japan,Japan,139.08,3.83
P003232,R000917,Germany,China,0,7.46
P003233,R000465,France,Japan,712.51,4.0
P003234,R002544,Canada,Germany,241.83,5.5
P003235,R001957,Mexico,Brazil,479.11,10.31
P003236,R002303,Japan,Germany,436.64,9.47
P003237,R000992,India,Germany,139.71,2.2
P003238,R001520,Brazil,United States,324.04,4.87
P003239,R001052,Mexico,China,603.53,14.56
P003240,R002780,France,Australia,563.67,8.79
P003241,R002418,Germany,Mexico,1472.18,33.22
P003242,R001805,Canada,India,2676.05,54.17
P003243,R000435,Japan,Australia,501.94,3.9
P003244,R001323,Germany,Germany,209.02,3.71
P003245,R002369,India,Australia,1066.37,19.44
P003246,R002700,France,UAE,598.9,7.18
P003247,R000995,Canada,India,1904.93,20.52
P003248,R001720,China,Australia,615.75,9.63
P003249,R002981,France,France,726.17,7.03
P003250,R002023,Brazil,France,575.6,7.93
P003251,R000451,U.K.,France,3108.74,43.61
P003252,R000607,Japan,Brazil,792.91,18.19
P003253,R002388,China,UAE,2102.49,57.66
P003254,R000681,United Kingdom,United Kingdom,498.39,14.36
P003255,R001341,Brazil,Mexico,1307.8,7.35
P003256,R003023,Mexico,Mexico,1520.64,18.04
P003257,R001122,UAE,Germany,514.24,6.08
P003258,R000899,Canada,Brazil,1601.56,25.56
P003259,R001135,United States,United Kingdom,141.99,3.29
P003260,R001650,France,Japan,906.45,9.17
P003261,R001488,United States,Japan,1341.72,37.99
P003262,R002023,Germany,United Kingdom,335.73,2.43
P003263,R000781,UAE,Brazil,419.94,8.01
P003264,R001199,Germany,U.A.E.,228.69,4.6
P003265,R001381,Australia,UAE,250.19,6.36
P003266,R002680,Brazil,Australia,300.92,3.35
P003267,R000339,India,United Kingdom,1592.02,46.4
P003268,R000587,Canada,United States,318.06,7.21
P003269,R002698,USA,Canada,0,1.86
P003270,R001389,US,United States,1162.16,27.04
P003271,R000555,China,Australia,100.75,0.61
P003272,R002751,Brazil,india,649.66,5.39
P003273,R001723,Mexico,China,505.44,10.92
P003274,R000629,Australia,Australia,476.53,4.74
P003275,R000618,China,France,160.76,3.01
P003276,R000488,United Kingdom,France,1030.11,6.9
P003277,R001583,Japan,India,314.02,2.42
P003278,R002612,Mexico,Canada,28.75,0.83
P003279,R001093,Mexico,UAE,1471.09,42.1
P003280,R000874,Australia,Germany,1090.12,17.85
P003281,R000991,China,India,2573.29,35.78
P003282,R000217,Brazil,Mexico,758.69,14.78
P003283,R001798,Australia,United States,1178.16,12.72
P003284,R002194,Mexico,France,375.49,2.95
P003285,R001789,Germany,Mexico,104.06,2.7
P003286,R001394,UAE,China,313.98,6.01
P003287,R000797,Australia,Australia,1112.51,14.26
P003288,R000352,France,Brazil,883.05,13.32
P003289,R963723,Canada,United Kingdom,516.02,7.72
P003290,R000783,India,Australia,446.54,11.96
P003291,R002770,United States,India,215.95,3.04
P003292,R000690,Brazil,Germany,506.22,13.45
P003293,R001152,Brazil,Germany,492.53,7.3
P003294,R001213,Canada,United States,2424.47,20.21
P003295,R000104,Canada,Japan,1014.28,7.87
P003296,R002627,UAE,Canada,762.49,15.05
P003297,R000771,India,UAE,836.78,20.27
P003298,R002049,united states,Canada,3048.6,43.58
P003299,R002782,Brazil,India,437.43,4.86
P003300,R001478,India,Mexico,378.87,11.19
P003301,R000423,Mexico,USA,3309.42,45.46
P003302,R000455,United States,United Kingdom,1389.1,21.99
P003303,R001115,Mexico,UAE,351.62,9.82
P003304,R002020,United Kingdom,Germany,3410.29,56.86
P003305,R002823,Germany,Canada,476.42,5.1
P003306,R000597,UAE,India,476.68,11.39
P003307,R000267,Germany,France,173.6,3.49
P003308,R001986,China,Japan,216.48,3.69
P003309,R001590,Canada,Mexico,1759.37,10.75
P003310,R002393,United States,UAE,584.19,5.4
P003311,R002773,United States,Germany,648.91,13.83
P003312,R001683,China,Canada,2424.3,27.51
P003313,R001906,Australia,Brazil,1100.53,26.51
P003314,R000261,United States,Germany,218.16,4.07
P003315,R000413,UAE,UK,2170.5,18.84
P003316,R001666,Japan,Japan,1842.72,28.62
P003317,R002196,Japan,Australia,585.93,15.23
P003318,R002721,Germany,France,185.41,3.62
P003319,R000270,France,Germany,966.97,17.07
P003320,R000796,India,Germany,258.5,3.99
P003321,R002498,China,Mexico,517.06,3.53
P003322,R002687,Brazil,United Kingdom,554.02,7.0
P003323,R002942,China,Canada,278.02,7.82
P003324,R000736,Australia,France,,46.63
P003325,R000276,Australia,Japan,347.74,7.86
P003326,R000528,UAE,France,2371.63,33.5
P003327,R000498,France,China,746.54,5.6
P003328,R002544,Japan,UAE,166.21,3.44
P003329,R002757,France,United States,594.94,17.54
P003330,R002607,Brazil,United States,2515.32,44.51
P003331,R001368,Germany,Japan,572.99,9.97
P003332,R001233,China,France,333.42,6.21
P003333,R001429,Mexico,Brazil,1752.41,18.57
P003334,R002416,Mexico,Canada,300.5,7.75
P003335,R000083,Mexico,United Kingdom,39.54,1.08
P003336,R000379,Brazil,France,501.29,13.31
P003337,R000059,Germany,Mexico,0,5.92
P003338,R000513,France,India,508.01,7.61
P003339,R001250,Canada,Canada,712.76,21.13
P003340,R001607,Mexico,Japan,560.72,7.11
P003341,R001746,United Kingdom,France,272.15,7.52
P003342,R000156,Brazil,Germany,462.28,3.25
P003343,R002351,United States,China,1110.2,22.96
P003344,R000815,United Kingdom,U.A.E.,2323.1,13.48
P003345,R001786,Brazil,Germany,202.51,1.69
P003346,R000431,UAE,Mexico,237.11,6.27
P003347,R001049,Canada,Japan,1297.71,8.39
P003348,R001606,India,UAE,3831.97,36.66
P003349,R002679,Japan,Brazil,373.38,7.56
P003350,R000327,Brazil,United States,262.7,6.76
P003351,R002797,Canada,UAE,2063.58,41.45
P003352,R002157,United Kingdom,Australia,1971.02,38.28
P003353,R000638,Mexico,Germany,82.31,0.75
P003354,R001990,Brazil,United States,121.86,1.83
P003355,R002700,United Kingdom,Mexico,231.76,5.57
P003356,R001470,Canada,United Kingdom,1353.3,16.7
P003357,R000292,United Kingdom,Brazil,646.67,9.95
P003358,R000392,France,China,839.92,15.69
P003359,R002286,China,France,2848.66,18.04
P003360,R001175,Mexico,Australia,145.51,4.36
P003361,R000640,United States,Japan,339.62,4.32
P003362,R001774,India,Canada,935.31,12.65
P003363,R001741,Germany,United States,1399.28,26.01
P003364,R001499,united states,Germany,421.18,5.64
P003365,R001021,Australia,Germany,252.83,1.53
P003366,R968703,Canada,Brazil,1932.08,28.09
P003367,R919648,India,Australia,893.58,21.0
P003368,R000764,Canada,Japan,161.24,1.37
P003369,R002662,Mexico,China,2850.48,64.8
P003370,R002487,U.A.E.,India,,5.61
P003371,R001913,India,France,1533.43,15.96
P003372,R000147,India,Germany,749.34,17.92
P003373,R000136,China,UAE,-320.85,2.49
P003374,R002862,Brazil,Australia,811.5,18.06
P003375,R001679,China,Brazil,2235.59,65.47
P003376,R001183,Canada,Germany,504.76,13.27
P003377,R000487,UK,China,253.72,7.02
P003378,R002273,Germany,Brazil,8752.15,198.71
P003379,R001379,UAE,France,791.94,20.45
P003380,R002037,Australia,Canada,801.57,13.65
P003381,R926352,Brazil,Japan,529.67,8.62
P003382,R001077,France,United States,924.38,26.46
P003383,R001214,Brazil,UAE,43.86,0.82
P003384,R002489,Japan,UAE,1530.39,33.64
P003385,R002892,UAE,Canada,1209.73,24.4
P003386,R000306,India,Australia,1990.45,50.84
P003387,R001963,China,Mexico,809.84,6.53
P003388,R000840,China,Germany,504.97,5.73
P003389,R002331,United Kingdom,France,2033.64,54.39
P003390,R001935,United Kingdom,United Arab Emirates,2500.1,28.96
P003391,R001099,India,Australia,496.77,2.53
P003392,R000252,UAE,Brazil,258.33,6.16
P003393,R001281,France,China,658.03,7.83
P003394,R000909,UAE,UAE,285.59,3.47
P003395,R002315,United Kingdom,Germany,592.67,14.54
P003396,R001944,Canada,United States,1003.39,28.03
P003397,R002173,United Kingdom,Mexico,251.28,5.53
P003398,R002826,India,Mexico,637.69,7.19
P003399,R002400,Mexico,Germany,687.82,$18.82
P003400,R001292,United Kingdom,Japan,1618.98,34.96
P003401,R000112,Brazil,Germany,2620.55,40.24
P003402,R002714,Japan,india,491.03,13.5
P003403,R001655,UAE,China,4887.05,65.51
P003404,R975738,Mexico,Australia,1342.13,33.45
P003405,R000617,India,Germany,451.55,8.07
P003406,R000210,Germany,Australia,481.94,10.32
P003407,R002762,Mexico,Brazil,438.1,6.41
P003408,R002864,Japan,France,411.26,10.17
P003409,R001536,Japan,United States,2208.3,30.44
P003410,R000373,Australia,France,1490.17,
P003411,R000082,France,Australia,529.31,5.38
P003412,R002949,UAE,Canada,341.79,2.03
P003413,R002721,India,UK,1929.82,53.93
P003414,R000280,Japan,China,780.73,9.25
P003415,R002111,United States,United Kingdom,218.08,1.45
P003416,R001432,UAE,United Kingdom,78.34,1.21
P003417,R002753,Germany,China,546.47,15.42
P003418,R000050,Germany,Brazil,857.83,23.26
P003419,R003026,Mexico,Germany,1079.78,14.03
P003420,R002825,France,United Kingdom,2856.88,58.83
P003421,R002803,United Kingdom,India,144.91,2.47
P003422,R001401,France,Brazil,788.84,20.14
P003423,R002715,United Kingdom,Mexico,642.36,10.2
P003424,R002416,United Arab Emirates,India,260.08,1.95
P003425,R000888,Mexico,Mexico,1679.37,23.19
P003426,R002766,India,China,527.89,13.39
P003427,R002493,Australia,United States,635.0,8.88
P003428,R001296,Canada,United Kingdom,316.69,2.97
P003429,R927846,Mexico,Mexico,765.15,20.84
P003430,R002243,France,France,1138.46,34.12
P003431,,United Kingdom,Australia,757.27,10.83
P003432,R002375,Brazil,Mexico,1439.76,43.14
P003433,R002602,Australia,Australia,431.14,8.94
P003434,R916044,Canada,France,1239.7,17.21
P003435,R002420, United Kingdom,China,1276.95,24.72
P003436,R002934,Japan,Japan,1106.6,6.12
P003437,R001942,China,China,1638.06,21.98
P003438,R002845,India,Japan,440.78,12.18
P003439,R000154,Mexico,India,384.59,2.28
P003440,R957397,Japan,China,329.84,6.74
P003441,R000398,Mexico,Japan,236.98,4.35
P003442,R002945,United Kingdom,Australia,381.45,4.17
P003443,R002699,UAE,UAE,417.15,7.33
P003444,R001159,Japan,UAE,331.77,7.71
P003445,R002844,China,India,628.31,8.31
P003446,R000901,Mexico,United States,182.4,3.51
P003447,R001817,United Kingdom,Australia,1637.63,39.8
P003448,R000110,United Kingdom,Australia,579.72,7.75
P003449,R000997,Canada,United States,850.89,14.13
P003450,R000795,China,Germany,249.82,3.41
P003451,R000881,Germany,France,657.75,5.73
P003452,R001702,Canada,China,1074.04,32.13
P003453,R001708,UAE,Canada,768.95,11.06
P003454,R001485,Mexico,India,1916.92,15.21
P003455,R002873,Japan,United States,892.63,19.85
P003456,R002115,China,Brazil,175.72,2.65
P003457,R001144,Germany,India,440.13,3.04
P003458,R000894,United Kingdom,Brazil,229.05,2.93
P003459,R000045,UAE,Brazil,1544.55,12.4
P003460,R002726,Japan,Australia,651.85,12.58
P003461,R000047,Brazil,Japan,2045.05,39.34
P003462,R000265,Japan,China,184.6,4.36
P003463,R001666,China,United Kingdom,458.0,3.74
P003464,R002403,India,France,906.22,9.26
P003465,R001834,Germany,India,371.3,4.7
P003466,R000409,India,Brazil,46.8,1.06
P003467,R001914,Canada,France,181.61,3.74
P003468,R001273,India,China,2560.24,31.53
P003469,R000416,United States,Canada,1651.16,21.56
P003470,R002125,China,India,108.74,3.22
P003471,R000363,France,Japan,371.22,9.41
P003472,R000877,Japan,United Kingdom,725.68,19.19
P003473,R002221,United Kingdom,UAE,242.79,5.69
P003474,R001850,China,Canada,413.85,7.32
P003475,R002272,Australia,United States,174.16,4.4
P003476,R000779,United States,Canada,4634.14,36.12
P003477,R001379,Brazil,France,729.51,13.96
P003478,R002868,Germany,United Kingdom,435.48,9.08
P003479,R000469,United Kingdom,UAE,139.94,1.6
P003480,R927195,UAE,France,501.41,5.28
P003481,R000967,Japan,France,435.87,12.93
P003482,R001413,France,Brazil,317.21,5.91
P003483,R002313,United Kingdom,Australia,452.36,11.96
P003484,R000864,China,France,204.38,3.89
P003485,R001685,China,Brazil,1863.82,42.63
P003486,R001562,India,Mexico,1621.8,43.42
P003487,R002167,China,France,2254.72,60.32
P003488,R000016,U.A.E.,United States,126.9,
P003489,R001262,Brazil,United Kingdom,4290.98,109.23
P003490,R003000,Mexico,United Kingdom,586.72,15.72
P003491,R000369,France,United Kingdom,174.65,1.86
P003492,R002269,Canada,Japan,220.44,3.28
P003493,R002242,Australia,Canada,620.33,5.85
P003494,R001123,Germany,China,171.98,5.13
P003495,R002139,Japan,United Kingdom,154.81,$4.62
P003496,R000848,Mexico,China,934.57,5.88
P003497,R000652,Canada,Brazil,372.5,2.14
P003498,R001637,United Kingdom,Canada,409.2,7.32
P003499,R001415,Japan,United Kingdom,353.03,6.79
P003500,R002443,India,China,1359.33,17.32
P003501,R001055,india,China,306.31,8.59
P003502,R000835,IN,India ,303.85,7.52
P003503,R002384,Australia,Mexico,4578.34,116.51
P003504,R000589,United States,Germany,251.71,7.15
P003505,R002737,United Kingdom,Mexico,186.75,1.7
P003506,R000918,India,UAE,627.94,15.72
P003507,R001413,China,Germany,374.84,9.11
P003508,R000521,Germany,Japan,710.17,5.33
P003509,R000134,Mexico,France,1521.9,30.01
P003510,R000184,China,United States,545.51,5.08
P003511,R001147,France,China,761.84,4.04
P003512,R002227,United States,United States,1684.0,36.65
P003513,R000694,Japan,Brazil,832.93,24.61
P003514,R002491,China,India,375.61,11.02
P003515,R000297,Japan,France,1747.9,21.32
P003516,R003025,United Kingdom,Japan,973.36,7.79
P003517,R000378,United States,France,3120.27,57.1
P003518,R002193,France,China,2158.09,51.69
P003519,R002282,Japan,France,373.61,10.37
P003520,R002538,Japan,India,696.19,14.44
P003521,R000153,France,United Kingdom,561.26,16.65
P003522,R000779,China,Brazil,127.47,2.63
P003523,R000510,Brazil,Mexico,244.18,
P003524,R002777,Canada,United Kingdom,4488.6,118.53
P003525,R000418,Japan,Canada,235.64,4.07
P003526,R000937,China,United States,377.73,1.89
P003527,R002266,United Kingdom,India,409.38,9.4
P003528,R001576,Australia,France,496.04,6.17
P003529,R000465,Mexico,Germany,-426.09,8.1
P003530,R000043,Germany,Mexico,3438.28,21.97
P003531,R000190,United States,China,254.76,2.06
P003532,R001925,Japan,Germany,80.06,0.99
P003533,R002595,Mexico,Mexico,658.37,4.4
P003534,R000654,France,UAE,909.21,7.31
P003535,R000691,France,Mexico,1267.55,8.4
P003536,R001198,China,United Kingdom,3592.67,85.89
P003537,R001873,Mexico,Japan,333.57,8.17
P003538,R000326,Brazil,Germany,47.43,0.25
P003539,R002202,Australia,China,289.11,8.14
P003540,R001699,China,UAE,183.65,5.14
P003541,R000245,Mexico,Brazil,1040.95,29.01
P003542,R000170,India,Brazil,932.46,10.05
P003543,R000335,United Kingdom,Australia,951.39,7.1
P003544,R002758,China,Japan,646.4,7.09
P003545,R002550,U.K.,Japan,445.36,9.91
P003546,R000132,India,Japan,304.35,2.76
P003547,R000864,Mexico,United Kingdom,750.94,11.04
P003548,R001641,China,Canada,1132.21,17.44
P003549,R000006,Mexico,United Kingdom,375.3,2.75
P003550,R002309,UAE,China,272.26,2.24
P003551,R000030,Germany,United States,642.79,7.06
P003552,R002072,China,Canada,400.88,4.73
P003553,R001629,United Kingdom,Mexico,1800.13,33.71
P003554,R001437,France,UAE,0,42.07
P003555,R001637,Canada,Australia,1114.94,24.49
P003556,R000524,United States,France,675.21,18.8
P003557,R002895,Japan,India,1236.55,36.1
P003558,R000210,Brazil,Canada,418.02,4.14
P003559,R001671,UAE,Mexico,1552.44,29.04
P003560,R000963,Canada,United Kingdom,1875.04,14.06
P003561,R002622,Australia,Brazil,584.7,6.69
P003562,R002653,Canada,China,459.73,5.99
P003563,R001411,UAE,Brazil,836.84,12.28
P003564,R000576,Canada,Germany,229.42,6.08
P003565,R001606,UAE,Australia,974.3,15.77
P003566,R001455,Germany,UAE,623.34,7.4
P003567,R000640,UAE,India,1544.59,13.2
P003568,R002421,United Kingdom,Australia,671.51,5.16
P003569,R002126,Japan,United Kingdom,574.23,8.49
P003570,R002688,Japan,United Kingdom,136.24,1.28
P003571,R999755,France,India,1250.15,30.46
P003572,R002733,UAE,China,971.54,12.56
P003573,R002204,Japan,Australia,563.15,12.03
P003574,R002272,US,France,585.97,14.26
P003575,R002064,Mexico,United Kingdom,541.02,9.86
P003576,R002224,Canada,Australia,587.74,15.72
P003577,R001908,India,United States,1398.47,-22.69
P003578,R000434,Canada,UAE,1412.12,36.98
P003579,R000191,Germany,France,476.6,4.89
P003580,R000472,United Kingdom,India,345.36,8.95
P003581,R001395,Japan,Australia,804.83,7.54
P003582,R000766,Germany,UAE,566.22,11.0
P003583,R002477,Australia,Mexico,332.76,8.78
P003584,R001890,UAE,United Kingdom,630.44,4.1
P003585,R002743,China,United States,1012.31,24.02
P003586,R001798,China,Brazil,125.06,1.59
P003587,R002765,India,Canada,5378.61,94.45
P003588,R002650,Brazil,Canada,2201.94,
P003589,R000740,Mexico,Canada,313.75,8.45
P003590,R002160,France,UK,138.32,3.63
P003591,R001653,China,Mexico,863.73,16.35
P003592,R002681,Australia,Mexico,1121.21,15.63
P003593,R002515,United States,India,192.59,5.03
P003594,R000011,Japan,UAE,3715.49,27.45
P003595,R001518,France,Mexico,466.48,6.95
P003596,R001858,Germany,France,403.99,5.35
P003597,R001776,Brazil,United States,310.15,6.59
P003598,R002265,Germany,France,1487.09,26.39
P003599,R002256,United Kingdom,UAE,1523.34,38.5
P003600,R002099,India,France,238.25,4.55
P003601,R001336,China,United Kingdom,0,16.14
P003602,R002607,Mexico,UAE,959.8,20.32
P003603,R002303,Mexico,Brazil,2605.26,73.64
P003604,R002880,China,Brazil,105.18,3.1
P003605,R001374,United Kingdom,Australia,303.73,8.07
P003606,R000836,United States,China,443.78,6.82
P003607,R001688,Mexico,United States,92.1,0.8
P003608,R002644,France,United States,598.41,16.09
P003609,R000445,China,U.A.E.,1103.02,10.74
P003610,R000487,Germany,Canada,438.0,10.56
P003611,R001894,Mexico,Mexico,693.68,13.54
P003612,R000433, United Kingdom,Mexico,397.56,-4.09
P003613,R000925,United Kingdom,France,768.3,5.27
P003614,R002560,India,India,1586.25,30.38
P003615,R001715,Australia,IN,157.65,3.2
P003616,R002761,Mexico,UAE,120.12,1.33
P003617,R001070,india,United Kingdom,964.28,8.13
P003618,R001573,Canada,Japan,944.35,9.13
P003619,R002847,Canada,Japan,1901.5,17.93
P003620,R001684,United States,Mexico,965.04,20.73
P003621,R000209,Mexico,Brazil,1178.45,17.88
P003622,R001579,Canada,United States,349.56,9.15
P003623,R001129,Germany,India,1745.29,-41.84
P003624,R001277,UAE,China,356.4,3.44
P003625,R001601,Australia,United Kingdom,118.65,0.92
P003626,R002807,Japan,France,255.18,6.51
P003627,R001454,UAE,China,1665.6,49.79
P003628,R002147,China,Germany,631.74,15.83
P003629,R001916,Brazil,Brazil,296.17,7.32
P003630,R000206,United Kingdom,United States,324.94,5.31
P003631,R002947,Brazil,Mexico,2283.33,45.38
P003632,R001452,India ,China,553.52,16.45
P003633,R001293,France,United Kingdom,931.7,20.27
P003634,R000110,Canada,Brazil,6504.57,76.84
P003635,R001926,India,India,,3.79
P003636,R000185,United States,Mexico,2256.17,45.57
P003637,R998159,Australia,Brazil,327.72,2.48
P003638,R001434,Brazil,Germany,905.26,26.27
P003639,R001237,UAE,UK,1941.12,42.23
P003640,R002977,Australia,Brazil,598.68,12.7
P003641,R001036,United States,Australia,180.49,1.03
P003642,R001535,Brazil,Brazil,426.74,7.33
P003643,R001843,Brazil,United States,139.15,1.18
P003644,R000935,China,India,1690.46,20.9
P003645,R001955,Japan,Mexico,3577.02,19.11
P003646,R002312,india,Mexico,553.45,4.9
P003647,R002987,Canada,Japan,324.77,4.68
P003648,R001365,Canada,Japan,1462.27,15.76
P003649,R002244,China,China,5639.84,76.68
P003650,R001237,China,France,1819.8,43.37
P003651,R002284,China,Germany,914.2,17.22
P003652,R001536,China,China,169.61,4.58
P003653,R001411,France,Japan,164.94,0.99
P003654,R000777,China,Germany,565.83,11.39
P003655,R001289,Japan,United States,708.68,12.13
P003656,R001102,Mexico,India,487.73,13.29
P003657,R001852,France,Australia,383.48,7.19
P003658,R002184,Japan,Mexico,322.01,7.36
P003659,R000625,Japan,China,574.22,12.96
P003660,R001320,China,Australia,826.85,13.1
P003661,R002373,Mexico,Canada,7468.07,148.11
P003662,R000067,India,U.K.,122.49,1.99
P003663,R002783,Brazil,US,1473.97,37.06
P003664,R000859,Australia,Brazil,402.54,8.85
P003665,R000971,France,Mexico,292.86,3.77
P003666,R002267,United Kingdom,China,454.28,10.93
P003667,R000986,United States,United States,899.47,6.03
P003668,R001850,Brazil,Australia,107.15,1.16
P003669,R001816,Japan,Canada,1812.15,37.01
P003670,R001786,Mexico,UAE,861.8,25.49
P003671,R002139,Brazil,China,0,13.95
P003672,R000971,China,UAE,424.05,9.36
P003673,R001670,Brazil,France,36.49,0.28
P003674,R001819,Australia,Canada,384.3,2.63
P003675,R002576,Germany,United States,532.88,5.27
P003676,R002799,UAE,India,2971.31,50.92
P003677,R002506,Canada,Germany,615.54,8.24
P003678,R001659,Japan,Japan,734.65,8.66
P003679,R001097,Australia,Canada,291.38,5.94
P003680,R002724, United Kingdom,Mexico,579.55,
P003681,R001359,Brazil,Brazil,152.36,3.7
P003682,,Australia,United Kingdom,494.88,14.75
P003683,R002172,Australia,Australia,1350.36,10.22
P003684,R002189,Brazil,France,565.84,16.55
P003685,R001596,Japan,United Kingdom,533.76,11.58
P003686,R000069,China,Brazil,1331.09,24.46
P003687,R000930,India,Germany,1339.18,33.4
P003688,R001630,United Arab Emirates,Canada,126.38,2.4
P003689,R000478,Germany,Canada,1568.62,28.76
P003690,R002329,United Arab Emirates,India,2840.42,21.29
P003691,R001773,France,UAE,407.36,9.95
P003692,R002362,United Kingdom,UAE,442.96,6.24
P003693,R001189,United Kingdom,Australia,593.78,12.03
P003694,R002593,UAE,Germany,244.07,3.6
P003695,R001548,Brazil,Mexico,2251.82,52.96
P003696,R001385,united states,Germany,3465.97,51.05
P003697,R002526,Canada,Brazil,1764.96,30.35
P003698,R000023,UAE,UAE,125.46,3.03
P003699,R001609,United Kingdom,Brazil,344.41,8.3
P003700,R002193,UAE,Brazil,417.19,2.21
P003701,R001434,India,Brazil,527.8,8.28
P003702,R002503,UAE,Japan,783.39,13.12
P003703,R000508,China,Mexico,645.46,7.36
P003704,R000636,UAE,Mexico,650.28,12.99
P003705,R000395,France,UAE,1789.69,13.23
P003706,R986095,India,Germany,1167.76,23.05
P003707,R001352,Australia,China,573.44,7.81
P003708,R000808,India ,China,1404.09,16.64
P003709,R001535,United Kingdom,UAE,836.12,14.74
P003710,R002875,Canada,United Kingdom,1443.26,31.74
P003711,R002652,Brazil,Canada,2940.68,40.52
P003712,R002047,Canada,Canada,2062.05,21.42
P003713,R001343,Brazil,United States,212.05,3.28
P003714,R002229,India,UAE,623.2,18.22
P003715,R000864,China,Japan,1041.4,8.86
P003716,R002005,Canada,Mexico,177.6,4.4
P003717,R001016,China,Brazil,978.29,24.06
P003718,R000595,Brazil,Canada,1047.86,31.06
P003719,R001095,Germany,United Kingdom,194.71,5.27
P003720,R000203,UAE,China,589.06,4.5
P003721,R000817,UAE,Canada,946.1,9.19
P003722,R000749,Brazil,United States,-2867.01,
P003723,R001393,Brazil,Australia,666.78,14.33
P003724,R001732,Japan,Australia,209.58,4.52
P003725,R001249,China,Australia,184.37,3.07
P003726,R000463,Australia,Canada,444.93,11.01
P003727,R000726,Japan,France,957.79,6.33
P003728,R001346,Mexico,India,1161.07,30.62
P003729,R002432,China,United Kingdom,223.29,
P003730,R001264,Germany,China,1020.79,10.5
P003731,R000494,United States,IN,0,2.29
P003732,R962028,India,United States,393.54,6.53
P003733,R002575,United Kingdom,Mexico,997.11,24.3
P003734,R001302,United States,UAE,2162.56,13.53
P003735,R001133,Japan,UAE,157.45,3.18
P003736,R002977,China,Canada,881.84,12.25
P003737,R000150,Brazil,Brazil,494.57,5.95
P003738,R002700,Germany,United Kingdom,128.61,1.56
P003739,R000350,Mexico,Australia,180.03,5.0
P003740,R002758,India,France,837.87,23.06
P003741,R002049,india,China,4087.04,52.41
P003742,R002169,Mexico,United Kingdom,684.12,11.79
P003743,R001687,Japan,Mexico,10537.38,172.84
P003744,R000569,UAE,Mexico,1279.24,20.83
P003745,R001996,Mexico,United States,313.28,9.07
P003746,R002407,China,Canada,1579.63,45.05
P003747,R000081,Germany,France,214.41,4.63
P003748,R000731,UAE,United Kingdom,758.84,10.63
P003749,R001546,Australia,Canada,772.33,15.45
P003750,R001002,Canada,Mexico,753.68,8.11
P003751,R002039,Brazil,China,198.51,4.68
P003752,R002338,India,United Kingdom,56.12,0.66
P003753,R001015,Canada,Brazil,1453.12,43.55
P003754,R001255,Japan,Germany,508.58,14.9
P003755,R000078,Japan,Japan,950.16,8.14
P003756,R002923,Australia,Australia,2771.13,39.26
P003757,R002217,China,Canada,964.3,28.4
P003758,R001546,Brazil,Brazil,211.18,3.52
P003759,R002412,United Arab Emirates,India,536.33,11.79
P003760,R000905,United States,United States,569.06,11.29
P003761,R000454,Australia,Canada,2338.08,27.32
P003762,R000587,Germany,United States,135.79,3.92
P003763,R000084, United Kingdom,Canada,991.47,16.94
P003764,R001108,Japan,India,241.66,2.69
P003765,R000725,China,Japan,389.54,10.06
P003766,R001174,United States,UAE,1415.89,15.29
P003767,R925663,UAE,Mexico,819.89,6.58
P003768,R002340,Canada,United States,667.48,20.0
P003769,R002295,United States,Australia,533.69,11.94
P003770,R000753,Canada,Australia,1380.57,33.88
P003771,R001372,Japan,China,458.85,2.47
P003772,R000136,india,France,375.02,3.28
P003773,R001685,Australia,UAE,1652.84,17.62
P003774,R000047,United States,France,55.39,0.68
P003775,R000178,China,United Kingdom,235.21,2.19
P003776,R000343,Australia,United States,323.07,3.59
P003777,R003005,Canada,Japan,1777.65,18.56
P003778,R000322,France,United Kingdom,777.17,15.65
P003779,R000140,Japan,Brazil,221.03,5.0
P003780,R000837,Canada,UAE,206.83,2.74
P003781,R002353,U.K.,Canada,1832.92,40.39
P003782,R002338,France,Canada,207.44,2.98
P003783,R002610,India,U.K.,361.26,4.26
P003784,R001319,Mexico,Germany,445.8,2.95
P003785,R001731,Australia,Brazil,1101.2,25.85
P003786,R002781,Australia,Australia,410.27,2.71
P003787,R936109,Japan,Brazil,179.84,1.92
P003788,R002891,Canada,China,1201.97,12.23
P003789,R002012,India,United States,1175.41,15.75
P003790,R001879,Australia,France,3152.98,81.98
P003791,R000622,Brazil,Canada,851.27,21.42
P003792,R001329,United States,Germany,199.84,5.91
P003793,R002984,France,Japan,2978.8,64.45
P003794,R000206,UAE,China,444.3,13.21
P003795,R002717,Brazil,Brazil,1513.29,13.53
P003796,R000121,Brazil,UAE,2859.59,45.23
P003797,R001532,United Arab Emirates,Germany,721.53,12.05
P003798,R002371,UAE,UAE,640.07,12.87
P003799,R001056,India,United Kingdom,854.18,5.44
P003800,R000804,Mexico,Mexico,1022.85,15.45
P003801,R001136,Mexico,China,1797.1,9.71
P003802,R000666,China,United Kingdom,,2.8
P003803,R000502,Mexico,United Kingdom,687.87,14.03
P003804,R001365,Canada,France,398.14,8.49
P003805,R000664,Germany,United Kingdom,396.25,2.51
P003806,R001438,Mexico,China,285.06,5.56
P003807,R000134,Canada,Japan,423.69,9.13
P003808,R000902,France,Canada,255.42,1.85
P003809,R001657,Mexico,Japan,1579.2,11.0
P003810,R002720,Canada,Japan,1245.62,13.01
P003811,R002467,Australia,United Kingdom,599.49,6.85
P003812,R002667,Canada,United States,832.01,18.3
P003813,R000517,France,Canada,285.36,6.01
P003814,R000840,Australia,UAE,637.27,5.33
P003815,R001863,Mexico,United Kingdom,2077.21,25.41
P003816,R001082,Mexico,China,1998.75,36.53
P003817,,Germany,China,3228.8,71.27
P003818,R002566,UAE,India,1575.16,
P003819,R000345,Brazil,Brazil,907.43,22.2
P003820,R000716,United States,Australia,1487.84,41.0
P003821,R002403,Canada,Canada,213.7,3.13
P003822,R001331,UAE,United Kingdom,1371.93,8.9
P003823,R002210,United Kingdom,Mexico,1634.19,31.93
P003824,R002611,Canada,India,627.07,5.04
P003825,R000210,Brazil,United States,697.17,13.85
P003826,R002232,United States,Japan,509.86,9.45
P003827,R001276,UAE,Brazil,608.7,8.95
P003828,R001374,Germany,India,783.69,20.03
P003829,R001847,India,UAE,867.24,9.03
P003830,R002150,China,United Kingdom,289.48,6.98
P003831,R002248,Brazil,UAE,338.72,9.72
P003832,R001491,France,Mexico,1246.79,26.14
P003833,R000866,Canada,Brazil,950.66,13.97
P003834,R002972,Australia,Australia,311.53,1.8
P003835,R001476,Brazil,Canada,582.55,13.04
P003836,R002875,China,Germany,3815.35,72.27
P003837,R000528,UAE,Germany,84.79,1.01
P003838,R001754,Germany,France,55.78,0.82
P003839,R000627,Germany,Germany,86.19,2.2
P003840,R000482,United Kingdom,United Kingdom,5979.48,163.77
P003841,R000404,India,United Kingdom,236.33,6.3
P003842,R001541,Brazil,Canada,483.73,2.84
P003843,R002344,Germany,Mexico,1142.11,13.16
P003844,R000267,France,United Kingdom,1065.85,22.63
P003845,R002113,United States,India,515.48,3.63
P003846,R002099,Australia,Brazil,2635.65,69.82
P003847,R002357,China,Brazil,1426.26,40.67
P003848,R000348,United Kingdom,China,353.38,3.89
P003849,R001797,Brazil,United Kingdom,246.71,3.45
P003850,R000633,U.K.,united states,770.79,18.08
P003851,R000293,United States,UAE,1500.85,25.89
P003852,R002419,Brazil,Canada,3926.15,40.77
P003853,R001010,Canada,United States,904.82,20.85
P003854,R002136,Brazil,India,463.68,10.97
P003855,R002526,China,Brazil,2373.85,35.85
P003856,R000377,Mexico,United States,-2023.46,60.3
P003857,R000281,Canada,UAE,1410.39,19.23
P003858,R001709,India,France,205.88,2.08
P003859,R001718,Japan,Mexico,486.88,10.87
P003860,R002079,United Kingdom,Japan,550.0,5.22
P003861,R001767,India,Germany,1411.11,17.11
P003862,R001272,Canada,France,109.86,1.19
P003863,R000812,Germany,China,451.86,10.57
P003864,R002990,France,Germany,677.14,16.82
P003865,R002103,Canada,Mexico,531.55,6.2
P003866,R001015,Mexico,India,3436.72,73.46
P003867,R001358,China,Germany,1815.9,29.32
P003868,R001111,Canada,Brazil,,43.38
P003869,R001785,China,Japan,421.0,
P003870,R001200,United States,United States,791.37,4.98
P003871,R001620,Germany,Canada,284.07,3.81
P003872,R925289,Germany,Germany,291.76,7.03
P003873,R002503,Australia,France,,43.36
P003874,R001898,United Kingdom,Brazil,1517.27,35.95
P003875,R001074,United States,Australia,266.13,3.98
P003876,R000080,Brazil,Mexico,741.01,20.77
P003877,R000846,Australia,Australia,152.86,3.21
P003878,R002789,France,United States,1123.32,17.61
P003879,R962306,United Kingdom,United Kingdom,260.38,5.15
P003880,R002922,United States,United Kingdom,743.15,18.84
P003881,R001669,United Arab Emirates,Australia,3776.5,87.06
P003882,R002454,India,Germany,232.02,6.01
P003883,R002437,Germany,Canada,941.1,26.73
P003884,R003013,India,China,641.24,7.36
P003885,R002805,Australia,Australia,214.85,5.13
P003886,R000907,India,Canada,329.99,8.89
P003887,R000546,France,Mexico,1025.13,9.76
P003888,R002153,India ,Brazil,542.13,7.16
P003889,R001186,Brazil,Canada,2732.74,24.47
P003890,R001673,China,Mexico,1076.18,20.19
P003891,R000198,United Kingdom,UAE,247.67,1.99
P003892,R001321,UK,UAE,1583.44,10.23
P003893,R002018,France,Australia,1804.21,34.29
P003894,R002277,Japan,United Kingdom,876.26,24.67
P003895,R001635,Mexico,United States,1171.61,29.63
P003896,R002704,Brazil,United States,864.25,10.93
P003897,R000671,United Kingdom,United Kingdom,2285.11,23.87
P003898,R000426,United Kingdom,USA,1988.92,18.53
P003899,R000897,China,Brazil,152.47,1.75
P003900,R000370,Canada,Japan,139.18,2.74
P003901,R002834,United States ,United Kingdom,551.62,15.49
P003902,R000131,India,United Arab Emirates,1479.71,28.96
P003903,R001359,United Kingdom,France,2190.66,37.68
P003904,R000720,UAE,United Kingdom,470.87,11.18
P003905,R000860,Brazil,Australia,537.79,5.05
P003906,R001720,India,Brazil,497.45,4.19
P003907,R000920,United Kingdom,Australia,614.68,5.74
P003908,R000380,Mexico,Canada,779.21,20.2
P003909,R002261,France,UAE,424.02,6.08
P003910,R002771,Australia,France,495.95,6.51
P003911,R000949,France,Mexico,976.09,
P003912,R001996,Brazil,France,193.92,3.94
P003913,R001718,United Kingdom,Brazil,4248.98,102.15
P003914,R002009,Brazil,United Kingdom,-5716.45,162.24
P003915,R002739,United States,China,1436.96,17.93
P003916,R000618,UAE,United Kingdom,2593.56,52.6
P003917,R913956,UAE,Brazil,275.8,2.61
P003918,R002406,Japan,Germany,369.87,5.73
P003919,R003009,Brazil,Mexico,69.41,0.66
P003920,R002346,United Kingdom,China,697.98,11.89
P003921,R002548,United Kingdom,UAE,719.08,15.82
P003922,R001202,Germany,Japan,,21.94
P003923,R000589,Mexico,Australia,130.86,0.77
P003924,R002528,UAE,India,644.75,9.01
P003925,R001276,Mexico,Canada,929.08,11.44
P003926,R002123,France,Japan,1084.82,31.34
P003927,R002971,Germany,UAE,385.17,5.91
P003928,R002091,Brazil,U.K.,5099.37,80.95
P003929,R001979,Brazil,Australia,532.84,10.11
P003930,R001678,United States,China,771.52,4.88
P003931,R001021,Germany,United Kingdom,476.23,12.11
P003932,R002173,Canada,Mexico,390.54,5.11
P003933,R000570,Germany,Germany,1284.43,21.88
P003934,R000041,India,UAE,135.86,2.69
P003935,R001915,United Kingdom,UAE,1369.26,17.04
P003936,R000265,India,UAE,753.53,21.88
P003937,R002776,Japan,France,561.0,8.79
P003938,R002022,UAE,Mexico,204.9,3.85
P003939,R001680,France,United Kingdom,693.87,5.98
P003940,R001280,India,Brazil,1269.62,12.56
P003941,R002159,Germany,Brazil,785.21,
P003942,R002900,Canada,UAE,625.04,4.86
P003943,R002637,Mexico,Germany,524.28,7.24
P003944,R000779,Japan,Mexico,431.89,6.67
P003945,R001495,United Kingdom,Brazil,218.61,2.74
P003946,R000613,Germany,Canada,1243.84,18.68
P003947,R001217,Brazil,Germany,840.56,8.24
P003948,R002511,Brazil,United States,1329.38,25.65
P003949,R000535,France,UAE,424.75,6.96
P003950,R002224,India,India,562.87,6.73
P003951,R002565,UAE,Japan,207.77,5.94
P003952,R000602,France,Germany,142.38,2.17
P003953,R001477,China,Canada,730.24,19.66
P003954,R001346,Mexico,India,84.76,0.86
P003955,R000962,Australia,Brazil,936.29,
P003956,R000219,Germany,Japan,372.76,3.89
P003957,R002428,China,France,6360.46,84.95
P003958,R001675,China,United States,682.06,10.24
P003959,R000905,Germany,China,1181.86,21.32
P003960,R001683,Brazil,France,343.53,3.25
P003961,R000079,Canada,France,2106.72,41.34
P003962,R001602,United States,Germany,2304.02,62.32
P003963,R000957,India,France,1745.68,24.93
P003964,R000694,United States,India,4913.57,106.42
P003965,R000922,UAE,France,231.74,4.32
P003966,R000116,Canada,China,1277.97,32.07
P003967,R000977,Australia,France,312.82,5.89
P003968,R000049,Germany,UAE,240.86,1.71
P003969,R002324,Brazil,Brazil,645.42,8.71
P003970,R000415,United Kingdom,United Kingdom,846.88,20.83
P003971,R000725,Canada,Canada,601.41,12.93
P003972,R001794,UAE,France,186.26,5.49
P003973,R000100,Japan,United States,711.61,10.23
P003974,R000428,Australia,United Kingdom,654.93,17.58
P003975,R002771,Canada,China,249.47,6.78
P003976,R001706,India,Japan,2849.07,72.16
P003977,R001925,France,Japan,4362.33,107.57
P003978,R002162,United States,Canada,758.28,22.14
P003979,R001349,UAE,Australia,1753.21,52.43
P003980,R000540,India ,India,57.79,1.17
P003981,R000826,Brazil,Mexico,662.58,4.24
P003982,R001834,Canada,United States,1983.52,20.5
P003983,R002501,China,UAE,677.92,10.62
P003984,R002232,UAE,United Kingdom,596.29,8.32
P003985,R001584,France,United States,1302.81,20.86
P003986,R000883,UAE,Australia,6465.53,161.75
P003987,R922844,united states,Brazil,929.99,15.16
P003988,R002017,Germany,United States,766.23,10.31
P003989,R001175,United Kingdom,United States,2520.04,54.05
P003990,R002058,Mexico,United Kingdom,1053.63,6.76
P003991,R002022,China,France,0,34.53
P003992,R002646,united states,France,245.02,5.35
P003993,R002780,Germany,France,248.05,1.35
P003994,R002432,Canada,Australia,,3.75
P003995,R000407,India,Australia,1620.38,29.49
P003996,R001705,Germany,China,935.37,6.67
P003997,R000737,United Kingdom,United Kingdom,517.02,8.33
P003998,R002767,Brazil,Brazil,942.24,11.6
P003999,R000686,Canada,Mexico,1901.61,29.51
P004000,R002054,Japan,United Kingdom,491.22,14.71
P004001,R001680,Japan,UAE,1416.99,7.21
P004002,R002827,Brazil,United States,436.58,10.16
P004003,R002116,United Kingdom,Australia,148.78,3.07
P004004,R001038,United Kingdom,France,678.59,19.11
P004005,R001833,Canada,Brazil,133.51,3.39
P004006,R000959,France,United Kingdom,484.04,2.85
P004007,R000833,United Kingdom,Germany,773.97,7.13
P004008,R001130,Brazil,France,295.98,5.26
P004009,R003004,India,Japan,1191.98,8.74
P004010,R002483,France,France,529.36,14.67
P004011,R000732,United States,Mexico,1231.34,35.24
P004012,R002869,France,Australia,655.72,3.68
P004013,R000953,UAE,UAE,546.49,15.15
P004014,R002104,Germany,Japan,298.01,2.31
P004015,R001803,France,Mexico,688.67,10.05
P004016,R002565,Germany,France,780.15,20.82
P004017,R000772,Japan,United Kingdom,957.16,13.55
P004018,R002719,Japan,Australia,866.08,18.13
P004019,R000157,Mexico,United Kingdom,184.22,4.33
P004020,R002422,India,Brazil,1811.36,33.51
P004021,R001466,Japan,United States,992.77,15.25
P004022,R000552,U.K.,Brazil,706.83,18.85
P004023,R002449,Mexico,Brazil,946.92,27.3
P004024,R000435,France,France,1141.83,5.81
P004025,R002974,France,United States,4611.36,27.67
P004026,R001546,India,UAE,385.21,4.38
P004027,R002702,United States,Mexico,395.28,4.99
P004028,R001455,India,Brazil,232.4,1.74
P004029,R000139,France,Canada,104.4,0.63
P004030,R000251,Australia,Brazil,1019.08,16.41
P004031,R002146,IN,United States,4855.2,101.28
P004032,R003036,Japan,India,506.66,10.65
P004033,R001312,India,Mexico,2283.22,65.85
P004034,R002624,UAE,France,514.54,10.87
P004035,R000235,Australia,Australia,2160.95,20.37
P004036,R001218,China,United States,939.11,16.86
P004037,R002933,France,China,694.62,19.58
P004038,R001364,Germany,UAE,389.74,7.67
P004039,R000027,Australia,Canada,729.61,8.66
P004040,R003019,China,France,1584.82,19.34
P004041,R002269,Mexico,United Kingdom,344.95,3.4
P004042,R001592,United States,Brazil,624.52,12.51
P004043,R000110,United States ,United Kingdom,825.41,16.71
P004044,R002010,India,Japan,1527.74,-33.4
P004045,R000047,UAE,UAE,750.89,11.33
P004046,R002889,India,Australia,519.24,9.66
P004047,R000542,Mexico,France,881.28,
P004048,R000939,Mexico,Brazil,2102.95,44.87
P004049,R000625,UAE,France,1048.79,27.25
P004050,R000644,China,India,640.4,5.92
P004051,R000352,Mexico,Canada,716.36,12.25
P004052,R002687,Germany,Mexico,244.49,1.25
P004053,R002649,Mexico,Australia,1394.86,18.93
P004054,R000368,India,France,188.79,2.62
P004055,R000123,Canada,Brazil,443.98,4.11
P004056,R001776,China,France,569.48,9.42
P004057,R002406,Brazil,China,443.09,4.48
P004058,R001569,UAE,Japan,254.96,6.21
P004059,R000335,Mexico,Germany,351.93,8.03
P004060,R002159,Canada,Germany,179.29,4.97
P004061,R000550,Brazil,Brazil,3192.84,93.35
P004062,R003039,Japan,India,399.38,7.25
P004063,R002345,Germany,UAE,364.67,2.66
P004064,R002996,United Kingdom,China,4824.92,87.1
P004065,R002415,France,Japan,142.64,1.89
P004066,R000281,France,United States,1175.37,11.93
P004067,R002683,Mexico,Australia,701.12,14.98
P004068,R000176,Canada,Japan,258.56,1.44
P004069,R001209,France,United States,752.92,
P004070,R001000,U.K.,Germany,3858.64,38.83
P004071,R002456,Australia,Canada,1165.24,25.29
P004072,R001937,Germany,Canada,1014.76,15.52
P004073,R000512,United Kingdom,United States,203.95,4.35
P004074,R000617,Germany,United Kingdom,299.92,2.19
P004075,R000679,United Kingdom,UAE,152.46,1.19
P004076,R001274,Australia,United States,724.74,
P004077,R002380,UAE,Japan,694.92,15.91
P004078,R001680,Brazil,Brazil,301.64,1.85
P004079,R002038,Brazil,France,1593.03,8.04
P004080,R002589,Mexico,India,191.81,1.26
P004081,R002247,United States,Germany,324.29,3.08
P004082,R002760,Australia,Australia,748.79,14.85
P004083,R000613,France,Germany,214.46,3.99
P004084,R000479,United Kingdom,United States,495.46,3.11
P004085,R000238,United Kingdom,Mexico,346.65,5.16
P004086,R000832,Australia,United States,864.14,19.29
P004087,R000933,France,Japan,177.26,3.24
P004088,R000112,France,China,89.82,2.34
P004089,R002853,Canada,United States,206.72,2.17
P004090,R001964,Australia,Mexico,1620.33,25.08
P004091,R001115,United Kingdom,Japan,1495.08,18.59
P004092,R002844,India,Japan,270.34,1.66
P004093,R002255,Australia,United States,623.16,4.85
P004094,R001475,Canada,Canada,677.41,17.77
P004095,R002806,UAE,Canada,169.15,1.84
P004096,R000898,France,France,354.84,6.82
P004097,R002078,UAE,Brazil,,10.33
P004098,R002959,United Kingdom,United Kingdom,76.6,0.74
P004099,R002767,Australia,China,745.38,3.82
P004100,R000638,France,India,12296.04,315.07
P004101,R002716,India,United States,1073.68,18.91
P004102,R002337,United States,United Kingdom,827.24,21.52
P004103,R002151,Germany,Mexico,1351.73,11.77
P004104,R002998,United Kingdom,Canada,1019.05,9.43
P004105,R002605,united states,Australia,-1580.6,15.4
P004106,R002650,United Kingdom,China,96.79,
P004107,R001555,China,France,451.62,11.74
P004108,R000465,Australia,United Kingdom,245.49,7.25
P004109,R000511,Australia,Japan,99.1,2.44
P004110,R002767,China,Germany,576.85,6.26
P004111,R002337,Brazil,Mexico,1675.35,25.63
P004112,R000579,UAE,Japan,368.89,4.34
P004113,R001308,France,U.A.E.,921.64,5.68
P004114,R001746,Canada,Mexico,2304.08,12.94
P004115,R001750,Brazil,Australia,514.56,11.26
P004116,R002129,USA,Canada,1910.06,41.75
P004117,R002886,Australia,United Kingdom,1709.65,22.91
P004118,R002801,Brazil,United States,893.47,15.27
P004119,R000980,UAE,UAE,199.0,4.62
P004120,R002736,Canada,Mexico,95.25,1.18
P004121,R002362,United Kingdom,Australia,328.24,3.38
P004122,R000361,China,Australia,426.16,5.83
P004123,R002805,India,Germany,514.2,3.04
P004124,R000059,United States,India,1196.78,15.72
P004125,R000808,Australia,Mexico,315.31,6.84
P004126,R000729,Germany,Brazil,1230.43,35.64
P004127,R001061,Germany,Brazil,3440.15,19.04
P004128,R000804,Brazil,United States,557.04,7.34
P004129,R001314,UAE,Mexico,807.11,7.52
P004130,R956438,United States,Canada,3189.69,41.23
P004131,R969950,Mexico,UAE,1405.97,25.99
P004132,R002541,Brazil,Germany,324.9,8.56
P004133,R937047,Japan,Mexico,3785.72,91.95
P004134,R001977,Germany,United States,-788.83,8.58
P004135,R002733,India,Australia,360.33,6.82
P004136,R002539,United States,Brazil,133.56,1.45
P004137,R002613,China,Canada,318.85,5.84
P004138,R002389,China,United States,755.25,3.8
P004139,R002110,India,United States,246.03,3.22
P004140,R990894,India,Canada,281.51,2.06
P004141,R000268,Germany,Canada,2439.6,43.72
P004142,R001809,China,China,801.78,20.75
P004143,R001522,UAE,Germany,152.99,3.12
P004144,R002123,Brazil,France,1289.14,-36.33
P004145,R001491,United Kingdom,Japan,5754.37,162.83
P004146,R001162,Canada,United Kingdom,95.74,1.58
P004147,R001399,Japan,Australia,755.19,7.3
P004148,R003024,Mexico,Mexico,666.17,5.05
P004149,R002772,Germany,United States,6501.87,64.64
P004150,R001815,United States,United States,1817.39,34.82
P004151,R002305,France,United Kingdom,630.92,13.9
P004152,R000675,Brazil,Canada,1523.1,24.65
P004153,R001331,Australia,Mexico,102.76,2.21
P004154,R001578,Canada,Brazil,658.7,8.17
P004155,R000392,Canada,UAE,346.3,4.56
P004156,R002297,United Kingdom,China,737.48,19.6
P004157,R001137,UAE,Brazil,92.77,1.43
P004158,R001792,Mexico,Japan,1251.3,15.95
P004159,R000006,United States,France,1024.99,15.19
P004160,R001421,UAE,Brazil,1885.21,11.52
P004161,R000706,India,Mexico,424.55,5.4
P004162,R000722,US,Germany,1302.96,20.73
P004163,R001022,Australia,China,4202.0,77.73
P004164,R001207,Australia,United States,488.56,8.57
P004165,R001756,Australia,Germany,172.99,4.76
P004166,R001157,Germany,China,1219.45,25.74
P004167,R000805,Germany,Germany,448.49,2.47
P004168,R002928,Mexico,Mexico,235.25,3.42
P004169,R002842,Brazil,Japan,279.14,3.88
P004170,R002073, United Kingdom,Germany,152.28,3.13
P004171,R001083,China,Brazil,236.11,2.15
P004172,R001564,Australia,united states,948.48,16.04
P004173,R002746,India,United States,985.36,25.93
P004174,R000398,Australia,Canada,304.66,-5.84
P004175,R001359,Brazil,Japan,6071.76,166.87
P004176,R001290,Mexico,Mexico,722.61,17.42
P004177,R001003,United Kingdom,China,888.61,6.3
P004178,R971574,Canada,UAE,1095.95,17.3
P004179,R000111,France,China,321.65,5.19
P004180,R001585,China,Australia,1616.31,15.56
P004181,R001252,Australia,United States,136.6,2.82
P004182,R000677,Australia,UAE,213.1,5.8
P004183,R002275,Mexico,Mexico,324.34,2.07
P004184,R000673,China,Japan,807.65,
P004185,R002007,China,India,183.35,1.13
P004186,R002949,Japan, United Kingdom,198.29,3.32
P004187,R000250,Japan,China,2774.52,32.36
P004188,R000574,Germany,UAE,2374.5,64.28
P004189,R000321,Australia,India,176.89,1.7
P004190,R002616,Germany,United Kingdom,296.85,8.61
P004191,R002226,Canada,Brazil,615.55,16.6
P004192,R002981,China,France,1166.13,25.95
P004193,R000862,UAE,France,416.91,11.15
P004194,R002428,France,Australia,371.33,9.05
P004195,R002094,Japan,China,2053.82,23.75
P004196,R000366,Canada,Canada,322.78,9.16
P004197,R001183,Australia,Australia,484.89,5.95
P004198,R001759,Japan,India ,59.53,1.73
P004199,R002733,United Kingdom,France,1051.54,14.07
P004200,R002367,China,Australia,1099.37,17.47
P004201,R000156,India,China,986.15,14.25
P004202,R002440,Canada,Brazil,927.8,22.15
P004203,R000286,India,Australia,812.16,8.67
P004204,R002511,Japan,France,514.7,9.99
P004205,R001610,Japan,Brazil,1612.8,41.59
P004206,R000941,India,Japan,1159.28,23.07
P004207,R000326,United States,India,361.96,9.89
P004208,R002147,Mexico,Australia,495.36,12.79
P004209,R001719,United States,Australia,196.6,1.08
P004210,R002015,France,Canada,409.35,9.75
P004211,R000080,United Kingdom,China,219.32,4.7
P004212,R002543,Japan,UAE,1662.82,43.38
P004213,R002028,Brazil,Canada,7990.59,86.89
P004214,R001971,China,Mexico,204.11,4.06
P004215,R002208,United States,Germany,546.07,6.15
P004216,R001335,Mexico, United Kingdom,466.15,2.64
P004217,R000856,United Kingdom,United Kingdom,85.24,
P004218,R002481,United States,India ,335.29,8.93
P004219,R000460,Mexico,Brazil,3996.26,89.38
P004220,R002786,Brazil,Brazil,754.12,22.46
P004221,R002866,France,Japan,554.71,10.14
P004222,R002854,Australia,United States,222.15,3.54
P004223,R001156,China,China,1426.62,37.67
P004224,R002241,Japan,Canada,394.24,6.36
P004225,R001979,United Kingdom,Canada,316.74,7.22
P004226,R000018,Germany,United States,1278.34,9.41
P004227,R002306,United States,Germany,550.28,7.85
P004228,R000257,Japan,UAE,252.07,5.4
P004229,R002483,India,France,1393.98,12.69
P004230,R001173,UAE,France,728.21,18.14
P004231,R001151,Japan,India,1411.83,18.8
P004232,R001621,Japan,India,577.56,16.54
P004233,R000463,United Kingdom,United States,8881.22,210.39
P004234,R000359,United States,Japan,132.4,3.73
P004235,R001761,India,Germany,7547.22,86.29
P004236,R001352,China,India,363.48,4.03
P004237,R000796,India,Mexico,138.53,1.14
P004238,R000423,Mexico,Mexico,798.55,21.19
P004239,R000538,France,Germany,2040.88,52.61
P004240,R002912,United Kingdom,Germany,976.88,6.92
P004241,R000461,Japan,UAE,115.02,3.21
P004242,R002449,Germany,Mexico,126.15,1.59
P004243,R000499,China,UAE,148.86,2.46
P004244,R000920,Japan,Germany,333.69,8.34
P004245,R002105,India,United Kingdom,169.31,4.38
P004246,R001047,United Kingdom,France,492.43,13.22
P004247,R000769,Japan,Brazil,99.49,0.63
P004248,R003013,Japan,United States,524.72,11.52
P004249,R001203,Australia,Brazil,923.92,18.08
P004250,R002107,UAE,Germany,2035.5,15.35
P004251,R000290,Mexico,China,784.29,10.73
P004252,R001185,Mexico,UAE,2580.3,26.86
P004253,R002553,Brazil,Canada,785.71,19.7
P004254,R002782,Mexico,Australia,192.31,4.61
P004255,R002310,China,France,445.71,3.24
P004256,R002659,China,Brazil,318.16,4.43
P004257,R001787,Mexico,India,681.96,13.66
P004258,R002762,Australia,Canada,80.09,1.26
P004259,R000116,Japan,France,2312.11,24.67
P004260,R001150,United Kingdom,Canada,1222.29,32.1
P004261,R001606,Japan,Mexico,626.89,5.41
P004262,R000750,Brazil,France,8256.15,202.42
P004263,R001548,Mexico,Australia,3946.66,50.78
P004264,R000556,United States,United States,1102.69,24.04
P004265,R002792,Mexico,Canada,652.29,5.77
P004266,R000894,United States,Canada,489.78,11.84
P004267,R003015,Brazil,United States,455.06,5.64
P004268,R001110,Canada,Germany,308.67,4.8
P004269,R001669,Germany,India,310.55,8.7
P004270,R002607,UAE,Japan,591.45,9.03
P004271,R001628,India,China,1868.5,35.27
P004272,R000936,UAE,India,584.77,10.11
P004273,R000806,United States,Japan,162.35,0.89
P004274,R001379,France,France,466.45,10.31
P004275,R002730,Mexico,UAE,238.58,2.56
P004276,R001066,Australia,India,3086.55,84.0
P004277,R975326,UAE,Japan,84.73,1.11
P004278,R001057,Germany,Brazil,643.81,15.24
P004279,R958287,United States,United Kingdom,218.4,1.69
P004280,R000376,Germany,United Kingdom,489.22,2.86
P004281,R946547,Mexico,United Kingdom,633.98,10.82
P004282,R000100,Mexico,Australia,1505.03,30.18
P004283,R001569,United Kingdom,United States,412.61,6.75
P004284,R001396,India,Canada,615.36,3.7
P004285,R000699,Australia,Brazil,49.4,1.35
P004286,R001285,Germany,U.A.E.,2332.61,61.11
P004287,R000187,Canada,United States,2325.12,-55.33
P004288,R001866,India,United States,5766.05,128.05
P004289,R000713,United Kingdom,Japan,253.97,4.53
P004290,R000522,Canada,Germany,5893.29,111.6
P004291,R000431,Canada,Germany,461.24,9.73
P004292,R000240,United States,UAE,2966.73,62.51
P004293,R000786,United States,Brazil,1436.29,25.84
P004294,R000195,United States,United Kingdom,392.05,4.33
P004295,R000420,Canada,Mexico,4457.23,22.44
P004296,R001564,Brazil,Brazil,5222.28,153.02
P004297,R000747,Mexico,Mexico,2599.43,36.49
P004298,R001985,Australia,Brazil,185.9,1.26
P004299,R001085,india,United States,423.02,10.29
P004300,R000217,Japan,Mexico,1237.33,27.46
P004301,R002370,Japan,Canada,159.7,2.68
P004302,R000772,Brazil,Australia,570.0,6.91
P004303,R001021,India,Germany,-1869.88,51.24
P004304,R002331,Japan,United Kingdom,569.61,3.22
P004305,R000439,USA,Germany,785.93,5.7
P004306,R002754,United Kingdom,Australia,85.54,2.33
P004307,R000595,United States,China,1714.67,28.0
P004308,R001199,Mexico,Brazil,980.64,25.73
P004309,R001104,Germany,Japan,565.35,14.75
P004310,R002552,Brazil,Brazil,2910.82,27.61
P004311,R000998,Canada,Mexico,708.15,13.69
P004312,R002654,Germany,United Kingdom,634.58,3.8
P004313,R000034,United Kingdom,Australia,2847.82,68.56
P004314,,Japan,Mexico,1021.29,7.29
P004315,R003001,France,United States,225.65,6.47
P004316,R000553,Germany,Mexico,251.18,2.07
P004317,R001180,UAE,United Kingdom,316.87,9.08
P004318,R001132,United States ,Australia,1807.38,31.6
P004319,R002502,United Kingdom,France,1598.05,26.96
P004320,R001876,UAE,United Kingdom,770.96,8.61
P004321,R002684,United States,Japan,254.13,7.48
P004322,R000172,UAE,China,450.12,3.95
P004323,R981667,Brazil,Japan,2517.44,62.01
P004324,R002605,UAE,France,551.53,5.67
P004325,R001719,Canada,United Kingdom,529.6,10.02
P004326,R000592,China,Mexico,340.44,2.42
P004327,R002792,France,Brazil,1873.19,31.12
P004328,R001145,Mexico,France,296.29,3.11
P004329,R001017,India,United Kingdom,1367.64,
P004330,R002984,Germany,Germany,396.31,4.08
P004331,R002078,Japan,Japan,1108.66,14.97
P004332,R001296,France,Brazil,849.33,21.0
P004333,R003022,UAE,Canada,603.42,13.94
P004334,R002245,United Kingdom,Brazil,0,12.45
P004335,R001946,Japan,Australia,942.88,11.13
P004336,R000004,United Kingdom,China,840.01,17.93
P004337,R002368,India,Germany,356.44,
P004338,R000744,Japan,Germany,2126.41,21.95
P004339,R000144,India,UAE,1638.11,11.42
P004340,R001100,Germany,Mexico,259.04,2.81
P004341,R002840,Canada,Australia,287.77,
P004342,R001583,Canada,US,108.13,2.76
P004343,R002266,United States,France,1465.63,14.07
P004344,R002714,Japan,Brazil,485.05,8.27
P004345,R001220,Canada,China,650.04,4.16
P004346,R000765,UAE,Australia,278.32,5.51
P004347,R002150,Japan,UAE,,15.61
P004348,R000489,Brazil,India,889.85,22.56
P004349,R000060,Japan,Canada,177.73,4.3
P004350,R002708,Brazil,Japan,869.8,24.74
P004351,R002769,United Kingdom,France,824.09,12.48
P004352,R000502,UAE,UAE,2689.23,60.32
P004353,R000574,Mexico,Mexico,925.68,
P004354,R002192,Canada,Germany,251.71,2.66
P004355,R001100,United Kingdom,UAE,271.72,6.18
P004356,R002772,Australia,Canada,813.26,18.16
P004357,R000235,Japan,Australia,470.81,5.31
P004358,R002059,Canada,Australia,1348.53,32.44
P004359,R986088,Germany,France,171.46,4.61
P004360,R000695,Mexico,Mexico,1536.8,38.75
P004361,R001303,Japan,United Kingdom,785.86,21.51
P004362,R002840,Mexico,Mexico,2770.65,22.66
P004363,R002514, United Kingdom,Brazil,586.01,8.73
P004364,R002914,india,Mexico,261.4,2.11
P004365,R990966,India,Canada,238.77,6.0
P004366,R002604,Germany,Australia,925.83,10.51
P004367,R003001,Canada,Brazil,198.49,2.28
P004368,R001781,Brazil,United States,5821.25,46.76
P004369,R002333,India,China,563.59,5.29
P004370,R001571,China,China,3142.67,34.69
P004371,R000659,China,United Kingdom,132.51,2.29
P004372,R002660,UAE,Germany,61.57,0.52
P004373,,Brazil,Canada,319.18,7.08
P004374,R000280,Germany,Japan,988.08,25.48
P004375,R001745,UAE,Japan,739.87,12.27
P004376,R002818,United Kingdom,United Kingdom,366.49,6.52
P004377,R000364,UAE,Mexico,973.26,11.66
P004378,R001038,China,UAE,514.29,4.26
P004379,R001926,United Kingdom,UAE,203.93,4.58
P004380,R001461,Germany, United Kingdom,3760.04,32.56
P004381,R000671,Germany,USA,58.33,0.5
P004382,R000873,United States,UAE,852.57,6.31
P004383,R001751,United Kingdom,China,694.16,8.43
P004384,,Germany,United States,712.39,10.83
P004385,R000525,Australia,United Kingdom,1924.06,
P004386,R001939,United States,Japan,232.68,6.31
P004387,R002729,Germany,Australia,222.01,5.13
P004388,R001639,united states,United States,1929.67,22.05
P004389,R000441,Mexico,France,0,24.91
P004390,R001409,Mexico,Australia,2932.36,37.33
P004391,R000585,Japan,Japan,539.28,11.37
P004392,R002551,France,Canada,522.48,3.48
P004393,R001931,Australia,UAE,1707.89,30.57
P004394,R002313,Germany,Germany,2464.67,70.92
P004395,R001628,Australia,India,206.15,3.53
P004396,R000280,Australia,United Kingdom,5408.3,41.04
P004397,R000932,Canada,United Kingdom,420.58,4.77
P004398,R000174,United States,Mexico,844.27,4.51
P004399,R001172,Japan,France,1197.42,12.11
P004400,R000635,Brazil,Australia,1984.88,51.6
P004401,R001821,Australia,Germany,1416.65,17.43
P004402,R002691,France,Germany,728.91,16.34
P004403,R001148,United States,United States,1401.44,27.91
P004404,R000473,Canada,US,466.57,11.82
P004405,R001706,Canada,United States,385.46,7.89
P004406,R000175,Canada,Canada,704.91,10.17
P004407,R001721,Australia,UAE,2316.27,64.96
P004408,R002035,Mexico,USA,0,9.91
P004409,R000324,China,China,430.6,
P004410,R000964,United Kingdom,Canada,621.32,14.7
P004411,R002551,Mexico,India,1807.48,45.4
P004412,R002468,France,Australia,886.68,14.34
P004413,R002692,Brazil,Brazil,780.43,7.28
P004414,R000014,UAE,Australia,798.4,7.68
P004415,R000925,China,Brazil,216.07,1.29
P004416,R900458,France,China,115.38,3.16
P004417,,Germany,Australia,2056.65,13.89
P004418,R002256,France,United Kingdom,699.83,6.71
P004419,R000217,United Kingdom,Mexico,820.55,18.03
P004420,R002729,France,Canada,444.3,11.79
P004421,R000804,United States ,United States,2993.11,26.24
P004422,R002327,Australia,France,408.03,4.19
P004423,R001082,Germany,Australia,509.86,5.59
P004424,R000315,Mexico,China,2009.18,55.19
P004425,R001918,United Kingdom,Australia,55.89,1.67
P004426,R000264,Australia,United States,421.15,6.34
P004427,R000525,India,Canada,833.31,17.64
P004428,R002302,Germany,France,180.25,3.5
P004429,R002540,China,United States,281.43,7.98
P004430,R000300,Brazil,USA,157.18,2.93
P004431,R002567,France,China,734.77,17.73
P004432,R002660,Germany,Mexico,784.12,7.75
P004433,R000515,China,India,832.76,16.65
P004434,R002446,India,Australia,527.46,13.75
P004435,R001346,Australia,France,555.71,6.37
P004436,R001969,United States,Canada,352.84,2.67
P004437,R000732,Germany,Mexico,464.07,3.22
P004438,R002247,Mexico,Mexico,188.64,2.65
P004439,R002281,China,Canada,970.98,25.78
P004440,R002451,China,Brazil,1491.28,26.02
P004441,R001338,Germany,India,574.24,8.6
P004442,R002626,Mexico,United Kingdom,558.04,4.04
P004443,R001690,United States,India,737.3,15.7
P004444,R001800,Canada,Germany,,80.84
P004445,R000122,UAE,Germany,622.56,9.16
P004446,R001491,united states,Brazil,677.59,20.02
P004447,R001994,UAE,Mexico,8654.56,223.09
P004448,R901664,Japan,United Kingdom,539.2,13.11
P004449,R002406,Canada,UAE,945.6,11.0
P004450,R002086,France,Germany,905.71,10.78
P004451,R002590,Brazil,France,473.92,6.52
P004452,R002704,UAE,Australia,1011.02,13.85
P004453,R000298,Mexico,India,166.19,3.56
P004454,R001897,Germany,India,556.48,14.12
P004455,R001336,Brazil,Mexico,275.46,7.49
P004456,R002237,Australia,Canada,1037.74,25.12
P004457,R000466,United Kingdom,France,144.56,1.77
P004458,R002378,Germany,India,1285.05,10.76
P004459,R002913,United Kingdom,UAE,54.63,0.31
P004460,R002757,United Kingdom,United States,969.94,6.63
P004461,R002980,Japan,France,236.88,2.31
P004462,R001948,United Kingdom,United Kingdom,368.03,3.6
P004463,R000248,Japan,United Arab Emirates,529.89,14.72
P004464,R002310,UAE,Japan,3157.04,62.25
P004465,,Germany,France,234.46,2.48
P004466,R000906,UAE,United Kingdom,646.76,16.53
P004467,R001976,France,Japan,2223.87,33.69
P004468,R002038,Australia,China,676.05,11.39
P004469,R000668,Japan,Brazil,1129.03,
P004470,R002502,Mexico,France,1890.63,19.41
P004471,R001881,Brazil,Canada,360.11,6.71
P004472,R002651,Canada,Australia,0,11.36
P004473,R000185,France,United Kingdom,230.9,2.0
P004474,R000345,France,Australia,2254.66,18.08
P004475,R000771,Australia,United Kingdom,3784.99,49.77
P004476,R002861,Japan,Germany,178.76,4.47
P004477,R002473,Mexico,Germany,866.57,25.39
P004478,R000052,India,Germany,364.2,5.96
P004479,R002140,Brazil,Germany,0,9.1
P004480,R002872,Germany,France,1195.89,17.68
P004481,R001567,Australia,France,701.32,10.87
P004482,R002802,Australia,China,1083.03,31.8
P004483,R000482,Japan,Brazil,3655.95,81.24
P004484,R002050,China,United Kingdom,911.41,21.31
P004485,R002629,Canada,UAE,1241.52,15.22
P004486,R002563,Japan,United Kingdom,1812.58,22.51
P004487,R002002,Japan,China,331.56,
P004488,R001284,Mexico,United States,1371.85,10.65
P004489,R001493,United Kingdom,Germany,375.25,9.66
P004490,R000718,China,China,194.97,3.62
P004491,R000120,Brazil,China,994.9,12.0
P004492,R000537,China,India,214.37,1.41
P004493,R000871,United Kingdom,Mexico,173.07,5.13
P004494,R001647,Mexico,China,706.17,10.08
P004495,R000994,United States,Brazil,559.73,11.84
P004496,R000521,United Kingdom,Brazil,2630.83,61.12
P004497,R000297,UAE,China,213.23,4.75
P004498,R003002,United States,France,917.32,11.01
P004499,R000455,France,France,301.58,1.73
P004500,R002125,United States,Germany,145.05,2.42
