payment_id,status,delivery_time_hours,failure_reason
P000306,Delayed,130.5,
P004217,Completed,19.7,
P003210,Completed,57.0,
P003368,Completed,31.3,
P001852,Completed,63.5,
P002943, Completed,42.4,
P001538,Completed,27.6,
P001405,Completed,31.4,
P003113,Failed,,Compliance Hold
P004244,Completed,15.1,
P000721,Delayed,231.6,
P003316,Delayed,141.0,
P003100,Completed,,
P004201,Completed,60.7,
P000647,Completed,14.5,
P001974,Completed,16.7,
P000416,Completed,54.1,
P000199,Completed,14.2,
P003146,Delayed,138.9,
P000803,Completed,49.5,
P003716,Completed,66.5,
P001662,Completed,70.4,
P003560,Completed,47.8,Insufficient Funds
P003082,Delayed,111.6,
P003013,Completed,51.1,
P000991,Failed,,Network Error
P001348,Completed,1.2,Compliance Hold
P003158,Completed,8.1,
P000303,Completed,55.9,
P000778,Completed,31.4,
P003221,Completed,60.1,
P003821,Delayed,117.6,
P003175,Failed,,Insufficient Funds
P003544,Completed,44.3,
P004141,Delayed,98.3,
P003266,Completed,,
P004114,Completed,44.6,
P001061,Completed,58.3,
P004268,Completed,52.5,
P000788,Delayed,159.2,
P003177,Completed,7.6,
P003149,Completed,57.9,
P001888,Completed,19.3,
P000456,Completed,62.6,
P001510,Completed,29.9,
P004482,Completed,55.6,
P000769,Completed,50.2,
P000329,Completed,68.5,
P003141,Completed,59.7,
P002428,Failed,,Insufficient Funds
P000648,Completed,25.4,
P001010,Failed,,Invalid Account Details
P001291,Completed,64.9,
P000734,Completed,16.0,
P003862,Completed,71.3,
P002918,Completed,18.1,
P001402,Completed,58.4,
P003550,Completed,1.5,
P000463,Completed,21.2,
P003669,Completed,37.4,
P003897,Completed,66.2,
P000431,Completed,13.1,
P002698,Completed,55.2,
P003127,Completed,34.5,
P004349,Failed,,Invalid Account Details
P000079,Completed,,
P004237,Completed,31.5,
P002657,Completed,45.9,
P001316,Completed,60.5,
P003321,Completed,58.4,
P004475,Completed,65.9,
P003964,Delayed,113.8,
P001514,Completed,29.9,
P000234,Completed,27.4,
P001970,Delayed,92.7,
P002764,Completed,65.1,
P002210,Completed,22.1,
P001594,Delayed,216.6,
P004199,Completed,41.6,
P000340,Completed,71.7,
P001981,Delayed,95.3,
P001854,Completed,9.7,
P002021,Delayed,152.9,
P003289,Completed,3.5,
P002810,Delayed,221.0,
P002444,Completed,46.2,
P001777,Completed,27.7,
P002554,Completed,19.5,
P003642,Completed,13.7,
P000862,Completed,37.0,
P003700,Completed,26.6,
P003442,Completed,29.7,
P002127,Failed,,Regulatory Block
P003867,Completed,46.0,
P004023,Completed,51.3,
P003540,Completed,20.1,
P003533,Completed,28.3,
P002664,Completed,45.8,
P002802,Completed,54.6,
P000982,Completed,-20.3,
P004000,Completed,53.4,
P002502,Delayed,55.8,
P001758,Completed,63.6,
P002978,Completed,38.4,
P003704,Completed,43.0,Regulatory Block
P000366,Completed,27.4,
P001781,Completed,54.3,
P000403,Delayed,88.3,
P001874,Delayed,178.5,
P001774,Completed,54.9,
P004264,Failed,,Network Error
P003875,Completed,33.5,
P002847,Delayed,158.7,
P003731,Completed,49.4,
P001839,Completed,24.7,
P000674,Failed,,Invalid Account Details
P002309,Completed,69.7,
P000951,Completed,67.7,
P001833,Completed,28.8,
P000606,Completed,29.8,
P000902,Completed,71.9,
P003835,Failed,,Compliance Hold
P002639,Delayed,89.3,
P003455,Delayed,82.7,
P003346,Completed,33.4,
P002349,Completed,48.8,
P003935,Completed,50.9,
P002465,Completed,1.7,
P001865,Completed,59.3,
P002376,Completed,66.9,
P000167,Failed,,Network Error
P002888,Completed,39.7,
P003290,Delayed,207.6,
P003521,Completed,42.5,
P001790,Completed,56.3,
P001167,Completed,13.5,
P001258,Completed,14.0,
P001619, Completed,10.2,
P000596,Delayed,172.6,
P004215,Completed,41.7,
P000055,Completed,25.6,
P002353,Completed,30.2,
P002869,Completed,23.3,
P002785,Delayed,143.7,
P002248,Completed,22.1,
P004463,Completed,27.8,
P004370,Completed,69.9,
P002762,Completed,58.8,
P003435,Completed,44.4,
P004133,Completed,4.2,
P001730,Failed,,Compliance Hold
P002007,Failed,,Network Error
P004029,Completed,51.9,
P003401,Delayed,187.0,
P000819,Completed,14.8,
P004026,Completed,21.3,
P001429,Delayed,124.9,
P000948, Completed,48.4,
P000321,Delayed,165.7,
P003939,Completed,65.3,
P004287,Completed,63.2,
P001205,Completed,18.1,
P003698,Completed,25.3,
P000789,Completed,57.7,
P000983,Completed,60.1,
P001307,Delayed,226.8,
P002697,Completed,1.0,
P000061,Completed,22.0,
P000627,Completed,46.7,
P001529,Completed,56.2,
P002319,Completed,62.1,
P001243,Completed,54.8,
P003826,Failed,,Network Error
P003190,Completed,62.5,
P001145,Completed,38.6,
P001890,Completed,52.9,
P002084,Completed,34.5,
P002418,Completed,45.6,
P003465,Completed,54.3,
P000825,Delayed,196.6,
P000620,Completed,58.3,
P000076,Completed,41.1,
P003641,Completed,66.5,
P003691,Completed,2.4,
P002047,Completed,52.0,
P002206,Completed,59.6,
P003225,Completed,42.7,
P003773,Completed,71.5,
P002266,Completed,4.6,
P001678,Completed,67.7,
P004050,Completed,,
P001481,Completed,46.3,
P001166,Delayed,-70.6,
P003996,Completed,71.1,
P000459,Completed,43.5,
P003949,Completed,28.1,
P002910,Completed,36.9,
P003285,Completed,67.3,
P002861,Completed,66.0,Network Error
P004152,Delayed,197.9,
P004210,Completed,41.9,
P004190,Completed,47.8,
P001160,Delayed,185.1,
P000701,Completed,29.8,
P002155,Completed,4.8,
P001040,Completed,44.9,
P001760,Delayed,193.5,
P002707,Completed,24.0,
P001566,Completed,54.0,
P003846,Completed,32.6,
P004113,Delayed,238.5,
P001459,Completed,25.2,
P002143, Completed,54.8,
P003623,Completed,55.2,
P001914,Delayed,78.3,
P002093,Completed,4.2,
P001967,Failed,,Invalid Account Details
P000367,Completed,27.4,
P000125,Completed,13.5,
P000785,Completed,16.9,
P000418,Completed,4.5,
P001568,Completed,46.7,
P001094,Completed,64.5,
P001016,Failed,,Invalid Account Details
P002538,Completed,25.5,
P002282,Completed,49.5,
P000636,Completed,34.5,
P001835,Completed,46.9,
P000309,Completed,38.6,
P004348,Completed,67.6,
P003028,Delayed,105.0,
P000129,Completed,31.8,
P000570,Completed,44.9,
P002753,Completed,4.4,
P001099,Delayed,54.8,
P000887,Completed,40.9,
P000427,Completed,54.8,
P000260,Completed,60.9,
P004272,Completed,29.6,
P003771,Completed,40.9,
P001179,Completed,,
P002256,Completed,43.7,
P001654,Completed,44.2,
P001994,Completed,17.9,
P001709,Completed,49.6,
P003392,Completed,33.5,
P001436,Delayed,184.2,
P002628,Completed,22.0,
P000624,Delayed,73.3,
P001526,Completed,35.0,
P001718,Completed,59.2,
P000846,Completed,7.6,
P002880,Completed,4.7,
P003186,Completed,49.2,
P000957,Delayed,82.1,
P001939,Completed,65.4,
P001657,Completed,8.7,
P001653,Completed,24.0,
P000376,Completed,3.8,
P004365,Completed,28.5,
P001189,Completed,14.6,
P000142,Completed,59.0,
P001077,Completed,5.1,
P004283,Completed,71.3,
P000330,Completed,39.2,
P000168,Completed,57.7,
P003396,Completed,,
P004407,Completed,26.9,
P002344,Delayed,106.1,
P001682,Completed,11.2,
P001378,Failed,,Network Error
P000569,Completed,54.8,
P004096,Completed,17.6,
P003649,Delayed,53.1,
P004256,Completed,33.2,
P004122,Completed,39.9,
P003073,Completed,3.7,
P002343,Completed,43.9,
P003064,Delayed,78.2,
P000006,Completed,49.8,
P004089,Completed,17.6,
P001257,Completed,22.2,
P003712,Completed,61.4,
P001491,Delayed,145.6,
P002273,Completed,33.0,
P000308,Completed,57.0,
P001822,Completed,47.0,
P000583,Completed,49.1,
P001031,Completed,2.2,
P004277,Completed,25.3,
P000097,Delayed,63.4,
P003975,Completed,11.2,
P003834,Completed,56.1,
P003881,Completed,38.1,
P001493,Completed,53.3,
P003885,Delayed,212.1,
P001018,Completed,62.8,
P004455,Delayed,225.5,
P004464,Completed,47.9,
P003907,Completed,36.9,
P003998,Completed,10.0,
P003047,Completed,31.3,
P003604,Completed,55.8,
P003985,Completed,49.2,
P004355,Completed,44.1,
P000731,Completed,26.8,
P003873,Completed,46.4,
P002203,Completed,17.3,
P001963,Completed,49.3,
P001070,Completed,43.1,
P004374,Completed,39.8,
P004046,Completed,34.2,
P000208,Completed,10.0,
P001565,Completed,53.8,
P004331,Failed,,Regulatory Block
P002923,Completed,47.1,
P000657,Completed,67.1,
P002550,Completed,21.7,
P003354,Completed,44.7,
P000244,Completed,14.2,
P003882,Completed,25.5,
P002769,Completed,41.2,
P004392,Completed,7.1,
P003753,completed,52.3,
P001277,Completed,53.7,
P002239,Completed,35.0,
P001064,Completed,25.3,
P003143,Completed,38.9,
P004337,Completed,6.8,
P003660,Completed,32.2,
P004226,Completed,6.4,
P003889,Completed,71.6,
P002348,Completed,28.7,
P003900,Completed,35.8,
P003609,Delayed,93.1,
P000643,Completed,38.9,Invalid Account Details
P001427,Completed,54.5,
P004032,Completed,26.2,
P000030,Completed,8.6,
P001656,Completed,63.7,
P001548,Delayed,184.3,
P000355,Completed,60.0,
P003424,Completed,39.1,
P001652,Completed,33.9,
P003765,Completed,61.4,
P001116,Delayed,53.3,
P000117,Completed,15.5,
P002731,Completed,47.4,
P001278,Completed,50.4,
P003038,Delayed,65.5,
P002175,Completed,54.7,
P001065,Completed,17.0,
P001991,Completed,56.3,
P000115,Completed,8.2,
P001387,Completed,59.9,
P003630,Delayed,94.8,
P002187,Completed,70.6,
P001173,completed,37.3,
P002789,Delayed,75.0,
P004156,Completed,50.3,
P004489,Delayed,238.1,
P003625,Completed,48.7,
P000753,Completed,35.5,
P000676,Completed,58.2,
P003478,Completed,36.0,
P004312,Delayed,175.2,
P003565,Completed,56.5,
P001102,Delayed,165.0,
P001870,Completed,4.8,
P003031,Completed,48.6,
P002570,Completed,61.9,
P002367,Completed,14.3,
P001448,Completed,32.6,
P000863,Completed,3.3,
P003121,Completed,25.8,
P000019,Completed,63.0,
P001858,Failed,,Compliance Hold
P000828,Completed,67.1,
P002529,Completed,47.3,
P004433,Completed,47.9,
P003490,Completed,28.0,
P002833,Completed,35.9,
P002030,Completed,23.7,
P002576,Completed,56.7,
P001129,Delayed,184.3,
P004144,Completed,21.7,
P000714,Completed,60.3,
P001666,Failed,,Network Error
P001878,Failed,,Regulatory Block
P004061,Completed,69.0,
P004310,Completed,50.8,
P000984,Completed,6.9,
P002577,Completed,6.3,
P003664,Completed,64.7,
P000338,Delayed,152.9,
P000912,Completed,24.6,
P002149,Completed,2.7,Network Error
P003405,Completed,8.0,
P002692,Completed,46.4,
P002424,Completed,36.7,
P003464,Completed,58.5,
P000365,Completed,70.0,
P000130,Completed,54.9,
P003255,Completed,69.0,
P002452,Completed,28.2,
P004070,Completed,20.1,
P003278,Delayed,149.6,
P001052,completed,25.3,
P000257,Failed,,Network Error
P001219,Completed,45.0,
P004179,Completed,66.4,
P000609,Delayed,52.3,
P000809,Failed,,Invalid Account Details
P003718,Completed,19.9,
P004403,Completed,70.1,
P003988,Delayed,106.3,
P002110,Completed,53.9,Insufficient Funds
P000527,Completed,20.3,Network Error
P001638,Completed,41.0,
P001547,Completed,57.6,
P002071,Completed,44.2,
P003427,Completed,70.0,
P002261,Completed,34.8,
P004339,Completed,62.7,
P002640,Completed,9.3,
P000932,Completed,15.8,
P002862,Completed,68.9,
P001572,Completed,35.9,
P003193,Completed,67.2,
P003319,Completed,24.0,
P000446,Delayed,134.8,
P001997,Failed,,Compliance Hold
P001456,Completed,37.5,
P003598,Delayed,186.5,
P000098,Completed,12.1,
P000164,Completed,15.5,
P004384,Completed,4.0,
P003432,Completed,38.3,
P004206,Completed,63.4,
P001719,Completed,1.7,Regulatory Block
P002650,Delayed,186.2,
P002496,Completed,6.2,
P000342,Completed,2.5,
P003355,Completed,50.5,
P002784,Completed,36.0,
P002844,Completed,61.5,
P001803,Completed,9.3,
P004496, Completed,52.2,
P002988,Completed,3.1,
P001029,Delayed,93.4,
P001685,Completed,17.8,
P004066,Completed,20.0,
P004446,Completed,58.6,
P001733,Completed,49.4,
P001528,Completed,21.7,
P000396,Completed,40.9,
P001349,Completed,52.1,
P003059,Completed,26.7,
P002172,Completed,18.6,
P002211,Completed,17.6,
P003638,Completed,29.2,
P001811,Delayed,82.8,
P000178,Completed,62.0,
P003425,Completed,66.5,
P003518,Delayed,200.8,
P002245,Delayed,235.4,
P000773,Completed,58.1,
P003306,Completed,29.3,
P001499,Delayed,165.9,
P001555,Completed,7.6,
P003284,Delayed,213.4,
P004258,Completed,51.3,
P001097,Failed,,Network Error
P001959,Completed,42.7,
P000152,Completed,52.8,
P001948,Completed,23.3,
P002313,Completed,24.1,
P001550,Completed,37.5,
P001290,Completed,56.8,
P000734,Completed,16.0,
P003728,Completed,66.4,
P002534,Delayed,233.7,
P000759,Completed,26.8,
P000022,Completed,54.7,
P001648,Completed,,
P002213,Failed,,Compliance Hold
P003741,Failed,,Regulatory Block
P002821,Completed,3.0,
P003244,Failed,,Insufficient Funds
P002666,Delayed,78.9,
P001144,Completed,32.3,
P000325,Completed,45.1,
P002831,Delayed,158.8,
P000028,Completed,62.1,
P000075,Completed,52.4,
P000536,Completed,49.1,
P003495,Completed,36.6,
P003230,Completed,7.0,
P002079,Completed,,
P003997,Completed,19.7,
P000316,Completed,32.1,
P003006,Completed,24.3,
P000829,Failed,,Insufficient Funds
P002530,Completed,51.3,
P004119,Delayed,182.5,
P002340,completed,33.1,
P002330, Completed,59.4,
P000227,Completed,10.4,
P004288,Delayed,149.0,
P000925,Delayed,130.9,
P000331,Completed,48.7,
P000202,Completed,17.1,
P001661,Delayed,137.2,
P003369,Completed,17.9,
P002928,Completed,47.0,
P001045,Failed,,Network Error
P001047,Completed,44.6,
P003754,Delayed,221.6,
P001533,Completed,34.0,
P001161,Completed,24.2,
P003717, Completed,4.9,
P004289,Completed,64.1,
P002968,Completed,49.8,
P001916,Completed,17.4,
P002690,Completed,68.2,
P003304,Delayed,221.2,
P002569,Completed,59.7,
P000010,Completed,39.2,
P001898,Completed,,
P000298,Completed,36.8,
P002481,Delayed,173.7,
P000659,Completed,69.8,
P001425,Completed,22.8,
P002258,Completed,28.6,
P001748,Failed,,Network Error
P002790,Completed,,
P000344,Failed,,Invalid Account Details
P002675,Failed,,Insufficient Funds
P000607,Delayed,215.5,
P002031,Completed,11.7,
P000917,Completed,44.2,Invalid Account Details
P003572,Delayed,101.7,
P004500,Delayed,83.3,
P003017,Completed,3.4,
P000882,Completed,33.5,
P003091,Completed,31.2,
P000119,Failed,,Insufficient Funds
P001103,Completed,14.6,
P004378,Completed,68.5,
P001687,Delayed,94.1,
P001842,Completed,57.7,
P003162,Completed,68.7,
P001049,Completed,67.2,
P000582,Completed,60.4,
P001660,Failed,,Compliance Hold
P002612,Completed,3.8,
P001561,Delayed,162.5,
P001767,Completed,6.1,
P003617,Completed,46.3,
P000725,Completed,56.0,
P004325,Completed,11.5,
P002115,Completed,15.9,
P004357,Completed,5.0,
P004426,Delayed,187.5,
P002777,Completed,59.7,
P001610,Delayed,69.4,
P001924,Completed,71.0,
P002724,Completed,61.3,
P004447,Completed,56.6,
P003036,Completed,,
P003418,Completed,28.1,
P000660,Delayed,72.1,
P002230,Completed,34.9,
P000177,Completed,5.9,
P001313,Completed,1.9,
P000476,Completed,36.4,
P001518,Completed,69.2,
P002867,Completed,32.3,
P002922,Completed,64.5,
P002241,Completed,56.8,
P001216,Completed,59.9,
P003931,Completed,69.8,
P003702,Completed,50.0,
P000189,Completed,1.3,
P001382,Completed,35.6,
P003273,Completed,41.4,
P002648,Failed,,Invalid Account Details
P003487,Completed,54.0,
P001732,Delayed,82.0,
P000743,Failed,,Network Error
P003877,Completed,13.4,
P003097, Completed,5.5,
P003294,Completed,6.5,
P000209,Delayed,57.4,
P004471,Completed,9.0,
P004182,Failed,,Compliance Hold
P000848,Completed,6.4,
P003074,Completed,68.6,
P004011,Completed,9.5,
P003240,Delayed,146.6,
P003788,Delayed,77.6,
P000447,Completed,38.2,
P000558,Delayed,84.6,
P003552,Completed,19.7,
P002325,Completed,4.2,
P000051,Completed,7.7,
P001517,Completed,61.8,
P003116,Completed,14.2,
P000379, Completed,23.1,
P004359,Completed,24.3,
P003272,Completed,65.2,
P002236,Completed,14.7,
P002748,Completed,15.3,
P000020,Completed,30.1,
P002463,Completed,6.7,
P003451,Completed,1.7,
P004136,Delayed,231.0,
P001937,Failed,,
P002774,Completed,7.8,
P004260,Completed,22.0,
P000180,Completed,18.4,
P000793,Completed,43.2,
P004254,Completed,53.4,
P003330,Completed,50.6,
P003769,Failed,,Regulatory Block
P001783,Failed,,Network Error
P003724,Completed,67.3,
P001333,Failed,,Regulatory Block
P003576,Completed,41.1,
P000108,Completed,,
P001334,Completed,5.1,
P003776,Delayed,200.2,
P000266,Completed,33.9,
P002151,Completed,10.1,
P003644,Failed,,Invalid Account Details
P002804,Completed,11.3,
P000865,Completed,,
P003433,Completed,7.5,
P004383,Completed,10.8,
P000798,Completed,14.9,
P001785,Delayed,125.5,
P002644,Completed,35.8,
P002964,Completed,68.5,
P000291,Failed,,Invalid Account Details
P002189,Completed,28.7,
P003202,Delayed,109.3,
P001549,Completed,38.4,
P000706,Completed,15.2,
P002388,Completed,13.8,
P001673,Delayed,136.4,
P001092,Completed,59.7,
P002363,Failed,,Invalid Account Details
P003242, Completed,34.3,
P003219,Delayed,210.8,
P000166,Completed,35.7,
P002486,Completed,54.7,
P000219,Completed,30.2,
P002280,Completed,11.0,
P003947,Completed,56.7,
P000670,Failed,,Network Error
P000262,Completed,57.1,
P004049,Delayed,222.6,
P002630,Completed,22.4,
P000685,Completed,18.3,
P002579,Completed,48.9,
P001605,Delayed,153.8,
P002225,Completed,54.0,
P001820,Completed,64.7,
P003569,Failed,,Compliance Hold
P000081,Completed,55.4,
P001170,Completed,1.8,
P001356,Delayed,50.3,
P000697,Completed,41.5,
P002411,Completed,46.0,
P000085,Completed,58.7,
P001875,Completed,51.6,
P004166,Completed,5.0,
P002741,Completed,49.6,
P001802,Completed,19.9,
P001423,Delayed,154.9,
P003417,Delayed,181.4,
P001964,Delayed,219.0,
P000600,Completed,8.7,
P000534,Completed,28.7,
P001207,Completed,29.9,
P003237,Completed,7.5,
P003029,Completed,16.2,
P001925,Completed,42.8,
P004198,Completed,37.7,
P001399,Completed,-11.6,
P000373,Completed,55.9,
P004345,Completed,47.1,
P003115,Completed,35.0,
P001707,Completed,4.9,
P002449,Completed,25.5,
P000998,Completed,58.3,
P001500,Completed,,
P001391,Completed,2.0,
P001344,Completed,6.4,
P003858,Delayed,68.9,
P004499,Completed,21.1,
P000634,Delayed,145.2,
P000531,Completed,45.8,
P001085,Completed,11.4,
P003009,Completed,64.7,
P001831,Completed,49.5,
P003118,Completed,62.8,
P000886,Completed,36.7,
P000360,Completed,39.6,
P001740,Completed,45.2,
P002541,Completed,18.4,
P000994,Delayed,,
P000733,Completed,48.8,
P000058,Completed,33.6,
P000380,Completed,65.3,
P003588,Completed,24.0,
P001177,Delayed,62.1,
P000890,Completed,6.1,
P001217,Completed,64.4,
P000243,Completed,31.1,
P004176,Completed,13.0,
P004161,Completed,49.3,
P003084,Completed,69.0,
P001990,Completed,59.4,
P000349,Completed,32.4,
P000269,Completed,69.3,
P002715,Completed,61.4,
P000663,Completed,49.0,
P004350,Completed,62.7,
P000170,Completed,64.4,
P001195,Completed,7.3,
P001284,Failed,,Compliance Hold
P002404,Completed,65.5,
P004130,Completed,22.2,
P001239,Completed,20.3,Invalid Account Details
P001931,Completed,63.1,
P001043,Completed,68.1,
P002772,Completed,44.0,
P003337,Completed,46.2,
P004014,Completed,58.8,
P004371,Delayed,158.2,
P002053,Completed,50.8,
P003101,Completed,12.6,Network Error
P004422,Completed,17.2,
P001063,Completed,43.3,
P002545,Completed,49.5,
P003165,Failed,,Network Error
P002470,Completed,42.4,
P000614,Completed,25.5,
P004238,Completed,11.5,
P003365,Completed,60.1,
P004047,Completed,28.8,
P000920,Completed,55.6,
P003067,Completed,49.4,
P003154,Completed,12.7,
P001639,Completed,53.2,
P003562,Completed,50.5,
P001180,Completed,18.6,
P001567,Completed,48.6,
P003946,Completed,63.1,
P002152,Completed,9.6,
P002704,Completed,44.2,
P002054,Completed,61.7,
P004300,Completed,55.8,
P003749,Completed,30.1,
P001337,Failed,,Insufficient Funds
P001252,Delayed,207.8,
P003254,Completed,39.8,
P002976,Completed,59.0,
P000950,Completed,61.7,
P001209,Completed,67.7,
P003577,Completed,17.0,
P002431,Completed,65.7,
P003751,Completed,14.1,
P001381,Completed,,
P000530,Completed,56.3,
P000513,Delayed,188.9,
P002195,Delayed,51.3,
P001716,Completed,66.0,
P001515,Completed,2.9,
P002913,Completed,13.6,
P002614,Completed,28.1,
P001498,Completed,16.0,
P000120,Completed,66.9,
P002432,Completed,69.1,
P002633,Completed,31.3,
P003342,Completed,27.4,
P000238,Completed,11.2,
P000507,Completed,56.3,
P002347,Completed,32.3,
P003382,Delayed,90.7,
P001530,Delayed,219.6,
P001841,Completed,69.1,
P002941,Delayed,216.6,
P003400,Failed,,Compliance Hold
P002836,Completed,56.5,
P002275,Completed,12.2,
P001108,Completed,61.9,
P001361,Completed,55.3,
P001152,Delayed,85.6,
P003052,Completed,44.4,
P001630,Completed,15.9,
P000992,Completed,27.0,
P000934,Completed,4.0,
P000617,Delayed,119.3,
P000816,Completed,9.8,
P002101,Completed,71.5,
P001934,Completed,3.5,
P004354,Failed,,Compliance Hold
P003891,Completed,,
P002118,Completed,30.7,
P003539,Completed,40.0,
P003824,Completed,57.4,
P001711,Completed,59.2,
P004346,Completed,65.0,
P000484,Completed,59.8,
P001671,Completed,60.2,
P000301,Completed,66.8,
P000945,Completed,33.1,
P004093,Completed,31.4,
P004019,Completed,2.4,
P000186,Completed,56.4,
P002095,Completed,28.8,
P001354,Failed,,Insufficient Funds
P000251,Completed,20.3,
P004322,Completed,10.8,
P000455,completed,18.0,
P001088,Completed,53.8,
P004441,Completed,1.9,
P001188,Completed,31.8,
P002129,Completed,64.6,
P001564,Completed,,
P001461,Completed,23.1,Regulatory Block
P003697,Delayed,122.6,Network Error
P001608,Completed,15.8,
P004448,Completed,49.4,
P001444,Completed,44.7,
P001826,Completed,3.4,
P003094,Completed,12.9,
P002453,Completed,1.1,
P001814,Completed,40.1,
P000036,Completed,23.1,
P004236,Completed,29.5,
P003892,Completed,41.3,
P003449,Completed,36.9,
P000194,Completed,7.0,
P001208,Completed,62.5,
P000864,Completed,5.9,
P003740,Completed,48.6,
P000025,Completed,44.1,
P000400,Delayed,125.8,
P003743,Delayed,190.0,
P000695,Completed,2.8,
P000395,Completed,6.7,
P000915,Completed,64.1,
P003770,Completed,56.3,
P003279,Completed,69.2,
P003305,Completed,47.2,
P003992,Completed,48.5,
P003707,Completed,11.6,
P001101,Failed,,Network Error
P001808,Completed,5.5,
P003963,Completed,25.9,
P004417,Completed,27.0,
P003562,Completed,50.5,
P001780,Completed,19.3,
P004005,Completed,24.5,
P001358,Completed,46.7,
P002768,Completed,53.1,
P001171,Completed,48.8,
P001580,Completed,66.3,
P002462,Completed,9.8,
P003268,Completed,66.0,
P002386,Completed,58.4,
P003057,Completed,48.0,
P002131,Completed,62.3,
P000483,Completed,34.2,
P003018,Completed,59.7,
P001260,Completed,17.6,
P001571,Completed,58.4,
P001616,Completed,47.9,
P000437,delayed,198.8,
P003650,Completed,71.3,
P002539,Completed,48.6,
P001629,Completed,19.8,
P003537,Completed,36.8,
P002995,Failed,,Network Error
P003646,Completed,27.4,
P001609,Completed,29.2,
P003906,Completed,10.0,
P001071,Completed,35.9,
P000711,Failed,,Insufficient Funds
P000297,Completed,45.8,
P000750,Completed,48.7,
P001228,Completed,71.6,
P002571,Completed,65.4,
P002384,Completed,21.7,
P000907,Completed,33.1,
P003303,Completed,31.3,
P000136,Completed,7.9,
P003934,Completed,61.6,
P001011,Delayed,185.7,
P000206,Completed,56.1,
P002681,Completed,71.4,
P003054,Completed,1.5,
P000658,Delayed,227.0,
P001150,Completed,12.3,
P004255,Completed,35.0,
P001579,Completed,64.7,
P002000,Delayed,213.4,
P001041,Failed,,Regulatory Block
P003071,Completed,,
P001457,Completed,43.4,
P002116,Completed,62.4,
P000488,Completed,64.1,
P003160,Completed,57.2,
P003575,Completed,46.3,
P002683,Completed,35.9,
P003248,Completed,48.8,
P002859,Completed,24.3,
P004013,Delayed,171.0,
P002824,Completed,45.5,
P004441,Completed,1.9,
P001329,Completed,46.7,
P002603,Delayed,204.6,
P000219,Completed,30.2,
P002945,Failed,,Invalid Account Details
P001904,Delayed,118.2,
P002067,Completed,23.7,
P003661,Completed,67.3,
P003886,Completed,6.6,
P003250,Completed,3.3,
P003359,Delayed,161.1,
P003010,Completed,2.2,
P004285,Completed,53.9,
P003188,Completed,32.9,
P003832,Completed,9.3,
P002153,completed,21.0,
P004327,Completed,59.4,
P003905,Failed,,Compliance Hold
P000073,Completed,11.9,
P002224,Completed,32.3,
P001117,Completed,20.4,
P001915,Completed,65.2,
P004016,Completed,43.3,
P002955,Completed,65.1,
P004401,Completed,58.9,
P002188,Completed,36.1,
P000512,Completed,7.4,
P004219,Completed,38.7,
P002702,Completed,65.5,
P003960,Completed,39.1,
P002967,Completed,49.4,
P001742,Completed,22.2,
P001849,Completed,12.2,
P004044,Completed,20.7,
P003805,Completed,8.7,
P000856,Completed,6.5,
P004099,Completed,57.0,
P002276,Completed,61.8,
P002165,Completed,63.2,
P000057,Completed,31.8,
P004178,Completed,44.3,
P002117,Failed,,Network Error
P003189,Completed,64.5,
P002526,Completed,36.2,
P003613,Completed,56.6,
P002429,Completed,43.2,
P001368,Completed,64.0,
P001424,Completed,63.7,
P003138,Completed,53.5,
P003814,Delayed,68.3,
P000872,Completed,26.8,
P004394,Completed,37.9,
P001977,Completed,-10.3,
P002301,Completed,17.1,
P000314,Failed,,Compliance Hold
P003516,Completed,5.2,
P001617,Completed,9.1,
P000348,Completed,52.1,
P003226,Completed,37.2,
P003072,Failed,,Regulatory Block
P001200,Completed,5.1,
P004134,Failed,,Insufficient Funds
P000517,Completed,35.4,
P002828,Failed,,Network Error
P001598,Delayed,137.0,
P001324,Completed,4.6,
P003140,Failed,,Compliance Hold
P001982,Completed,67.2,
P000650,Completed,7.8,
P002904,Completed,34.6,
P001830,Completed,8.0,
P002994,Completed,48.7,
P000228,Completed,9.1,
P000669,Completed,62.7,
P003293,Delayed,115.7,
P001169,Completed,37.5,
P003406,Delayed,148.6,
P002315,Delayed,73.2,
P003363,Completed,48.4,
P002791, Delayed,53.9,
P000675,Failed,,
P002410,Completed,25.1,
P001877,Completed,5.6,
P002989,Delayed,158.1,
P000375,Failed,,Regulatory Block
P001683,Completed,2.8,
P002366,Delayed,163.1,
P002268,Completed,61.5,
P004121,Failed,,Regulatory Block
P004270,Completed,59.3,
P001861,Completed,31.9,
P001601,Completed,54.3,
P002358,Completed,53.3,
P000504,Delayed,56.2,
P000944,Completed,55.0,
P000514,Completed,71.6,
P000698,Completed,63.8,
P001157,Completed,54.2,
P002985,Completed,8.6,
P001936,Completed,39.0,
P001203,Completed,62.1,
P001265,Completed,54.4,
P000802,Completed,36.8,
P002120,Completed,54.3,
P002104,Completed,50.4,
P003126,Completed,70.5,
P002148,Delayed,131.4,
P003768,Completed,37.8,
P003450,Completed,44.0,
P000392,Completed,19.6,
P000277,Completed,60.9,
P003812,Completed,36.6,
P003093,Completed,66.7,
P000613,Completed,12.9,
P004183,Completed,27.3,
P002899,Completed,57.4,
P002013,Completed,13.3,
P000949,Failed,,Invalid Account Details
P002324,Failed,,Invalid Account Details
P002662,Failed,,Network Error
P003394,Completed,29.8,
P002318,Completed,58.1,
P002023,Completed,49.2,
P003148,Failed,,Invalid Account Details
P003756,Delayed,145.7,
P000586,Failed,,Insufficient Funds
P002392,Completed,45.2,
P000844,Completed,49.6,
P004004,Completed,9.4,
P003470,Failed,,Network Error
P001593,Completed,41.5,
P003725,Completed,18.1,
P002081,Completed,65.3,
P002289,Delayed,155.4,
P001492,Completed,6.9,
P001431,Completed,26.3,
P001946,Completed,3.4,
P003493,Completed,57.3,
P002161,Completed,20.0,
P000710,Delayed,214.7,
P004006,Completed,52.5,
P003472,Completed,13.6,
P002262,Completed,71.1,
P002963,Completed,32.2,
P003640,Delayed,168.6,
P000612,Completed,57.0,
P000639,Completed,30.0,
P000764,Completed,22.9,
P004031,Completed,1.9,
P002954,Completed,4.2,
P001876,completed,67.4,
P001795,Completed,33.4,
P003440,Delayed,89.4,
P004054,Completed,55.8,
P003843,Completed,34.7,
P003167,Completed,1.5,
P001708,Completed,44.8,
P003499,Completed,39.8,
P001135,Completed,68.8,
P003639,Completed,39.0,
P001190,Completed,35.7,
P001664,Completed,49.1,
P000293,Completed,22.6,
P004245,Completed,39.3,
P002004,Delayed,55.5,
P001478,Delayed,118.8,
P004466,Completed,63.3,
P004003,Completed,30.5,
P003721,Completed,43.9,
P003670,Completed,23.8,Regulatory Block
P003705,Completed,64.3,
P003209,Completed,2.5,
P003310,Delayed,100.9,
P000098,Completed,12.1,
P002820,Completed,25.3,
P003088,Delayed,189.0,
P003351,Completed,,
P003429,Completed,41.3,
P002991,Completed,52.3,
P001540,Delayed,165.0,
P002066,Delayed,236.2,
P000174,Completed,48.4,
P001794,Completed,3.7,
P002973,Completed,24.6,
P004387,Completed,8.9,
P001351,Completed,29.0,
P003068,Completed,69.6,
P003312,Completed,38.4,
P000521,Completed,71.2,
P004137,Completed,20.8,
P001128,Completed,72.0,
P004051,Completed,32.8,
P000165,Completed,14.3,
P000038,Completed,62.8,
P001483,Completed,45.7,
P000693,Completed,44.3,
P002442,Delayed,83.9,
P001695,Completed,27.7,
P003444,Completed,68.7,
P002297,Delayed,169.3,
P000818,Completed,30.8,
P002643,delayed,168.0,
P000518,Completed,60.3,
P003194,Completed,51.8,
P003943,Completed,9.9,
P004380,Completed,2.1,
P001114,Completed,55.7,
P002232,Completed,46.5,
P001321,Completed,42.6,
P003024,Completed,31.6,
P003069,Completed,26.8,
P003807,Completed,56.9,
P002467,Completed,37.6,
P003107,Delayed,97.7,
P000091,Completed,4.7,
P000888,Failed,,Insufficient Funds
P002075,Completed,41.6,
P000630,Completed,1.9,
P004410,Completed,71.6,
P000651,Delayed,116.1,
P001340,Completed,60.3,
P001966,Completed,6.1,
P003322,Failed,,Regulatory Block
P003033,Completed,65.0,
P001392,Completed,60.9,
P002494,Completed,38.6,
P003139,Completed,48.0,
P001954,Delayed,146.3,
P003634,Completed,6.4,
P003129,Failed,,Network Error
P000756,Delayed,161.3,
P003875,Completed,33.5,
P003816,Completed,23.8,
P004037,Completed,2.3,
P003839,Completed,37.0,
P000436,Delayed,131.3,
P003218,Delayed,113.1,
P003974,Completed,12.8,
P002801,completed,2.8,
P004150,Completed,23.6,
P003711,Completed,38.4,
P004465,Completed,24.4,
P000302,Delayed,54.1,
P000532,Delayed,146.7,
P002743,Completed,16.3,
P001419,Completed,21.2,
P000554,Completed,47.6,
P001945,Completed,16.9,
P003474,Completed,40.1,
P002159, Delayed,65.8,
P000515,Completed,59.2,
P002957,Completed,50.7,
P004269,Completed,50.1,
P002264,Failed,,Insufficient Funds
P000541,Completed,18.9,
P003607,Failed,,Regulatory Block
P001130,Completed,55.1,
P003271,Completed,8.3,
P000975,Completed,,
P001237,Completed,57.7,
P003602,Completed,36.6,
P000904,Completed,32.3,
P000343,Delayed,212.9,
P001231,Delayed,231.3,
P003373,Completed,52.1,
P004249,Completed,33.8,
P003632,Completed,12.5,
P001863,Failed,,Network Error
P003719,Delayed,146.9,
P000930,Completed,72.0,
P001034,Completed,7.5,
P003987,Completed,24.7,
P003407,Completed,37.5,
P001443,Delayed,102.8,
P000254,Completed,7.7,
P000374,Completed,18.3,
P000911,Completed,56.7,Invalid Account Details
P004453,Completed,21.8,
P003051,Completed,17.3,
P004297,Completed,64.0,
P003201,Completed,69.8,
P000768,Completed,37.0,
P004434,Completed,53.1,
P003501,Completed,58.5,
P004306,Completed,19.0,
P000545,Completed,36.0,
P000225,Completed,11.8,
P002394,Completed,2.2,
P000196,Completed,34.8,
P002002,Completed,27.1,
P003048,Completed,70.1,
P001589,Completed,23.8,
P000638,Completed,5.0,
P002430,Completed,63.8,
P003548,Completed,71.3,
P002322,Completed,24.1,
P003554,Delayed,50.7,
P003845,Completed,30.9,
P001462,Completed,32.1,
P001066,Completed,46.4,
P003452,Completed,56.4,
P002085,Completed,3.1,
P003367,Failed,,Regulatory Block
P003426,Completed,43.3,
P000497,Completed,24.8,
P000312,Completed,3.9,
P002933,Completed,31.9,
P000394,Completed,16.1,
P004469,Delayed,88.0,
P001784,Completed,31.4,
P004358,Delayed,178.1,
P002700,Completed,37.2,
P000093,Completed,20.7,
P000784,Delayed,113.0,
P002726,Completed,20.2,
P004435,Completed,64.7,
P003111,Completed,3.5,
P002137,Completed,41.3,
P000274,Completed,38.1,
P000572,Completed,24.7,
P001504,Completed,6.5,
P000739,Completed,52.9,
P002732,Completed,32.0,
P001296,Completed,28.8,
P003682,Completed,28.6,
P001869,Failed,,Regulatory Block
P001198,Failed,,Network Error
P003032,Failed,,Invalid Account Details
P002362,Completed,32.2,
P004336,Completed,32.4,
P002886,Completed,66.1,
P003789,Completed,50.0,
P003357,Completed,40.0,
P004286,Completed,15.8,
P001127,Completed,50.6,
P002813,Completed,42.7,
P004414, Completed,31.7,
P003519,Completed,1.1,
P000604,Completed,,
P000253,Completed,26.0,
P002436,Delayed,85.9,
P002912,Completed,66.5,
P002535,Delayed,165.4,
P002839,Delayed,,
P003216,Completed,37.7,
P002515,Completed,4.2,
P000511,Completed,43.0,
P000608,Completed,38.3,
P004095,Failed,,Network Error
P003688,Completed,34.0,
P003553,Completed,15.2,
P000796,Delayed,188.1,
P000792,Completed,71.2,
P004058,Completed,19.9,
P001163,completed,38.2,
P000986,Completed,8.1,
P002482,Completed,19.1,
P003526,Completed,37.2,
P001201,Completed,38.4,
P002060,Completed,47.7,
P001522,Completed,48.1,
P000832,Delayed,54.6,
P002656,Completed,40.4,
P002676, Completed,54.9,
P003232,Completed,41.5,
P002528,Completed,23.9,
P004319,Completed,61.0,
P000486,Completed,11.6,
P001556,Completed,19.7,
P003631,Completed,25.8,
P001866,Completed,63.9,
P003043,Completed,58.7,
P002811,Completed,52.0,
P004251,Completed,11.6,
P000422,Completed,63.9,
P001215,completed,25.8,
P003810,Completed,5.8,
P004487,Completed,64.2,
P003748,Completed,43.3,
P003513,Completed,5.4,
P001017,Delayed,143.2,
P004278,Completed,67.1,
P002074,Completed,69.5,
P003760,Completed,65.3,
P001845,Completed,33.6,
P001015,Completed,26.2,
P001437,Completed,67.4,
P001868,Completed,9.1,
P004442,Completed,23.4,
P000064,Completed,30.8,
P003678,Completed,38.5,
P001057,Completed,28.2,
P002520,Completed,,
P000371,Completed,55.7,
P003171,Completed,,
P000979,Completed,51.2,
P003986,Completed,33.0,
P000990,Completed,35.6,
P003476,Completed,31.1,
P000007,Completed,41.3,
P003648,Completed,11.5,
P004390,Completed,12.3,
P000605,Delayed,194.9,
P000686,Completed,15.1,
P000169,Completed,,
P004082,Completed,31.6,
P000128,Completed,61.4,
P001372,Completed,60.9,
P000361,Completed,68.9,
P001580,Completed,66.3,
P002088,Completed,16.8,
P004396,Completed,7.8,
P003956,Delayed,67.4,
P000748,Completed,,
P003270,Completed,46.6,
P002523,Completed,17.9,
P003784,Completed,53.1,
P001320,Completed,54.8,
P004253,Completed,14.3,
P001081,Completed,63.7,
P003620,Completed,51.0,
P004214,Completed,29.9,
P003348,Completed,44.4,
P000468,Delayed,156.8,
P003758,Delayed,123.7,
P003531,Completed,64.7,
P003371,Completed,14.4,
P002533,Completed,29.6,
P001705,Completed,44.9,
P000801,Completed,62.2,
P001035,Completed,18.0,Regulatory Block
P000935,Delayed,155.3,
P001471,Completed,62.5,
P002651,Completed,8.9,
P001149,Completed,22.2,
P000461,Completed,14.0,
P000709,Completed,-62.0,
P004262,Completed,2.3,
P001704,Completed,3.3,
P004149,Completed,38.9,
P000069,Failed,,Network Error
P000232,Delayed,159.1,
P001587,Completed,17.6,
P001506,Delayed,179.9,
P002090,Completed,5.3,
P001769,Completed,4.6,
P001511,Delayed,122.9,
P001446,Completed,43.3,
P003957,Delayed,75.0,
P001253,Failed,,Compliance Hold
P002563,Completed,19.1,
P002217,Completed,27.8,
P002078,Completed,41.7,
P000477,Completed,38.9,
P000415,Completed,33.0,
P004424,Completed,25.3,
P000795,Delayed,208.4,
P003445,Delayed,63.2,
P002816,Delayed,191.8,
P000464,Completed,30.6,
P003722,Delayed,140.1,
P001872,Completed,51.8,
P001193,Completed,55.2,
P000112,Completed,1.1,
P001519,Completed,49.9,
P001229,Delayed,152.4,
P000868,Delayed,164.2,
P003258,Completed,26.1,
P003653,Completed,71.7,
P004126,Completed,11.8,
P000662,Failed,,Regulatory Block
P004069,Completed,5.6,
P000390,Delayed,223.6,
P001599,Completed,47.9,
P000359,Completed,36.3,
P001236,Completed,19.5,
P000841,Completed,6.3,
P004065,Completed,21.2,
P001624,Completed,15.3,
P002582,Failed,,Regulatory Block
P003104,Completed,12.8,
P000352,Completed,23.9,
P000205,Completed,32.1,
P000273,Completed,55.0,
P004132,Completed,29.8,
P004110,Completed,60.8,
P000971,Delayed,87.0,
P003993,Completed,61.0,
P001124,Completed,51.5,
P002508,Completed,44.8,
P004094, Failed,,Invalid Account Details
P001401,Completed,21.7,
P000462,Failed,,Network Error
P000275,Completed,66.6,
P001196,Completed,65.5,
P004028,Completed,70.0,
P003924,Completed,45.5,
P003058,Completed,5.9,
P002437,Delayed,49.2,
P003040,Completed,17.1,
P003686,Completed,5.8,
P002197,Completed,24.3,
P003561,Completed,32.2,
P003836,Completed,24.2,
P001762,Completed,53.4,
P000909,Delayed,157.7,
P002649,Completed,66.6,
P004477,Completed,48.6,
P002658,Completed,32.2,
P004263,Completed,39.7,
P002850,Completed,6.4,
P001746,Completed,16.0,
P000967,Completed,16.6,
P000003,Failed,,Insufficient Funds
P000820,Completed,30.5,
P002036,Completed,5.2,
P002929,Completed,65.5,
P004021,Completed,29.5,
P002592,Completed,5.9,
P002578,Completed,71.2,
P002719,Delayed,182.1,
P003942,Completed,43.6,
P003044,Completed,53.8,
P003281,Completed,49.5,
P000908,Completed,22.3,
P004235,Completed,60.8,
P001255,Completed,34.1,
P003492,Delayed,123.2,
P003157,Completed,65.2,
P004225,Completed,67.6,
P004002,Completed,41.8,
P001891,Completed,22.2,
P001038,Delayed,53.6,
P000082,Delayed,203.9,
P000116,Completed,51.0,
P002228,Completed,5.0,
P002370,Completed,,
P000443, Completed,29.4,
P001838,Completed,18.8,
P002365,Completed,66.6,Invalid Account Details
P002354,Completed,7.9,
P000557,Completed,56.3,
P002033,Completed,55.0,
P002970,Completed,27.5,
P002345,Completed,15.2,
P001722,Completed,55.1,
P000391,Completed,70.1,Compliance Hold
P003340,Completed,53.0,
P003929,Completed,9.4,
P002472,Failed,,Insufficient Funds
P002147,Completed,71.8,
P000858,Delayed,185.4,
P004057,Completed,68.0,
P000428,Completed,8.3,
P003528,Completed,36.4,
P002714,Completed,52.9,
P004230,Completed,31.8,
P004232,Failed,,Regulatory Block
P004276,Completed,20.3,
P002233,Completed,68.1,
P003895,Completed,51.4,
P001185,Completed,39.5,
P001323,Completed,54.0,
P004124,Completed,12.8,
P003096,Completed,20.0,
P000535,Completed,60.7,
P004266,Completed,45.2,
P003022,Completed,23.2,
P003090,Completed,52.6,
P002513,Completed,33.6,
P003274, Delayed,197.8,
P003081,Delayed,134.5,
P003413,Completed,45.2,
P002819,Completed,44.9,
P001677,Completed,18.7,
P000289,Completed,58.8,
P002490,Completed,15.3,
P003797,Delayed,163.6,
P002413,Completed,21.8,
P001935,Completed,47.2,
P004131,Completed,37.5,
P002742,Completed,69.4,
P004091,completed,1.7,
P003542,Completed,20.1,
P000067,Failed,,Network Error
P002440,Completed,67.6,
P004104,Completed,25.2,
P002112,Completed,63.2,
P003680,Completed,28.8,
P002540,Completed,19.3,
P001819,Completed,17.1,
P000132,Completed,3.9,
P002314,Completed,46.8,
P003959,Completed,62.4,
P002265,Completed,47.1,
P000720,Delayed,220.0,
P004146,Completed,35.2,
P001452,Delayed,182.5,
P000084,Failed,,Invalid Account Details
P000384,Completed,64.1,
P002091,Completed,38.1,
P001544,Completed,61.2,
P003684,Completed,17.3,
P001739,Completed,,
P001139,Completed,18.6,
P004180,Completed,8.6,
P000878,Completed,39.0,
P003263,Completed,41.5,
P001365,Completed,29.3,
P001726,Failed,,Insufficient Funds
P003277,Failed,,Regulatory Block
P001123,Delayed,236.5,
P001440,Completed,44.4,
P000539,Delayed,218.0,
P001003,Completed,30.5,
P000592,Delayed,74.3,
P000980,Completed,14.7,
P003489,Completed,16.7,
P004445,Completed,53.0,
P001581,Completed,65.4,
P000501,Completed,16.6,
P002786,Completed,70.3,
P003869,Completed,54.0,
P000315,Completed,58.2,
P003683,Completed,11.3,
P004059,Completed,17.1,
P003626,Completed,21.7,
P001575,Completed,5.5,
P001367,Failed,,Regulatory Block
P001460, Completed,34.2,
P001058,Delayed,70.9,
P000240,Completed,71.1,
P004388,Completed,23.2,
P002586,Completed,13.0,
P002794,Completed,67.8,
P001305,Completed,6.4,
P002477,Completed,61.9,
P002331,Delayed,77.2,
P000224,Completed,22.1,
P004197,Completed,54.6,
P002771,Completed,11.3,
P002291,Completed,67.2,
P000472,Completed,55.0,
P003251,Completed,58.7,
P002373,Completed,25.0,
P003799,Completed,64.8,
P003517,Completed,13.0,
P002352,Completed,25.1,
P003778,Completed,36.1,
P002695,Completed,,
P002246,Completed,,
P002051,Completed,67.3,
P000147,Completed,6.8,
P003467,Completed,28.6,
P001834,Failed,,Compliance Hold
P004413,Completed,36.2,
P002723,Completed,27.6,
P004196,Completed,61.6,
P001430,Completed,35.3,
P001569,Completed,18.3,
P003485, Completed,30.0,
P004211,Delayed,123.7,
P000946,Delayed,200.3,
P002186,Completed,63.5,
P000770,Delayed,169.0,
P001300,Delayed,121.3,
P001005,Delayed,51.9,
P003320,Delayed,126.7,
P001091,Completed,16.4,
P002678,Completed,47.3,
P003972,Completed,53.7,
P002980,Completed,9.6,
P002521,Delayed,216.8,
P004305,Delayed,182.5,
P003389,Completed,14.4,
P003334,Completed,69.1,
P000499,Completed,38.1,
P000646,Completed,64.5,
P002106,Delayed,132.7,
P001503,Completed,61.6,
P004485,Delayed,176.8,
P000135,Completed,71.7,
P003461,Delayed,198.2,
P001267,Completed,35.5,
P004101,Completed,62.1,Invalid Account Details
P003779,Completed,61.8,
P003847,Completed,4.2,
P002556,Completed,47.9,
P002992,Completed,10.3,
P002567,completed,7.6,
P001374,Completed,62.2,
P000735,Completed,60.4,
P000356,Completed,25.8,
P003234,Completed,38.4,
P002205,Completed,71.9,
P004498,Completed,56.8,
P004063,Completed,-15.8,
P002456,Completed,54.0,
P000144,Completed,22.1,
P002940,Completed,44.5,
P004342,Completed,54.3,
P000060,Failed,,Regulatory Block
P000766,Delayed,123.5,
P001542,Delayed,238.0,
P004299,Completed,33.2,
P003233,Completed,65.9,
P001979,Completed,11.2,
P004209,Completed,44.9,
P001211,Completed,69.1,
P001125,Failed,,Insufficient Funds
P004041,Completed,8.9,
P002663,Completed,54.3,
P001096,Completed,43.4,
P001416,Completed,67.2,
P002043,Completed,26.7,
P001634,Failed,,Regulatory Block
P003559,Completed,,
P001921,Completed,2.7,
P003388,Completed,15.0,
P004497,Completed,40.1,
P004222,Completed,63.8,
P002931,Completed,23.3,
P000921,Completed,63.3,
P000161,Completed,13.2,
P001309,Delayed,61.0,
P000351,Completed,25.2,
P001021,Completed,7.0,
P000919,Completed,36.7,
P002524,Completed,15.1,
P003386,Delayed,238.4,
P001815,Completed,18.8,
P003166,Completed,21.9,
P000056,Completed,40.9,
P003323,Completed,55.7,
P000229,completed,18.1,
P002284,Completed,65.6,
P000505,Completed,33.8,
P003811,Completed,52.9,
P000118,Completed,64.5,
P002796,Completed,37.3,
P002077,Delayed,,
P002875,Completed,3.3,
P000852,Completed,1.5,
P003701,Completed,64.2,
P002998,Completed,65.3,Insufficient Funds
P001477,Failed,,Network Error
P001992,Completed,64.2,
P000323,Completed,53.1,
P002601,Delayed,102.7,
P004473,Delayed,193.1,
P002581,Completed,18.5,
P001647,Completed,31.9,
P001272,Completed,67.5,
P002032,Completed,58.5,
P003409,Completed,53.6,
P003376,Completed,55.1,
P002611,Completed,57.1,
P001855,Completed,36.1,
P001295,Completed,45.4,
P003689,Completed,44.3,
P004108,Completed,26.1,
P003662,Completed,39.0,
P000758,Completed,32.7,
P000071,Completed,8.0,
P000237,Completed,14.0,
P003497,Completed,17.5,
P003868,Completed,63.1,
P001062,Completed,10.6,
P000635,Completed,39.6,
P001192,Completed,57.5,
P004257,Completed,61.5,
P004162,Delayed,68.1,
P000162, Completed,26.4,
P001357,Completed,35.7,
P001143,Delayed,112.0,
P001414,Failed,,Network Error
P001930, Completed,66.7,
P000922,Completed,8.4,
P002296,Completed,,
P003541,Completed,56.8,
P002727,Delayed,56.3,
P004379,Completed,20.6,
P002548,Completed,32.5,
P000148,Completed,31.6,
P001165,Delayed,63.2,
P000549,Delayed,218.6,
P004332,Completed,48.4,
P003325,Completed,44.7,
P003555,Delayed,188.6,
P000779,Delayed,182.7,
P001105, Completed,46.5,
P004216,Completed,31.4,
P000837,Completed,30.8,
P000719,Completed,62.0,
P002531,Completed,56.3,
P002279,completed,20.9,
P003523,Delayed,197.2,
P001454,Completed,62.2,
P003117,Completed,9.5,
P003421,Completed,44.6,
P002981,Delayed,146.1,
P001269,Completed,47.2,
P000474,Completed,19.2,
P002951,Completed,11.4,
P003374,Completed,31.2,
P000812,Completed,53.0,
P001497,Completed,44.0,
P003600,Completed,54.6,
P003246,Completed,6.5,
P002250,Completed,32.2,
P000143,Completed,66.0,
P004007,Failed,,Invalid Account Details
P002423,Delayed,85.2,
P001604,Completed,,
P003543,Completed,53.0,
P002022,Completed,17.9,
P002936,Delayed,142.9,
P000976,Completed,62.6,
P000976,Completed,62.6,
P000466,Completed,38.3,
P002208,Completed,67.5,
P003414,Completed,6.7,
P002720,Delayed,152.2,
P003958,Completed,53.1,
P000879,Completed,37.3,
P003463,Completed,69.8,
P004298,Failed,,Insufficient Funds
P001308,Completed,61.4,
P000268,Completed,55.6,
P001782,Completed,25.1,
P002426,Completed,52.8,
P000715,Completed,53.4,
P002574,Completed,12.2,
P003261,Completed,44.7,
P000339,Completed,7.3,
P000866,Completed,39.6,
P003764,Completed,10.8,
P000960,Completed,49.5,
P003546,Completed,65.3,
P002136,Completed,11.8,
P000172,Failed,,Invalid Account Details
P002920,Completed,41.1,
P003475,Completed,23.7,
P001288,Failed,,
P000387,Completed,62.2,
P000250,Completed,33.4,
P003685,Delayed,166.7,
P003280,Completed,7.4,
P001470,Completed,34.9,
P003134,failed,,Regulatory Block
P001736,Completed,21.3,
P000191,Completed,51.0,
P003484,Completed,18.6,
P001558,Completed,21.2,
P001984,Delayed,199.6,
P001524,Completed,55.4,
P003434,Completed,42.4,
P000601,Completed,57.2,
P002604,Completed,13.7,
P003687,Failed,,Regulatory Block
P004015,Delayed,115.1,
P002361,Delayed,186.1,
P000958,Completed,4.6,
P002906,Delayed,169.7,
P002207,Delayed,217.7,
P000368,Delayed,85.4,
P002618,Completed,71.1,
P002068,Completed,53.8,
P002979,Completed,15.5,
P002395,Completed,23.7,
P002553,Completed,58.2,
P002561, Completed,28.9,
P002800,Failed,,Invalid Account Details
P003693,Completed,27.1,
P003677,Completed,23.6,
P003338,Delayed,211.1,
P001398,Completed,64.7,
P002038,Delayed,,
P004326,Completed,58.5,
P000267,Completed,71.2,
P001680,Completed,59.3,
P002606,Completed,24.3,
P002717,Completed,4.4,
P002024,Completed,35.9,
P003578,Completed,66.2,
P002659,Completed,49.3,
P004145,Completed,58.3,
P003159,Completed,47.6,
P002177,Delayed,157.8,
P003132,Completed,64.2,
P001894,Completed,10.1,
P002450,Completed,25.8,
P002627,Completed,9.7,
P002139,completed,55.3,
P004195,Completed,29.1,
P000417,Completed,65.1,
P001084,Completed,42.4,
P003815,Completed,53.0,
P002536,Completed,52.7,
P000087,Delayed,135.9,
P001227,Completed,2.2,
P001650,Completed,58.2,
P001109,Completed,25.3,
P002616,Completed,69.6,
P000041,Completed,56.0,
P000671,Completed,26.4,
P002417,Failed,,Network Error
P004491,Delayed,205.3,
P002061,Completed,62.8,
P002668,Completed,48.0,
P000562,Completed,20.4,
P000364,Completed,34.6,
P003977,Completed,44.6,
P001376,Completed,1.3,
P003506,Completed,63.1,
P002841,Completed,35.2,
P003163,Failed,,Compliance Hold
P003080,Completed,35.7,
P002665,Completed,23.5,
P001523,Completed,60.9,
P001054,Completed,28.9,
P001521,Completed,67.6,
P000590,Completed,24.4,
P000786,Completed,26.5,
P003984,Completed,31.7,
P000217,Completed,64.0,
P001753,Completed,6.5,
P002557,Completed,50.4,
P000652,Completed,18.8,
P001053,Completed,6.5,
P002610,Completed,27.4,
P003095,Failed,,Network Error
P001472,Completed,2.5,
P003713,Completed,67.1,
P004343,Delayed,86.9,
P003708,Completed,62.6,
P003144,Completed,17.8,
P004454,Completed,50.2,
P003179,Failed,,Network Error
P003023,Completed,20.1,
P003021,Failed,,Network Error
P000278,Failed,,Regulatory Block
P001223, Completed,33.5,
P002856,Completed,44.0,
P003878,Delayed,141.8,
P001744,Completed,30.0,
P003145,Completed,53.8,
P001220,Completed,66.1,
P002740,Completed,52.3,
P002488,Delayed,128.7,
P001535,Completed,7.1,
P002647,Delayed,140.3,
P004246,Completed,14.0,
P000544,Failed,,Invalid Account Details
P001086,Failed,,Network Error
P002140,Completed,54.8,
P004084,Delayed,185.1,
P002243,Completed,26.2,
P000923,Completed,28.3,
P003439,Completed,48.1,
P003866,Completed,40.5,
P001672,Completed,,
P004415,Completed,30.1,
P002808,Completed,12.2,
P000503,Failed,,Regulatory Block
P003672,Delayed,236.6,
P001889,Completed,6.2,
P003288,Completed,24.7,
P002408,Completed,45.8,
P000968,Completed,19.3,
P004360,Completed,34.2,
P003563,Completed,46.0,
P000963,Completed,54.0,
P002781,Completed,47.0,
P002154,Failed,,Invalid Account Details
P000233,Delayed,237.6,
P001384,Completed,47.6,
P001032,Delayed,77.1,
P000473,Completed,61.4,Invalid Account Details
P003817,Completed,19.8,
P004143,Delayed,128.5,
P000248,Completed,10.2,
P003795,Completed,7.3,
P002996,Completed,3.6,
P000937,Completed,15.6,
P002956,Completed,39.4,
P004321,Completed,61.3,
P000827,Completed,2.6,
P004261,Completed,62.8,
P002725,Completed,12.6,
P000891,Completed,68.0,
P000153,Completed,15.9,
P001669,Completed,,
P000861,Failed,,Invalid Account Details
P002587,Completed,50.5,
P002201,Delayed,78.4,
P000508,Completed,26.2,
P000892,Completed,55.9,
P003131,Delayed,86.8,
P000704,Completed,33.6,
P000292,Completed,27.0,
P003801,Completed,56.4,
P003228,Completed,16.3,
P003339,Completed,48.6,
P001025,Delayed,138.6,
P004368,Delayed,119.5,
P001494,Completed,39.8,
P003169,Completed,22.1,
P003659,Delayed,164.4,
P000256,Delayed,236.8,
P004404,Failed,,Regulatory Block
P001625,Completed,25.2,Insufficient Funds
P004042,Completed,45.8,
P003723,Failed,,Regulatory Block
P000696,Failed,,Compliance Hold
P001259,Delayed,166.4,
P003510,Completed,31.8,
P003720,Completed,35.1,
P001686,Completed,56.0,
P000286,Completed,11.6,
P001712,Completed,65.7,
P004470,Completed,21.3,
P003565,Completed,56.5,
P002025,Completed,55.8,
P000616,Delayed,231.2,
P003039,Completed,31.7,
P002710,Failed,,Regulatory Block
P003837,Completed,47.7,
P000749,Completed,59.8,
P000157,Completed,64.8,
P004259,Completed,3.3,
P003809,Completed,5.0,
P002003,Failed,,Compliance Hold
P000185,Completed,5.6,
P001210,Completed,71.5,
P004118,Completed,40.2,
P001799,Completed,65.6,
P000155,Completed,68.4,
P000378,Completed,25.2,
P003872,Completed,33.8,
P000211,Delayed,63.3,
P002298,Completed,55.3,
P001385,Completed,60.8,
P000213,Completed,2.6,
P003665,Delayed,76.2,
P000964,Delayed,156.0,
P000018,Completed,46.4,
P002464,Completed,54.6,
P004429,Completed,27.5,
P003971,Completed,60.5,
P001485,Completed,60.4,
P001789,Completed,34.5,
P001373,Completed,1.8,
P001595,Completed,14.9,
P000966,Completed,14.2,
P002164,Completed,63.2,
P001836,Failed,,Invalid Account Details
P001073,Completed,40.7,
P004056,Delayed,234.5,
P004175,Completed,33.9,
P000621,Completed,47.7,
P001362,Completed,43.4,
P001768,Completed,66.5,
P001350, Completed,60.2,
P004474,Completed,12.7,
P002478,Delayed,119.9,
P001885,Completed,20.4,
P002613,Completed,31.7,
P002701,Completed,65.1,
P002634,Completed,18.0,
P002202,Completed,29.3,
P002396,Completed,14.9,
P002040,Completed,41.7,
P001146,Delayed,134.3,
P002254,Delayed,86.0,
P001422,Completed,54.1,
P000498,Completed,71.0,
P000580,Completed,50.5,
P004421,Completed,63.7,Regulatory Block
P003786,Completed,18.9,
P002472,Failed,,Insufficient Funds
P004107,Completed,34.5,
P003494,Completed,24.0,
P001741,Completed,36.2,
P002249,Completed,42.5,
P001675,Completed,64.7,
P001961,Completed,29.2,
P001884,Completed,6.9,
P000782,Completed,55.0,
P002087,Completed,70.2,
P003675,Completed,8.0,
P000385,Delayed,238.7,
P004040,Failed,,Invalid Account Details
P002938,Completed,42.8,
P004017,Completed,13.1,
P001280,Completed,51.9,
P004174,Delayed,159.1,
P001341,Completed,3.4,
P000133,Delayed,192.6,
P000894,Failed,,Regulatory Block
P003890,Completed,22.5,
P002234,Completed,9.0,
P003298,Completed,52.9,
P004079,Completed,59.0,
P003299,Failed,,Insufficient Funds
P003012,Completed,68.8,
P002730,Completed,58.2,
P003774,Completed,33.4,
P002387,Completed,33.9,
P002637,Completed,43.0,
P003896,Completed,5.4,
P000008,Completed,25.8,
P003910,Completed,37.5,
P000653,Delayed,223.8,
P002192,Delayed,171.9,
P000691,Completed,55.8,
P002357,Completed,71.7,
P000566,Completed,38.8,
P001225,Completed,42.0,
P000618,Completed,59.9,
P002498,Completed,38.4,
P000049,Completed,6.5,
P001626,Completed,69.6,
P001607,Completed,21.5,
P002005,Completed,24.2,
P002399,Completed,61.0,
P001832,Completed,19.0,
P001520,Delayed,118.0,
P000974,Completed,70.9,
P004103, Delayed,233.6,
P003654,Completed,43.6,
P003615,Completed,70.7,
P001714,Completed,22.7,
P004479,Completed,18.1,
P003746,Completed,35.0,
P000337,Completed,3.8,
P004111,Completed,54.0,
P003404,Completed,28.1,
P000159,Delayed,144.0,
P001142,Completed,19.3,
P002752,Completed,17.5,
P000475,Completed,29.9,
P004437,Completed,12.8,
P003798,Completed,48.0,
P001268,Completed,29.9,
P001829,Failed,,Invalid Account Details
P002328,Completed,65.1,
P001645,Completed,50.9,
P004078,Completed,17.3,
P000216,Completed,71.1,
P003199,Delayed,70.2,
P002242,Completed,50.5,
P001490,Completed,5.9,
P003137,Completed,55.4,
P003914,Failed,,Compliance Hold
P000611,Completed,8.8,
P000742,Completed,-58.5,
P003076,Completed,,
P002903,Completed,14.7,
P001996,Completed,2.0,
P002865,Completed,17.5,
P000354,Completed,11.3,
P001908,Completed,55.9,
P001738,Completed,61.5,
P000898,Delayed,86.6,
P003381,Completed,22.7,
P002134,Completed,46.4,
P003049,Completed,40.8,
P001692,Delayed,95.0,Invalid Account Details
P000506,Completed,30.7,
P000039,Completed,13.1,
P000783,Completed,13.4,
P002260,Completed,60.2,
P002568,Completed,67.6,
P004436,Completed,31.7,
P004353,Completed,61.1,
P002942,Completed,68.8,
P003538,Delayed,202.4,
P000996,Delayed,224.4,
P000114,Completed,7.9,
P002925,Completed,52.5,
P004304,Completed,45.4,
P003108,Completed,63.2,
P004486,Completed,32.9,
P002962,Delayed,,
P000014,Completed,47.9,
P001807,Completed,40.2,
P001507,Completed,36.4,
P001408,Completed,58.0,
P003913,Completed,2.3,
P001383,Completed,3.9,
P003436,Completed,52.7,
P002689,Completed,69.4,
P000703,Completed,26.1,
P000502,Completed,35.2,
P002010,Completed,29.8,
P000407,Completed,16.6,
P004030,Completed,60.2,
P003056,Delayed,183.2,
P002398,Delayed,204.1,
P000641,Completed,40.1,
P003830,Completed,51.3,
P004076,Delayed,168.4,
P001026,Completed,53.8,
P001294,Completed,16.5,
P000755,Completed,18.0,
P002602,Completed,27.8,
P000746,Completed,6.1,
P001244,Completed,46.5,
P003422, Delayed,116.1,
P003262,Completed,23.8,
P002473,Completed,60.9,
P001592,Completed,63.0,
P001178,Completed,21.2,
P002660,Completed,8.7,
P003004,Completed,58.3,
P002114,Completed,33.6,
P001824,Failed,,Regulatory Block
P003267,Completed,53.5,
P002419,Completed,65.9,
P002171,Completed,40.5,
P000523,Completed,71.4,
P004129,Completed,6.8,
P002507,delayed,107.4,
P002466,Completed,69.1,
P001168,Completed,56.0,
P002795,Completed,62.9,
P002562,Completed,29.0,
P000287,Delayed,207.3,
P002547,Completed,43.5,
P001766,completed,55.5,
P000347,Completed,26.1,
P003026,Completed,46.0,
P003781,Completed,30.2,
P001957,completed,36.5,
P002926,Completed,40.0,
P000451,Completed,56.0,
P001950,Completed,54.3,
P002916, Completed,16.3,
P000761,Completed,38.1,
P004086,Completed,13.5,
P000708,Completed,5.6,
P002167,Completed,19.8,
P000242,Completed,11.7,
P002809,Delayed,168.5,
P002142,Completed,45.4,
P000072,Completed,5.9,
P000573,Completed,63.6,
P001763,Completed,29.5,
P000333,Delayed,121.1,
P002385,Completed,57.2,
P000043,Completed,48.8,
P000822,Failed,,Network Error
P000543,Completed,56.2,
P003448,Completed,17.0,
P001635,Completed,49.3,
P000471,Completed,10.0,
P003532,Completed,29.5,
P001140,Failed,,Regulatory Block
P000537,Completed,50.5,
P001649,Completed,60.8,
P002460,Completed,2.1,
P003501,Completed,58.5,
P003584,Completed,,
P004391,Completed,36.9,
P002830,Completed,22.1,Network Error
P003249,Completed,64.5,
P001752,Completed,40.0,
P002551,Completed,51.8,
P001315,Completed,13.2,
P002295,Completed,51.4,
P004128,Delayed,59.9,
P000640,Completed,4.7,
P002669, Completed,46.0,
P003948,Completed,9.0,
P004147,Completed,47.5,
P002997,Completed,61.7,
P000235,Delayed,135.9,
P002050,Failed,,Insufficient Funds
P002584,Completed,4.1,
P003793,Failed,,Regulatory Block
P004280,Completed,13.7,
P003901,Completed,32.8,
P002902,Completed,44.5,
P003508,Completed,43.7,
P002231,Completed,31.6,
P002474,Completed,26.6,
P002751,Completed,38.3,
P002892,Delayed,221.8,
P000899,Completed,9.8,
P000099,Delayed,96.0,
P002390,Completed,46.9,
P001304,Completed,47.4,
P000589,Completed,57.0,
P000679,Completed,31.8,
P003443,Completed,56.1,
P001359,Completed,66.2,
P002619,Completed,22.5,
P001589,Completed,23.8,
P003524,Failed,,Compliance Hold
P003070,Completed,5.4,
P003791,Completed,46.5,
P001364,Delayed,226.0,
P001156,Completed,8.7,
P003966,Completed,18.2,
P003730,Completed,44.3,
P004307,Delayed,,
P003747,Completed,40.8,
P003515,Completed,59.9,
P001113,Completed,3.1,
P001926,Completed,19.2,
P000850,Completed,39.2,
P002921,Completed,61.8,
P000358,Completed,64.5,
P003777,Failed,,Compliance Hold
P000767,Completed,10.4,
P002770,Completed,20.3,
P002729,Completed,28.0,
P001214,Completed,11.5,
P002035,Completed,39.2,
P000938,Completed,50.4,
P002615,Completed,47.0,
P002915,Completed,58.1,
P001191,Completed,29.5,
P003173,Completed,6.0,
P004382,Completed,42.2,
P003061,Completed,62.2,
P003593,Completed,26.5,
P000849,Delayed,61.2,
P003710,Completed,33.2,
P002518,Delayed,200.8,
P001247,Completed,13.8,
P000059,Completed,69.8,
P003661,Completed,67.3,
P000525,Completed,19.0,
P002414,Completed,11.6,
P003300,Completed,59.8,
P000874,Completed,37.4,
P000830,Completed,49.7,
P004399,Completed,66.0,
P000875,Completed,53.4,
P002406,Completed,47.6,
P002055,Failed,,Regulatory Block
P002672,Completed,58.8,
P003203,Completed,7.6,
P004187,Completed,4.9,
P003235,Completed,10.7,
P002803,Failed,,Compliance Hold
P001496,Delayed,83.2,
P003794,Completed,40.3,
P004024,Completed,59.8,
P002952,Completed,11.2,
P000070,Completed,58.7,
P004036,Completed,31.5,
P004142,Completed,35.9,
P000561,Completed,14.1,
P001600,Delayed,200.6,
P001335,Delayed,,
P003220,Completed,35.3,
P002866, Completed,22.1,
P004067,Completed,63.4,
P002761,Completed,42.3,
P001743,Completed,9.5,
P001083,Completed,30.8,
P000490,Delayed,,
P003982,Completed,35.1,
P002853,Completed,70.1,
P003296,Completed,52.6,
P002935,Delayed,143.7,
P001583,completed,16.6,
P003014,Delayed,238.8,
P002679,Failed,,Regulatory Block
P002986,Completed,40.0,
P003301,Delayed,191.2,
P002858,Completed,53.6,
P002451,Completed,39.6,
P003522,Delayed,162.3,
P004106,Delayed,96.5,
P001797,Completed,23.2,
P001971,Failed,,Regulatory Block
P001106,Failed,,Network Error
P002214,Delayed,207.4,
P001813,Completed,44.7,
P000740,Completed,69.5,
P002409,Completed,28.4,
P003063,Failed,,Insufficient Funds
P001614,Completed,44.3,
P003211,Completed,23.5,
P002832,Completed,39.7,
P003136,Completed,44.2,
P000193,Completed,47.1,
P004294,Delayed,185.3,
P002459,Delayed,117.1,
P000520,Completed,-67.5,
P002799,Delayed,89.4,
P002517,Completed,42.3,
P002312,Completed,31.4,
P002846,Completed,11.6,
P001069,Completed,29.4,
P001332,Completed,35.7,
P000928,Failed,,Invalid Account Details
P002532,Completed,41.0,
P001336,Completed,42.6,
P001978,Completed,67.3,
P002733,Completed,47.3,
P004088,Completed,47.4,
P002932,Delayed,122.6,
P003696,Delayed,139.2,
P000806,Delayed,209.7,
P002826,Completed,63.8,
P002917,Completed,38.4,
P001447,Completed,52.5,
P002868,Failed,,Regulatory Block
P002294,Completed,39.2,
P000821,Completed,28.3,
P004062,Completed,33.6,
P002778,Delayed,62.6,
P003086,Completed,48.0,
P001546,Completed,10.3,
P002141,Completed,38.3,
P001100,Completed,37.5,
P000839,Completed,64.2,
P002519,Completed,31.6,
P002621,Completed,12.8,
P004024,Completed,59.8,
P003252,Completed,40.9,
P004385,Delayed,120.9,
P000276,Completed,59.6,
P001761,Completed,26.7,
P000730,Delayed,135.5,
P001007,Failed,,Regulatory Block
P000145,Completed,68.4,
P000231,Completed,69.3,
P000214,Completed,45.6,
P001342,Completed,20.1,
P000066,Completed,5.3,
P003930,Completed,43.0,
P001369,Completed,4.5,
P002293,Delayed,238.9,
P000454,Failed,,Insufficient Funds
P003983,Completed,47.7,
P001186,Completed,46.2,
P000584,Completed,49.6,
P000655,Completed,42.2,
P001737,Completed,37.9,
P000800,Completed,34.3,
P004419,Completed,63.1,Invalid Account Details
P001297,Completed,71.3,
P000645,Completed,67.2,
P002654,Completed,60.3,
P003390,Completed,51.9,
P001560,Completed,39.0,
P001327,Completed,17.1,
P000834,Completed,15.2,
P002629,Completed,63.9,
P002900,Completed,14.0,
P000458,Completed,24.4,
P000665,Completed,39.4,
P000989,Completed,47.5,
P002485,Completed,42.8,
P003454,Completed,69.6,
P002014,Completed,18.9,
P003020,Completed,32.7,
P003695,Delayed,110.5,
P002269,Completed,67.9,
P002222,Delayed,121.1,
P000988,Delayed,106.4,
P003647,completed,2.6,
P003326,Completed,18.3,
P003808,Completed,3.0,
P000683,Completed,71.4,
P002583,Completed,48.8,
P000807,Completed,21.2,
P003796,Completed,52.8,Invalid Account Details
P002364,Delayed,199.1,
P001082,Completed,6.0,
P004440,Completed,51.7,
P001199,Completed,61.9,
P003880,Completed,20.8,
P002335,Completed,20.9,
P002896,Completed,38.2,
P000429,Completed,17.4,
P000692,Completed,37.7,
P000280,Completed,48.8,
P001202,Completed,39.3,
P000654,Completed,61.5,
P002914,Completed,38.5,
P003915,Delayed,184.6,
P001985,Completed,8.4,
P000107,Failed,,Regulatory Block
P000190,Completed,36.6,
P000916,Completed,60.3,
P000444,Completed,26.6,
P001240,Completed,,
P000124,Completed,37.2,
P002184,Completed,28.9,
P000623,Completed,22.5,
P002158,Completed,15.4,
P001805,Completed,8.6,
P003395,Completed,8.3,
P000727,Completed,39.2,
P000201,Completed,17.9,
P001905,Completed,4.2,
P002709,Completed,64.6,
P000591,Completed,39.0,
P001643,Completed,22.9,
P000954,Completed,29.3,
P002130,Completed,3.5,
P002901,Completed,58.4,
P000694,Completed,52.4,
P001907,Completed,52.3,
P002883,Failed,,
P001912,Completed,13.6,
P002072,Completed,28.9,
P003767,Completed,26.6,
P002975,Completed,38.1,
P004158,Completed,67.8,
P000480,Completed,52.2,
P004170,Completed,34.7,
P002721,Completed,48.3,
P002045,Completed,35.6,
P003245, Completed,52.1,
P001537,Completed,,
P001987,Completed,30.0,
P003865,Completed,46.8,
P001837,Completed,32.0,
P001927,Completed,41.0,
P001554,Completed,65.7,
P001366,Completed,23.7,
P001543,Completed,26.8,
P002223,Completed,65.5,
P003879,Completed,59.4,
P001570,Delayed,52.3,
P003608,Completed,56.3,
P002738,Completed,56.0,
P000111,Completed,1.6,
P000597,Completed,28.7,
P002746,Completed,71.9,
P000881,Completed,67.4,
P002792,Delayed,52.0,
P000859,Completed,58.4,
P002092,Completed,28.0,
P000900,Completed,25.5,
P001345,Completed,51.1,
P000184,Completed,16.4,
P001913,Completed,,Network Error
P002218,Completed,37.0,
P002939,Completed,26.8,
P002443,Failed,,Regulatory Block
P000910,Delayed,76.8,
P001786,Delayed,184.8,
P003792,Delayed,166.5,
P002829,Completed,18.3,
P000448,Completed,70.8,
P004323,Completed,3.2,
P001396,Delayed,96.3,
P002788,Completed,26.5,
P003981,Completed,13.8,
P001727,Completed,67.0,
P001591,Completed,33.2,
P001218,Completed,14.3,
P003182,Completed,47.9,
P000884,Completed,31.7,
P001441,Completed,5.9,
P003112,Completed,26.9,
P000320,Completed,17.0,
P003486,Completed,37.6,
P000485,Delayed,134.6,
P001886,Completed,22.1,
P000546,Completed,64.1,
P004207,Completed,46.8,
P004316,Completed,63.6,
P004372,Completed,10.1,
P003003,Completed,49.2,
P001759,Completed,2.4,
P000489,Completed,55.8,
P004043,Completed,18.2,
P002458,Completed,38.1,
P003745,Delayed,227.1,
P001778,Completed,36.9,
P002446,Completed,66.9,
P000564,Completed,50.6,
P001952,Completed,49.8,
P004462,Completed,20.6,
P000599,Delayed,216.1,
P002512,Completed,35.3,
P002483,Completed,31.7,
P000538,Delayed,150.9,
P003827,Completed,17.3,
P002336,Completed,51.7,
P000913,Completed,43.0,
P000259,Completed,63.2,
P000103,Completed,32.3,
P002300,Completed,55.7,
P001325,Completed,64.4,
P004333,Completed,64.1,
P002626,Completed,25.0,
P003446,Completed,39.0,Invalid Account Details
P002642,Completed,32.3,
P002271,Completed,21.0,
P001856,Delayed,101.1,
P002049,Completed,1.4,
P000363,Completed,13.0,
P003733,Completed,50.3,
P004080,Completed,17.7,
P004397,Failed,,Regulatory Block
P002827,Completed,20.1,
P000736,Completed,21.6,
P001823,Completed,66.1,
P004189,Completed,40.8,
P002659,Completed,49.3,
P002317,Completed,70.6,
P003152,Completed,67.6,
P003759,Completed,34.2,
P000955,Delayed,193.6,
P001972,Completed,19.8,
P002708,Completed,14.0,
P000102,Delayed,237.4,
P002653,Completed,56.9,
P000090,Delayed,52.6,
P000661,Completed,12.4,
P003690,Completed,31.0,
P003001,Delayed,191.0,
P003191,Completed,32.1,
P002163,Completed,69.5,
P002359,Completed,7.2,
P002178,Completed,62.8,
P001261,Completed,6.7,
P002984,Completed,3.2,
P000414,Completed,25.6,
P004192,Delayed,198.1,
P002706,Completed,22.2,
P000869,Completed,28.8,
P001552,Completed,7.2,
P002111,Completed,19.0,
P003360,Completed,66.0,
P002835,Delayed,108.8,
P002019,Completed,11.1,
P001986,Completed,60.4,
P002059,Delayed,78.6,
P000895,Completed,27.0,
P003291,Completed,61.3,
P003761,Completed,67.1,
P000987,Completed,63.6,
P000628,Completed,71.6,
P001137,Completed,36.8,
P000334,Completed,,
P003916,Completed,51.6,
P001791,Completed,46.5,
P000593,Completed,39.2,
P003667,Completed,8.6,
P001221,Completed,33.9,
P002687, Completed,28.2,
P002638,Completed,25.9,
P001013,Completed,11.2,
P004171,Completed,67.1,
P001633,Completed,49.7,
P000288,Completed,60.4,
P000150,Completed,34.6,
P003247,Completed,16.9,
P004320,Delayed,177.4,
P002686,Completed,12.3,
P004097,Completed,4.8,
P004168,Completed,65.1,
P003297,Completed,65.8,
P002609,Completed,39.5,
P000345,Completed,66.3,
P003110,Completed,52.8,
P000811,Completed,50.0,
P003364,Completed,70.0,
P001312,Completed,12.5,
P002505,Completed,2.2,
P004352,Delayed,60.2,
P000978,Completed,37.3,
P002198,completed,34.5,
P002383,Completed,46.1,
P002885,Completed,62.0,
P002434,Completed,65.3,
P001701,Completed,50.3,
P001516,Completed,5.1,
P000667,Completed,5.4,
P001770,Completed,35.0,
P000933,Completed,12.6,
P003904,Completed,47.2,
P002416,Completed,30.5,
P000794,Delayed,124.7,
P001006,Completed,12.3,
P002069,Failed,,Invalid Account Details
P002625,Completed,31.7,
P000139,Completed,61.7,
P002607,Failed,,Network Error
P000440,Delayed,88.1,
P000324,Failed,,Insufficient Funds
P001773,Completed,-16.4,
P004008,Completed,44.5,
P002360,Completed,2.4,
P003547,Delayed,86.5,
P003663,Completed,50.3,
P000372,Completed,69.8,
P000467,Completed,43.6,
P002812,Completed,25.7,
P002420,Failed,,Compliance Hold
P000285,Completed,22.2,
P002797,Completed,41.1,
P003870,Completed,36.3,
P004064,Completed,51.2,
P001918,Completed,61.4,
P002492,Completed,35.2,
P002937,Failed,,Network Error
P004405,Completed,55.2,
P000877,Completed,66.4,
P002157,Delayed,62.2,
P001882,Delayed,200.2,
P001060,Completed,8.1,
P003488,Completed,9.6,
P000901,Delayed,74.4,
P001095,Completed,5.1,
P002773,Completed,35.7,
P004311,Completed,53.3,
P000317,Completed,40.4,
P004184,Completed,58.4,
P000335,Delayed,183.7,
P001289,Completed,24.1,
P003950,Completed,56.0,
P002930,Completed,30.6,
P002252,Completed,5.8,
P001902,Completed,67.3,
P002876,Completed,4.4,
P000272,Delayed,183.7,
P002691,Completed,24.9,
P001859,Completed,41.4,
P000279,Failed,,Compliance Hold
P003164,Completed,61.4,
P001028,Completed,48.6,
P003431,Completed,57.7,
P004153,Completed,55.6,
P001407,Failed,,Compliance Hold
P000965,Completed,6.9,
P000995,Completed,3.9,
P003954,Completed,2.1,
P004075,Completed,34.5,
P003498,Completed,52.0,
P003932,Failed,,Compliance Hold
P002999,Delayed,211.3,
P000246,Completed,26.8,
P000404,Completed,24.3,
P004072,Completed,44.1,
P003287,Completed,17.4,
P003591,Completed,20.1,
P003937,Completed,21.0,
P002227,Completed,65.4,
P003473,Completed,21.8,
P002041,Completed,19.8,
P001480,Completed,59.8,
P003473,Completed,21.8,
P002759,Completed,4.5,
P000790,Completed,56.8,
P002461,Completed,40.9,
P001432,Completed,23.9,
P002974,Completed,5.4,
P000936,Completed,39.7,
P000941,Completed,25.4,
P000776,Completed,58.5,
P003302,Completed,45.8,
P004472,Completed,5.7,
P001022,Completed,64.2,
P003370,Completed,1.3,
P002287,Completed,48.6,
P001596,Delayed,80.1,
P003344,Completed,11.5,
P000565,Completed,46.3,
P000644,Completed,10.5,
P002375,Completed,53.2,
P001266,Completed,27.6,
P002874,Completed,58.8,
P000845,Completed,34.2,
P000751,Completed,69.9,
P003953,Completed,53.2,
P000156,Completed,-5.3,
P001557,Completed,65.1,
P001578,Completed,66.2,
P000723,Completed,42.2,
P000386,Completed,7.2,
P004456,Completed,13.7,
P002948,Completed,24.9,
P003468,Completed,,
P000311,Completed,3.1,
P001909,Failed,,Compliance Hold
P000705,Completed,70.7,
P004366,Failed,,Invalid Account Details
P002454,Completed,53.0,
P002671,Completed,44.5,
P002176,Completed,60.4,
P003871,Failed,,Insufficient Funds
P004393,Completed,4.3,
P001174,Completed,16.2,
P000204,Delayed,173.5,
P000173,Completed,49.9,
P004386,Completed,45.2,
P003496,Completed,45.3,
P001187,Completed,38.0,
P001953,Completed,25.8,
P002166,Completed,13.5,
P000053,Completed,63.1,
P000854,Delayed,74.3,
P001338,Completed,50.6,
P001525,Completed,27.9,
P004480,Completed,41.8,
P000781,Completed,30.7,
P003155, Completed,47.1,
P000918,Completed,28.6,
P004423,Delayed,220.0,
P003585,Failed,,Invalid Account Details
P003260,Completed,40.4,
P000062,Completed,45.5,
P004381,Completed,6.4,
P004163,Completed,62.9,
P004077,Completed,61.3,
P002600,Delayed,156.9,
P004459,Completed,66.0,
P003343,Failed,,Regulatory Block
P001465,Completed,41.2,
P002766,Completed,41.8,
P004373,Completed,26.0,
P000241,Delayed,56.6,
P001363,Failed,,Compliance Hold
P002624,Completed,7.9,
P000398,Completed,30.2,
P004361,Completed,,
P000970,Completed,36.8,
P001463,Completed,26.5,
P002302,Completed,70.3,
P003567,Delayed,173.9,
P003629,Completed,34.5,
P004135,Completed,69.0,
P003671,Completed,31.0,
P004090,Completed,14.0,
P003944,Delayed,200.9,
P004052,Completed,44.4,
P002160,Delayed,60.1,
P003970,Completed,14.3,
P001136,Completed,16.0,
P002369,Completed,68.9,
P000943,Completed,27.6,
P001603,Completed,29.3,
P003349,Failed,,Network Error
P003859,completed,3.3,
P000867,Completed,53.5,
P000813,Completed,4.0,
P004317,Completed,32.9,Regulatory Block
P000491,Completed,14.1,
P001969,Completed,24.1,
P000089,Completed,66.7,
P002688,Completed,12.0,
P000625,Completed,28.2,
P003727,Completed,20.5,
P003595,Completed,69.6,
P002758,Completed,24.0,
P003393,Completed,11.6,
P000757,Completed,32.5,
P001120,Failed,,Regulatory Block
P000110, Failed,,Regulatory Block
P003614,Completed,30.0,
P002415,Completed,27.2,
P000405,Delayed,215.0,
P001317,Failed,,Compliance Hold
P000993,Delayed,171.9,
P004329,Completed,10.3,
P000666,Completed,2.3,
P001539,Completed,33.9,
P000824,Completed,53.4,
P002680,Completed,37.7,
P000487,Completed,70.9,
P003399,Completed,41.2,
P000571,Completed,56.9,
P000853,Completed,31.0,
P002655,Completed,39.7,
P000939,Delayed,190.3,
P003574,Completed,58.2,
P002471,Completed,25.8,
P002422,Completed,18.3,
P002911,Delayed,60.0,
P002308,Completed,25.0,
P003456,Delayed,162.2,
P000200,Delayed,,
P000479,Completed,4.0,
P002882,Completed,19.1,
P000526,Completed,7.3,
P004292,Completed,34.8,
P002100,Completed,57.2,
P001771,Completed,52.3,
P001226,Completed,32.1,
P004265,Delayed,187.7,
P004439,Completed,31.7,
P003035,Completed,61.6,
P003332,Completed,52.2,
P004116,Completed,7.4,
P003622,Completed,5.7,
P002196,Completed,56.3,
P003732,Completed,36.9,
P002645,Completed,63.0,
P000581,Completed,34.8,
P001153,Delayed,159.7,
P001590,Completed,11.9,
P000702,Completed,66.8,
P004038,Completed,17.8,
P000332,Completed,8.1,
P003037,Delayed,167.3,
P001222,Delayed,67.9,
P000823,Failed,,Regulatory Block
P001788,Completed,48.3,
P000249,Failed,,Network Error
P001254,Completed,41.7,
P002144,Completed,60.7,
P004308,Completed,68.5,
P002253,Completed,18.9,
P003556,Completed,50.2,
P002491,Completed,12.0,
P002549,Completed,43.4,
P002185,Failed,,Network Error
P002522,Completed,,
P004411,Delayed,137.7,
P003643,Completed,22.0,
P003329,Completed,41.0,
P001068,Completed,33.4,
P000567,Failed,,Regulatory Block
P004450,Completed,70.8,
P002815,Delayed,239.8,
P002661,Completed,69.3,
P001611,Failed,,Insufficient Funds
P001263,Completed,44.2,
P001644,Completed,39.8,
P000836,Completed,34.1,Compliance Hold
P004248,Completed,57.8,
P002162,Completed,41.6,
P003348,Completed,44.4,
P001475,Completed,13.0,
P003673,Completed,12.1,
P002509,Completed,13.3,
P004282,Completed,48.1,
P003286,Completed,54.0,
P003627,Completed,35.8,
P001681,Completed,14.9,
P004109,Completed,26.3,
P003241,Completed,7.0,
P002870,Completed,27.6,
P001895,Completed,58.0,
P003231,Delayed,158.1,
P003423,Completed,3.2,
P004068,Completed,12.5,
P003755,Completed,63.8,
P001787,Completed,66.2,
P002823,Completed,67.1,
P003636,Failed,,Regulatory Block
P002125,Delayed,123.0,
P004045,Completed,64.8,
P002793,Completed,29.1,
P002083,Completed,1.0,
P000141,Completed,59.7,
P001873,Completed,27.5,
P000050,Completed,19.3,
P003092,Failed,,Compliance Hold
P000560,Completed,43.8,
P003842,Completed,6.3,
P001531,Completed,52.4,
P001322,Completed,56.6,
P001453,Completed,2.6,
P003224,Completed,70.4,
P002597,Delayed,188.1,
P000857,Completed,15.6,
P004033,Delayed,190.6,
P000101,Completed,50.8,
P002337,Delayed,154.6,
P000688,Completed,39.1,
P004020,Completed,55.5,
P004362,Completed,65.7,
P002757,Completed,13.9,
P002511,Completed,30.3,
P003735,Completed,61.5,
P002857,Completed,35.2,
P002350, Completed,50.0,
P003114,Failed,,Invalid Account Details
P000780,Completed,31.9,
P000100,Completed,35.7,
P001076,Completed,34.1,
P004172, Completed,29.0,
P000893,Completed,60.6,
P001328,Completed,40.3,
P004400,Delayed,187.0,
P004452,Delayed,86.9,
P002469,Completed,5.1,
P003601,Completed,16.7,
P002448,Completed,69.9,
P001111,Completed,70.9,
P002193,Delayed,56.6,
P003045,Completed,43.0,
P003205,Completed,53.1,
P003314,Completed,13.1,
P000369,Delayed,70.0,
P002209, Completed,25.2,
P004467,Completed,8.6,
P002190,Completed,34.5,
P004221,Completed,27.2,
P002173,Delayed,94.7,
P003637, Completed,38.7,
P000413,completed,32.6,
P002009,Failed,,Regulatory Block
P000353,Completed,31.1,
P002961,Completed,63.7,
P000357,Completed,29.4,
P000210,Completed,63.3,
P002565,Delayed,78.1,
P000134,Completed,31.2,
P004224,completed,24.0,
P004428,Delayed,58.2,
P004100,Completed,51.8,
P001757,Completed,1.0,
P000649,Completed,44.6,
P001319,Completed,17.6,
P002905,Completed,49.4,
P003366,Delayed,100.0,
P000362,Completed,64.0,
P002026,Completed,68.3,
P002402,Completed,24.1,
P002480,Delayed,122.9,
P002595,Failed,,Network Error
P004318,Completed,5.3,
P001900,Completed,64.3,
P002097,Completed,15.8,
P000011,Completed,34.3,
P003375,Completed,23.2,
P002342,Delayed,144.2,
P001903,Completed,23.9,
P002304,Completed,6.4,
P003099,Completed,45.1,
P002094,Completed,24.8,
P000294,Completed,1.6,
P000699,Completed,2.2,
P000805,Completed,42.7,
P003790,Completed,69.2,
P001576,Delayed,115.0,
P000299,Completed,38.4,
P001283,Completed,60.1,
P001559,Completed,47.4,
P003851,Delayed,118.8,
P000423,Completed,26.7,
P001825,Completed,46.6,
P001947,Completed,36.7,
P001241,Completed,37.7,
P002082,Completed,1.3,
P001235,Completed,58.4,
P001089,Completed,65.1,
P001840,Completed,25.2,
P000633,Delayed,223.5,
P003416,Failed,,Network Error
P002750,Completed,25.6,
P003592,Delayed,204.5,
P002908,Delayed,220.7,
P003309,Completed,39.6,
P004092,Completed,34.5,
P000042,Completed,3.2,
P000929,Completed,43.8,
P000212,Completed,11.5,
P003362,Completed,69.9,
P003651,Completed,20.8,
P003750,Delayed,,
P001394,Completed,47.5,
P000826,Completed,44.1,
P001844,Failed,,Regulatory Block
P000457,Delayed,110.8,
P001271,Completed,69.4,
P003619,Completed,70.6,
P001689,Completed,18.9,
P001318,Completed,2.5,
P000264,Completed,61.8,
P001798,Delayed,121.8,
P001377,Delayed,125.1,
P002048,Completed,63.8,
P004018,Completed,23.1,
P003238,Completed,15.5,
P002993,Completed,43.1,
P001121,Completed,51.5,
P002623,Delayed,108.7,
P001346,Delayed,123.6,
P004138,Completed,52.9,
P002355,Completed,17.7,
P002326,Completed,,
P002484,Completed,5.0,
P001132,Delayed,69.8,
P002934,Delayed,62.1,
P002374,Completed,28.1,
P001976,Completed,14.9,
P004376, Failed,,Insufficient Funds
P000195,Completed,,
P000435,Completed,68.9,
P001983,Completed,54.7,
P004412,Delayed,186.9,
P002990,Completed,60.5,
P003822,Completed,46.5,
P001112,Completed,65.7,
P002760,Completed,68.5,
P001998,Completed,63.4,
P003417,Delayed,181.4,
P002441,Failed,,Network Error
P001628,Delayed,201.8,
P002694,Delayed,150.5,
P001857,Failed,,Invalid Account Details
P002135,Completed,66.5,
P000999,Completed,28.3,
P003785,Completed,66.4,
P003520,Completed,21.1,
P002183,Completed,50.0,
P004273,Completed,34.5,
P002506,Completed,18.8,
P002712,Completed,8.5,
P001810,Completed,10.7,
P003147,Completed,21.9,
P001665,Delayed,126.2,
P003855,Completed,41.0,
P003335,Completed,43.3,
P003714,Completed,67.0,
P002028,Completed,9.2,
P000985,Completed,55.9,Compliance Hold
P002299,Completed,56.3,
P002947,Delayed,183.5,
P004125,Delayed,104.1,
P000122,Completed,67.7,
P001008,Completed,46.6,
P004243,Completed,39.3,
P002779,Completed,25.7,
P001502,Delayed,204.5,
P003999,Delayed,119.0,
P003570,Completed,20.0,
P001883,Completed,41.8,
P003453,Completed,59.2,
P000815,Completed,30.4,
P001339,Completed,38.3,
P003311,Completed,16.7,
P001923,Completed,7.0,
P004293,Completed,20.2,
P000553,Completed,20.6,
P003581,Completed,69.6,
P000689,Completed,32.2,
P003741,Failed,,Regulatory Block
P003863,Completed,35.4,
P004406,Completed,44.2,
P000096,Completed,9.5,
P001779,Completed,26.8,
P004458,Completed,63.6,
P002573,Completed,61.1,
P003345,Completed,36.9,Compliance Hold
P001527,Completed,14.2,
P001242,Completed,15.0,
P003594,Completed,35.1,
P000318,Delayed,201.6,
P000033,Completed,5.9,
P000044,Completed,59.0,
P003850,Completed,54.7,
P002873,Completed,53.2,
P003481,Completed,26.7,
P001817,Completed,27.3,
P002380,Completed,16.0,
P003912,Completed,41.4,
P004194,Delayed,57.4,
P001734,Completed,38.7,
P003156,Completed,18.3,
P001853,Completed,10.4,
P001627,Completed,43.2,
P001602,Completed,67.9,
P003831,Completed,14.0,
P000439,Delayed,216.4,
P001020,Failed,,Compliance Hold
P001212,Completed,1.4,
P002150,Completed,26.7,
P003460,Completed,41.2,
P000519,Failed,,Regulatory Block
P001014,Completed,32.6,
P001871,Completed,44.2,
P004102,Completed,1.7,
P002965,Completed,52.4,
P000619,Completed,14.5,
P000603,Completed,3.6,
P001450,Completed,57.6,
P003556,Completed,50.2,
P000245,Failed,,Invalid Account Details
P001438,Completed,41.1,
P000672,Delayed,219.1,
P002946,Completed,69.8,
P001999,Completed,12.0,
P001586,Completed,20.0,
P003229,Completed,52.0,
P003509,Delayed,192.6,
P000928,Failed,,Invalid Account Details
P001806,Delayed,104.2,
P001175,Completed,40.2,
P001023,Failed,,Compliance Hold
P004098,Delayed,130.4,
P004155,Failed,,Insufficient Funds
P001245,Completed,66.6,
P001249,Delayed,201.6,
P001420,Completed,23.6,
P001765,Completed,,
P003042,Completed,36.8,
P003420,Completed,62.2,
P000754,Completed,36.6,
P004177,Completed,2.3,
P001833,Completed,28.8,
P001078,Completed,14.2,
P004432,Completed,45.7,
P001747,Completed,31.7,
P003327,Completed,71.2,
P000433,Completed,34.5,
P001728,Completed,9.4,
P002599,Completed,25.3,
P001074,Completed,48.5,
P000304,Completed,4.7,
P000927,Delayed,127.0,
P003180,Completed,23.5,
P002763,Completed,31.0,
P001439,Failed,,Insufficient Funds
P004389,Completed,30.7,
P001699,Completed,35.8,
P001415,Completed,14.9,
P000197,Completed,47.4,
P003606,Completed,34.8,
P001700,Completed,27.9,
P002251,Completed,22.5,
P003967,Completed,44.2,
P003259,Failed,,Invalid Account Details
P000408,Completed,6.1,
P001690,Completed,29.1,
P003734,Completed,13.3,
P002703,Completed,38.2,
P003119,Completed,67.7,
P002221,Completed,64.1,
P003952,Completed,70.0,
P004085,Completed,16.5,
P002855,Failed,,Compliance Hold
P000450,Completed,35.6,
P004151,completed,38.4,
P001138,Completed,49.3,
P002895,Completed,16.5,
P002170,Completed,6.0,
P003187,Completed,64.1,
P000605,Delayed,194.9,
P002765,Completed,35.3,
P003968,Completed,64.9,
P001233,Completed,14.4,
P004363,Completed,59.6,
P003545,Completed,13.1,
P003612,Completed,63.4,
P002598,Delayed,93.6,
P002064,Completed,-38.3,
P003806,Completed,33.6,
P001299,Completed,17.2,
P004159,Completed,45.4,
P003888,Completed,25.7,
P004461,Failed,,Network Error
P004165,Completed,28.3,
P002894,Completed,65.5,
P002909,Completed,37.9,
P003766,Completed,68.3,
P001262,Completed,1.0,
P003587,Completed,15.5,
P003840,Completed,2.3,
P001282,Delayed,114.9,
P003198,Completed,44.3,
P000981,Completed,,
P004335,Delayed,127.4,
P004476,Delayed,118.7,
P001397,Completed,34.1,
P001879,Completed,14.7,
P003398,Completed,57.1,
P002323,Delayed,147.3,
P000500,Delayed,75.0,
P003921,Completed,49.5,
P001285,Failed,,Compliance Hold
P003804,Delayed,159.6,
P003505,Completed,44.3,
P001482,Completed,64.8,
P001037,Completed,50.1,
P003337,Completed,46.2,
P003800,Completed,56.7,
P003703,Completed,11.3,
P003079,Completed,3.9,
P000425,Completed,,
P001133,Delayed,183.3,
P002972,Completed,1.9,
P003085, Completed,59.4,
P002122,Completed,28.1,Regulatory Block
P000642,Delayed,107.0,
P001513,Completed,58.5,
P001563,Completed,22.3,
P003833,Completed,60.5,
P003874,Completed,33.4,
P002580,Completed,54.5,
P002438,Completed,51.2,
P002907,Completed,31.3,
P000563,Delayed,126.5,
P000585,Completed,16.4,Insufficient Funds
P001090,Completed,1.6,
P000632,Completed,41.7,
P003955,Delayed,217.0,
P000002,Completed,22.9,
P003479,Completed,61.8,
P000179,Completed,56.2,
P001004,Completed,39.0,
P003430,Failed,,Regulatory Block
P000631,Completed,39.4,
P001632,Completed,56.7,
P004001,Completed,21.9,
P001668,Completed,41.1,
P004231,Completed,26.5,
P003990,Completed,2.6,
P001371,Completed,6.9,
P002237,Completed,64.5,
P001606,Delayed,69.3,
P000372,Completed,69.8,
P003341,Completed,17.6,
P000896,Delayed,194.1,
P000873,Completed,53.3,
P003899,Completed,65.9,
P003123,Completed,6.9,
P003491,Completed,26.6,
P001755,Completed,8.1,
P001655,Completed,63.2,
P000383,Completed,16.3,
P000300,Failed,,Insufficient Funds
P002468,Delayed,236.7,
P000131,Completed,-7.9,
P003105,Completed,33.2,
P000842,Completed,68.2,
P002146,Completed,26.1,
P001710,Delayed,86.0,
P002307,Completed,49.9,Regulatory Block
P003133,Failed,,Regulatory Block
P003181,Delayed,150.9,
P003324,Completed,16.8,
P000855,Completed,12.4,
P002755,Completed,41.7,
P003582,Completed,52.6,
P002544,Delayed,148.1,
P004313,Completed,39.8,
P000040,Completed,26.0,
P004341,Completed,42.5,
P001651,Completed,52.9,
P000524,Delayed,77.9,
P001960,Completed,20.7,
P000068,Completed,35.7,
P002393,Completed,3.5,
P003706,Completed,50.7,
P004164,completed,37.7,
P000578,Completed,39.5,
P001413,Completed,61.0,
P001691,Completed,70.8,
P000032, Completed,51.6,
P000595,Completed,40.3,
P000034,Completed,36.2,
P003536,Completed,3.1,
P002080,Completed,53.9,
P003283,Completed,22.3,
P000263,Completed,47.8,
P001989,Completed,41.9,
P001107,Completed,34.2,
P000017,Completed,12.1,
P003075,Completed,48.2,
P001880,Completed,5.9,
P000717,Completed,2.2,
P003925,Completed,20.9,
P004083,Completed,9.1,
P002572,Completed,30.0,
P002843,Completed,6.7,
P001264,Completed,26.7,
P001929,Completed,57.8,
P004328,Completed,51.3,
P002685,Completed,7.5,
P003174,Completed,34.5,
P002847,Delayed,158.7,
P000551,Delayed,147.1,
P001311,Delayed,182.2,
P001093,Completed,,
P002728,Delayed,118.0,
P003511,Completed,39.9,
P001679,Completed,58.5,
P002011,Delayed,54.0,
P004274,Completed,51.9,
P001406,Completed,26.9,
P001796,Completed,59.6,
P000381,Completed,42.5,
P000182,Failed,,Regulatory Block
P004418,Completed,54.2,
P001582,Completed,38.4,
P003168,Failed,,Compliance Hold
P002514,Completed,70.1,
P000207,Completed,52.1,
P004309,Completed,34.0,
P004449,Completed,32.2,
P001509,Delayed,154.1,
P002713,Completed,70.7,
P003853,Completed,27.2,
P000814,Completed,49.0,
P003645,Completed,70.3,
P001980,Completed,15.5,
P003961,Completed,21.5,
P002825,Completed,,
P002113,Failed,,Compliance Hold
P002818,Delayed,129.3,
P002277,Completed,65.6,
P002807,Completed,17.3,
P000432,Delayed,143.0,
P002128,Failed,,Compliance Hold
P000410,Completed,28.7,
P003223,Completed,11.0,
P003504,Completed,40.8,
P003752,Delayed,154.5,
P000885,Completed,10.0,
P000729,Delayed,225.8,
P000121,Completed,70.3,
P003350,Delayed,199.0,
P001479,Completed,21.9,
P002852,Completed,66.4,
P004140,Completed,17.9,
P000797,Completed,54.2,
P000787,Completed,17.4,
P003030,Completed,48.3,
P002034,Completed,35.4,
P004324,Completed,67.3,
P004239,Completed,4.4,
P004025,Failed,,Regulatory Block
P004169,Completed,2.5,
P003976,Completed,39.4,
P003358,Completed,46.0,
P004148,Completed,14.4,
P001646,Completed,72.0,
P002851,Failed,,Regulatory Block
P003419,Completed,10.4,
P001911,Completed,32.5,
P002780,Completed,59.4,
P000947,Completed,55.6,
P002735,Completed,13.8,
P000687,Delayed,149.1,
P001048,Completed,,
P000897,Completed,35.5,
P002098,Completed,39.7,
P002589,Completed,16.9,
P002001,Completed,24.4,
P004167,Completed,28.0,
P004492,Completed,4.1,
P003447,Completed,23.2,
P000961,Completed,18.8,
P000203,Completed,29.1,
P003989,Completed,30.2,
P002879,Completed,42.0,
P003923,Completed,7.1,
P002977,Completed,15.7,
P003590,Completed,49.4,
P003438,Completed,55.7,
P001012,Completed,42.4,
P003397,Completed,8.0,
P003927,Completed,55.9,
P001846,Completed,15.2,
P000903,Completed,4.5,
P002056,Completed,34.2,
P004495,Completed,41.6,
P003412,Completed,11.2,
P004451,Completed,41.4,
P003525,Completed,36.9,
P002693,Failed,,Insufficient Funds
P000870,Completed,9.4,
P004493,Completed,23.8,
P002596,Completed,13.0,
P000151,Completed,59.9,
P001009,Failed,,Invalid Account Details
P004228,Delayed,95.2,
P003087,Completed,12.6,
P001426,Completed,50.1,
P001731,Completed,65.2,
P000752,Completed,19.1,
P000265,Completed,6.4,
P002849,Failed,,Network Error
P000215,Completed,42.3,
P000482,Completed,5.4,
P003534,Completed,1.3,
P001298,Completed,35.0,
P001197,Completed,39.0,
P000127,Completed,64.1,
P001541,Completed,1.5,
P003007,Completed,27.7,
P000765,Completed,20.8,
P000236,Completed,24.0,
P001864,Completed,11.0,Compliance Hold
P001721,Completed,54.9,
P000906,Failed,,Insufficient Funds
P002240,Completed,8.4,
P001968,failed,,Regulatory Block
P003854,Delayed,129.3,
P001729,Completed,17.5,
P002209, Completed,25.2,
P003275,Completed,57.4,
P003318,Completed,11.5,
P000222,Completed,27.4,
P001119,Delayed,205.3,
P004347,Delayed,207.5,
P004271,Completed,46.8,
P001353,Completed,17.2,
P004081,Completed,49.1,
P000319,Completed,44.3,
P000741,Failed,,Insufficient Funds
P004457,Completed,6.8,
P003184,Completed,10.7,
P003213,Completed,,
P002267,Completed,47.4,
P003161,Completed,26.2,
P004438,Completed,23.6,
P001181,Delayed,120.7,
P003200,Completed,21.7,
P002711,Completed,53.9,
P004275,Completed,63.2,
P003573,Completed,17.2,
P003658,Completed,29.8,
P001501,Completed,52.3,
P001545,Completed,39.0,
P002959,Delayed,200.0,
P001495,delayed,,
P002096,Completed,71.3,
P002439,Failed,,Invalid Account Details
P002527,Completed,64.9,
P002822,Completed,29.1,
P002734,Completed,4.7,
P001276,Completed,39.1,
P003681,Completed,5.6,
P002351,Completed,4.3,
P002012,Completed,27.3,
P004444,Delayed,176.8,
P003978,Completed,35.1,
P002605,Completed,6.8,
P003466,Delayed,194.0,
P002372,Completed,49.4,
P000045,Completed,67.2,
P003813,Completed,27.2,
P000718,Completed,35.1,
P002860,Completed,36.0,
P001055,Completed,48.6,
P004490,Failed,,
P003236,Completed,41.7,
P003610,Completed,54.5,
P000840,Delayed,132.0,
P003315,Delayed,,
P002247,Completed,41.2,
P002718,Completed,36.9,
P004478,Completed,17.0,
P002652,Completed,13.6,
P003128,Completed,12.6,
P001331,Completed,70.3,
P001400,Completed,59.6,
P003142,Completed,49.7,
P003757,Completed,46.7,
P001172,Completed,31.1,
P002327,Completed,11.2,
P002863,Completed,66.8,
P001943,Failed,,Regulatory Block
P001919,Completed,33.6,
P002594,Completed,35.2,
P001473,Completed,49.2,
P002435, Completed,17.7,
P002455,Completed,54.4,
P000738,Completed,29.9,
P000810,Delayed,71.7,
P003060,Completed,67.4,
P001389,Delayed,218.7,
P003178,Completed,27.8,
P000556,Completed,63.4,
P000516,Completed,40.5,
P001404,Completed,66.3,
P001800,Completed,60.4,
P002180,Completed,68.2,
P001827,Completed,71.8,
P003356,Completed,21.9,
P000942,Completed,71.3,
P001613,Completed,47.6,
P004375,Completed,38.8,
P004123,Completed,67.9,
P003951,Completed,30.6,
P001468,Completed,36.6,
P000713,Completed,37.5,
P001851,Completed,27.0,
P002767,Completed,35.9,Invalid Account Details
P003207,Delayed,105.2,
P003737,Completed,29.5,
P000239,Completed,68.1,
P003503,Delayed,217.6,
P000095,Completed,28.6,
P001036,Delayed,67.2,
P002168,Completed,6.4,
P002489,Completed,7.3,
P003317,Completed,41.7,
P000579,Completed,27.3,
P000442, Completed,25.7,
P002200,Completed,4.3,
P003206,Completed,21.3,
P001750,Delayed,56.5,
P000048,Delayed,160.6,
P004290,Completed,24.4,
P002739,Completed,29.6,
P000377,Completed,71.0,
P000851,Completed,12.4,
P003514,Completed,7.4,
P003170,Completed,21.0,
P004073,Completed,,
P000833,Completed,59.1,
P000192,Completed,12.0,
P001688,Completed,52.8,
P001051,Completed,4.1,
P003002,Completed,46.0,
P001615,Completed,51.3,
P003507,Completed,59.0,
P003775,Completed,51.7,
P003243,Delayed,227.1,
P003624,Delayed,196.7,
P001274,Delayed,224.7,
P000610,Completed,51.9,
P000271,Completed,63.1,
P003611,Completed,62.4,
P001751,Completed,42.8,
P001434, Completed,16.3,
P002329,Completed,6.9,
P000547,Delayed,114.5,
P001754,Completed,68.0,
P001487,Completed,4.9,
P002311,Completed,36.3,
P001623,Completed,54.0,
P001812,Completed,45.9,
P001620,Failed,,Compliance Hold
P004267,Delayed,194.0,
P000035,Completed,34.6,
P004431,Completed,24.2,
P002838,Completed,56.6,
P002878,Completed,38.8,
P004234,Completed,57.6,
P001902,Completed,67.3,
P000588,Completed,60.8,
P002516,Completed,68.5,
P002029,Delayed,112.3,
P001893,Completed,33.1,
P001696,Failed,,Compliance Hold
P001046,Delayed,91.3,
P003893,Completed,60.3,
P003616,Completed,28.0,
P002756,Completed,24.8,
P002447,Completed,46.9,
P003744,Completed,39.4,
P002983,Delayed,160.8,
P001585,Completed,16.2,
P004284,Delayed,206.1,
P002919,Completed,,
P000284,Completed,42.6,
P000198,Completed,11.4,
P000430,Completed,29.0,
P000952,Delayed,159.4,
P003214,Completed,48.0,
P002016,Completed,32.0,
P001279,Completed,64.2,
P000737,Delayed,83.8,
P003016,Completed,49.8,
P001588,Completed,37.6,
P000959,Failed,,Compliance Hold
P001697,Completed,22.4,
P001698,Completed,8.8,
P002817,Completed,44.6,
P001636,Completed,40.2,
P001474,Completed,39.9,
P002503,Completed,48.7,
P000522,Completed,29.2,
P002737,Delayed,171.1,Insufficient Funds
P003568,Completed,12.0,
P002560,Delayed,179.1,
P004301,Completed,60.9,
P003898,Delayed,63.6,
P000009,Completed,51.1,
P001055,Completed,48.6,
P000452,Completed,11.7,
P004364,Completed,33.0,
P003838,Delayed,71.8,
P001449,Completed,5.3,
P003480,Completed,38.1,
P002744,Completed,,
P000426,Completed,67.3,
P002953,delayed,80.2,
P003633,Completed,17.3,
P001286,Completed,50.5,
P004139,Completed,42.1,
P002837,Completed,13.4,
P002433,Completed,55.9,
P003908,Completed,38.6,
P004227,Delayed,232.6,
P002346,Completed,39.5,
P004193,Completed,12.8,
P004220,Completed,5.8,
P001421,Completed,23.0,
P002403,Completed,17.8,
P002805,Completed,62.7,
P001104,Completed,20.4,
P001409,delayed,149.7,
P003940,Completed,26.5,
P001281,Completed,71.8,
P002636,Completed,27.2,
P000005,Completed,5.3,
P003347,Completed,71.8,
P001347,Completed,20.4,
P000716,Delayed,98.9,
P001331,Completed,70.3,
P002017,Completed,20.4,
P003372,Delayed,48.8,
P001067,Failed,,Invalid Account Details
P000015,completed,21.5,
P002722,Completed,59.1,
P002270,Completed,71.8,
P001417,Completed,18.8,
P000388,Completed,28.7,
P002086,Failed,,
P002063,Completed,46.7,
P000576,Completed,39.8,
P003818,Completed,47.3,
P001484,Completed,53.6,
P003652,Delayed,225.3,
P001735,Delayed,64.0,
P002052,Completed,37.3,
P000548,Completed,27.2,
P000924,Completed,56.1,
P004229,Completed,1.6,
P000626,Completed,15.5,
P000175,Completed,32.9,
P003557,Completed,57.3,
P004291,Delayed,59.9,
P000109,Failed,,Compliance Hold
P000123,Completed,20.3,
P003192,Completed,28.1,
P002174,Completed,71.3,
P001118,Completed,20.1,
P001442,Completed,62.4,
P003844,Failed,,Regulatory Block
P001147,Completed,36.0,
P000004,Delayed,108.5,
P000724,Completed,32.6,
P002286,Failed,,Regulatory Block
P004425,Completed,23.0,
P000160,Completed,31.0,
P001850,Delayed,88.4,
P001159,Completed,68.6,
P003823,Completed,20.3,
P003387,Completed,1.1,
P003437,Completed,55.0,
P001674,Completed,31.5,
P001418,Completed,53.1,
P001621,Delayed,209.9,
P002238,Completed,69.5,
P003015,Failed,,Regulatory Block
P002699,Completed,54.0,
P004468,Completed,3.7,
P000594,Completed,11.4,
P004204,Delayed,137.5,
P004188,Delayed,228.7,
P001881,Completed,62.6,
P000673,Completed,43.2,
P000678,Completed,9.1,
P002391,Completed,71.5,
P001001, Failed,,
P002591,Failed,,Network Error
P003377,Completed,60.1,
P003025,Completed,27.9,
P001388,Completed,15.2,
P002877,Completed,57.0,
P003936,Completed,56.0,
P000021,Completed,13.0,
P003597,Failed,,Insufficient Funds
P002108,Completed,,
P000760,Completed,2.2,
P000470,Completed,22.9,
P001030,Delayed,132.2,
P000420,Delayed,54.3,
P004186,Completed,63.6,
P002696,Completed,45.5,
P003384,Completed,30.1,
P001584,Delayed,201.2,
P003586,Completed,16.4,
P001612,Completed,3.3,
P002682,Completed,4.9,
P001390,Completed,23.9,
P000889,Completed,25.0,Network Error
P004443,Completed,56.4,
P001330,Completed,13.0,
P002179,Delayed,171.9,
P004022,Delayed,204.7,
P003019,Completed,21.2,
P003197,Completed,57.6,
P002987,Completed,43.0,
P002181,Completed,21.0,
P002546,Completed,20.1,
P004212,Completed,22.8,
P001158,Delayed,106.6,
P000140,Completed,35.1,
P002960,Failed,,Regulatory Block
P000295,Completed,60.2,
P001562,Delayed,127.8,
P000307,Completed,,
P002667,Completed,30.1,
P001702,Completed,59.0,
P000528,Completed,55.5,
P002745,Completed,43.7,
P004338,Completed,64.3,
P002845,Completed,4.9,
P000835,Completed,42.1,
P000336,Failed,,Network Error
P002283,Completed,23.2,
P003583,Completed,71.5,
P002499,Completed,37.7,
P002487,Delayed,127.4,
P004296,Delayed,180.7,
P001793,Completed,7.8,
P002156,Completed,49.9,
P000012,Completed,37.3,
P003264,Completed,17.8,
P003385,Failed,,Compliance Hold
P000931,Completed,36.0,
P002310,Completed,8.2,
P001887,Completed,40.8,
P002306,Delayed,103.6,
P000077,completed,34.2,
P001151,Completed,4.4,
P000188,Completed,58.8,
P000712,Completed,34.5,
P004115,Completed,33.9,
P000183,Completed,1.9,
P000465,Completed,26.1,
P004427,Completed,22.6,
P001904,Delayed,118.2,
P001749,Completed,30.7,
P002412,Delayed,161.5,
P003195,Completed,66.9,
P001256,Completed,46.2,
P004351,Completed,62.7,
P002220,Completed,38.5,
P001087,Completed,55.3,
P003379,Completed,46.6,
P000261,Completed,68.6,
P002124,Completed,42.5,
P001489,Completed,44.6,
P003222,Completed,8.5,
P002705,Completed,71.8,
P001250,Completed,46.6,
P003062,Completed,21.3,
P001246,Completed,56.6,
P002401,Completed,19.4,
P001206,Failed,,Insufficient Funds
P000587,Completed,70.9,
P000808,completed,41.9,
P001906,Completed,42.8,
P001958,Completed,61.7,
P002285,Failed,,Compliance Hold
P003580,Completed,57.4,
P002674,Completed,33.0,
P000024,Completed,63.5,
P002776,Completed,37.5,
P003979,Delayed,163.0,
P003415,Failed,,Network Error
P002555,Completed,22.3,
P001932,Delayed,113.6,
P002204,Completed,25.0,
P003208,Completed,34.3,
P001355,Completed,45.2,
P002427,Completed,18.2,
P000953,Completed,17.9,
P000493,Completed,38.8,
P000880,Completed,19.9,
P001577,Delayed,202.5,
P001380,Completed,45.3,
P000441,Delayed,143.2,
P002169,Completed,56.3,
P004154,Completed,26.1,
P000389,Completed,38.2,
P000104,Completed,37.8,
P004398,Completed,31.1,
P003787,Completed,26.2,
P000281,Completed,22.6,
P002842,Completed,48.4,
P004223,Completed,54.6,
P002229,Completed,15.6,
P002109,Completed,50.9,
P001044,Completed,67.2,
P003994,Completed,26.2,
P002199,Completed,57.7,
P003828,Completed,12.3,
P002806,Completed,46.7,
P002089,Completed,34.6,
P002566,Completed,50.2,
P003408,Completed,34.2,
P003564,Delayed,70.0,
P000860,Completed,33.1,
P001941,Completed,1.7,
P001715,Completed,42.7,
P000341,Completed,64.7,
P001131,Delayed,228.2,
P003995,Completed,4.3,
P001801,Delayed,175.7,
P003965,Completed,24.2,
P003053,Completed,38.1,
P000728,Completed,7.2,
P000972,Completed,5.8,
P001184,Completed,15.4,
P002958,Completed,59.8,
P002333,Completed,3.7,
P002848,Completed,53.5,
P003736,Completed,10.9,
P004048,Completed,52.4,
P002272,Completed,41.9,
P002381,Completed,38.8,
P002257,Completed,44.2,
P003841,Completed,28.8,
P001343,Completed,34.3,
P002884,Delayed,170.6,
P000682,Completed,8.5,
P000397,Completed,2.0,
P003884,Completed,69.0,
P001352,Completed,41.1,
P001641,Completed,26.0,
P004395,Completed,18.6,
P003122,Completed,69.0,
P003864,Completed,34.2,
P001901,Completed,41.9,
P003938,Completed,21.4,
P003655,Completed,3.4,
P000052,Completed,23.4,
P001928,Completed,6.5,
P002027,Failed,,Compliance Hold
P004203,Completed,47.6,
P000629,Failed,,Network Error
P002944,Completed,4.0,
P003780,Completed,39.8,
P002274,Completed,41.0,
P003856,Completed,68.5,
P003762,Completed,64.6,
P000046,Completed,63.2,
P000187,Completed,54.7,
P001176,completed,70.5,
P002389,Failed,,Insufficient Funds
P003852,Completed,51.8,
P001975,Failed,,
P003089,Failed,,Network Error
P003239,Completed,3.2,
P001310,Completed,71.5,
P002407,Completed,30.5,
P003603,Completed,25.9,
P001466,Completed,17.9,
P000577,Completed,16.5,
P000421,Completed,34.3,
P003469,Delayed,122.3,
P004416,Delayed,144.9,
P004344,Delayed,176.2,
P002646,Completed,39.8,
P001155,Completed,13.0,
P002099,Completed,71.1,
P001955,Completed,67.3,
P001230,Completed,34.6,
P003428,delayed,74.2,
P001126,Completed,30.7,
P004205,Completed,69.5,
P002123,Completed,58.5,
P002559,Delayed,183.2,
P000510,Completed,13.8,
P004233,Delayed,151.5,
P003766,Completed,68.3,
P001433,Completed,49.7,
P000726,Completed,53.5,
P001445,Completed,70.5,
P002673,Completed,2.9,
P000322,Completed,45.6,
P000129,Completed,31.8,
P002889,Completed,60.1,
P001993,Delayed,226.2,
P002479,Delayed,51.2,
P003782,Completed,8.7,
P003227,Completed,38.1,
P000637,Completed,20.1,
P003579,Completed,14.6,
P003692,Completed,71.0,
P002787,Completed,68.2,
P001867,Delayed,93.1,
P000013,Completed,46.2,
P001115,Completed,8.8,
P004127,Completed,57.2,
P002872,Completed,55.1,
P000914,Completed,51.8,
P003783,Completed,28.9,
P001775,Completed,56.7,
P003729, Completed,6.4,
P000677,Completed,31.3,
P003596,Completed,18.2,
P001141,Completed,43.6,
P000270,Completed,56.4,
P000656,Delayed,147.9,
P001659,Completed,31.4,
P000282,Completed,3.5,
P001080,Completed,62.5,
P004488,Delayed,167.5,
P001713,Delayed,204.1,
P004120,Completed,29.9,
P000843,Completed,66.4,
P002356,Completed,4.7,
P002057,Delayed,208.3,
P003215,Completed,24.1,
P003065,Completed,32.9,
P002476,Completed,19.5,
P000105,Completed,38.0,
P003894,Completed,14.7,
P001386,Completed,52.1,
P003269,Completed,33.5,
P004377,Completed,3.5,
P004369,Completed,8.9,
P003391,Completed,26.0,
P004035,Completed,41.3,
P000680,Completed,33.5,
P001667,Completed,2.9,
P001663,Failed,,Network Error
P002334,Completed,52.1,
P000163,Completed,14.7,
P003378,Completed,70.2,
P000094,Completed,63.0,
P002039,Completed,57.2,
P002281,Failed,,Insufficient Funds
P000791,Completed,,
P002206,Completed,59.6,
P002897,Completed,60.8,
P001042,Delayed,75.0,
P001469,completed,14.8,
P002501,Completed,15.6,
P003217,Completed,32.6,
P004117, Completed,71.8,
P002971,Completed,42.5,
P003125,Completed,70.0,
P001059,Completed,18.4,
P001488,Completed,56.1,
P000681,Completed,40.1,
P000615,Completed,55.1,
P001772,Completed,28.9,
P001573,Delayed,106.9,
P004302,Completed,51.5,
P003410,Completed,60.1,
P002783,Delayed,210.3,
P002006,Completed,64.1,
P000775,Completed,37.9,
P001224,Completed,27.7,
P001703,Completed,39.6,
P003282,Completed,69.3,
P001375,Completed,33.0,
P000602,Completed,13.1,
P003204,Completed,51.2,
P002368,Completed,56.5,
P000402,Completed,60.3,
P001395,Completed,17.4,
P003628,Completed,8.8,
P000598,Completed,36.4,
P000296,completed,7.2,
P000074,Completed,55.3,
P004181,completed,16.0,
P003941,Completed,5.5,
P001019,Completed,56.1,
P000029,Completed,2.1,
P001183,Completed,65.8,
P002814,completed,23.1,
P001910,Completed,11.6,
P000399,Completed,6.2,
P002339,Delayed,227.0,
P002215,Completed,49.2,
P000574,Completed,44.7,
P003352,Completed,60.0,
P001428,Completed,11.8,
P001287,Completed,50.1,
P004295,Delayed,231.8,
P003295,Completed,54.5,
P004200,Completed,10.2,
P001897,Completed,65.0,
P003529,Completed,44.2,
P003000,Completed,59.5,
P002076,Completed,-67.6,
P004367,Completed,18.0,
P001251,Completed,48.5,
P003066,Completed,26.3,
P003527,Delayed,,
P000622,Completed,14.7,
P001162,Completed,21.6,
P003103,Completed,3.9,
P000542,Completed,28.1,
P000031,Completed,7.6,
P003383,Completed,16.1,
P000411,Failed,,Insufficient Funds
P001410,Completed,49.6,
P001370,Completed,10.7,
P002379,Delayed,81.0,
P003183,Completed,50.9,
P000559,Completed,50.3,
P004240,Delayed,171.1,
P003945,Delayed,171.2,
P002216,Completed,17.8,
P001693,Failed,,Compliance Hold
P002622,Delayed,123.9,
P002008,Completed,2.8,
P001027,Completed,10.9,
P000575,Completed,-59.4,
P003961,Completed,21.5,
P002608,Delayed,129.5,
P001164,Failed,,
P000230,Delayed,106.9,
P003829,Delayed,198.2,
P000453,Completed,44.4,
P004252,Completed,52.4,
P000016,Completed,11.0,
P000905,Failed,,Invalid Account Details
P002132,Completed,26.6,
P001676,Completed,21.5,
P002305,Completed,67.5,
P003046,Completed,39.3,
P001379,Completed,14.3,
P003212,Completed,61.6,
P004356,Completed,28.0,
P000449,Completed,5.3,
P003589,Completed,1.5,
P003482,Failed,,Compliance Hold
P003668,Completed,10.9,
P000492,Completed,67.8,
P002290,Completed,4.3,
P000181,Completed,55.5,
P003120,Completed,6.6,
P000445,Completed,59.7,
P000763,Completed,1.1,
P002982,Completed,6.6,
P001574,Completed,8.2,
P002107,Completed,58.4,
P000290,Completed,46.8,
P002338,Completed,8.7,
P004484,Completed,54.8,
P000494,Completed,61.5,
P001940,Completed,12.9,
P001270,Completed,26.3,
P004340,Delayed,239.6,
P001922,Completed,36.1,
P000956,Completed,,
P003535,Completed,,
P000086,Completed,46.6,
P002558,Failed,,Compliance Hold
P001896,Completed,41.2,
P001951,Completed,15.5,
P000668,Completed,64.1,
P002070,Completed,38.8,
P000550,Completed,34.0,
P003005,Completed,48.0,
P001848,Completed,58.6,
P003265,Completed,11.2,
P002864,Completed,19.6,
P003876,Completed,2.2,
P001056,Delayed,138.2,
P002226,Completed,67.0,
P002046,Completed,28.1,
P001938,Completed,33.6,
P003331,Completed,57.9,
P002244,Completed,64.0,
P000255,Completed,31.4,
P003738,Completed,6.3,
P001933,Delayed,110.5,
P004250,Failed,,
P001956,Completed,3.7,
P000328,Completed,15.0,
P001899,Delayed,228.8,
P001458,Completed,33.5,
P003027,Completed,58.7,
P001002,Completed,62.7,
P001684,Failed,,Network Error
P003135,Completed,65.7,
P003185,Completed,58.7,
P001756,Completed,61.7,
P001949,Completed,13.8,
P000305,Completed,3.7,
P004208,Completed,27.4,
P002103,Completed,35.8,
P000566,Completed,38.8,
P001098,Completed,41.4,
P003041,Delayed,96.8,
P001505,Completed,25.4,
P003657,Completed,35.2,
P002504,Completed,25.5,
P000401,Delayed,55.7,
P004241,Completed,5.6,
P003411,Completed,54.3,
P002126,Completed,8.8,
P002969,Completed,65.3,
P003172,Delayed,233.7,
P002235,Completed,33.1,
P001917,Completed,21.7,
P003918,Completed,9.2,
P002670,Completed,28.2,
P002936,Delayed,142.9,
P000973,Completed,13.2,
P002747,failed,,Network Error
P004303,Completed,37.1,
P000509,Completed,70.8,
P002421,Completed,3.6,
P001944,Completed,6.2,
P000409,Completed,51.8,
P002182,Completed,,
P002749,Delayed,148.5,
P004409,Completed,49.8,
P001134,Delayed,211.4,
P003820,Completed,40.7,
P004027,Completed,14.1,
P002044,Completed,39.7,
P003969,Completed,22.8,
P001723,Completed,57.0,
P001306,Completed,43.9,
P004281,Failed,,Insufficient Funds
P002425,Completed,31.5,
P003739,Completed,39.7,
P003926,Completed,37.0,
P001182,Completed,59.1,
P002457,Completed,25.5,
P003605,Completed,45.2,
P003462,Completed,2.6,
P001618, Completed,21.7,
P003276,Completed,19.2,
P003421,Completed,44.6,
P001965,Completed,3.9,
P002194,Completed,39.5,
P000478,Completed,47.8,
P001745,Completed,3.0,
P001597,Completed,41.9,
P002782,Completed,21.6,
P000176,Completed,,
P001213,Completed,4.4,
P000762,Completed,24.8,
P001451,Completed,3.5,
P002497,Completed,43.6,
P001455,Completed,12.2,
P000106,Completed,39.3,
P000555,Completed,9.5,
P001508,Completed,14.5,
P002898,Delayed,69.3,
P001154,Completed,56.8,
P000149,Completed,59.8,
P002145,Completed,55.1,
P004160,Completed,11.5,
P001988,Completed,19.7,
P001232,Completed,12.1,
P003483,Failed,,Regulatory Block
P001860,Completed,33.1,
P000533,Delayed,184.1,
P002121,Delayed,153.2,
P001360,Completed,28.1,
P002641,Completed,63.5,
P000313,Completed,44.5,
P004053,Completed,23.6,
P000847,Completed,57.1,
P002377,Completed,45.7,
P002062,Completed,64.4,
P000747,Completed,40.6,
P002973,Completed,24.6,
P001995,Completed,31.1,
P002212,Failed,,Regulatory Block
P002015,Completed,63.3,
P000424,Completed,67.2,
P003699,Completed,2.6,
P003666,Completed,17.3,
P000171,Delayed,170.2,
P003861,completed,68.4,
P004034,Completed,-6.5,
P004430,Completed,52.2,
P004218,Completed,55.0,
P001804,completed,2.1,
P003502,Completed,18.3,
P001467,Completed,71.2,
P000962,Completed,36.5,
P000088,Completed,62.4,
P003920,Completed,41.4,
P003635,Completed,66.3,
P002890,Completed,39.2,
P003849,Completed,26.7,
P003919,Completed,41.5,
P002632,Completed,44.5,
P003902,Completed,70.1,
P004039,Completed,21.2,
P003726,Failed,,Insufficient Funds
P000745,Completed,11.0,
P004087,Delayed,116.8,
P003057,Completed,48.0,
P000146,Completed,11.8,
P003308,Completed,21.6,
P002798,Completed,1.4,
P000940,Delayed,97.7,
P002288,Completed,46.8,
P001072,Completed,22.5,Compliance Hold
P003887,Completed,52.1,
P001393,Completed,67.9,
P000126,Completed,58.2,
P002105,Completed,8.8,
P004185,Completed,20.1,
P004105,Completed,71.3,
P001412,Completed,11.9,
P000226,Completed,10.8,
P002871,Completed,45.1,
P002736,Completed,45.5,
P001075,Completed,2.9,
P000496,Completed,25.3,
P003458,Completed,31.3,
P000568,Completed,55.6,
P000876,Completed,65.4,
P002677,Delayed,152.9,
P002020,Delayed,97.8,
P001640,Completed,20.2,
P000722,Completed,63.4,
P002564,Failed,,Network Error
P000283,Completed,67.4,
P002018,Completed,42.8,
P003883,Completed,8.4,
P003078,Completed,15.2,
P002042,Completed,48.4,
P004408,Completed,13.9,
P002575,Completed,2.5,
P000977,Completed,61.3,
P000326,Completed,69.8,
P003361,Completed,64.8,
P001273,Completed,61.2,
P000092,Completed,69.1,
P000370,Completed,53.6,
P002292,Completed,,
P004334,Completed,31.2,
P004402,Completed,62.9,
P003848,Failed,,Regulatory Block
P002259,Delayed,128.9,
P003802,Completed,66.8,
P001821,Completed,70.6,
P003742,Completed,67.8,
P003500,Completed,32.7,
P003307,Completed,6.9,
P001050,Completed,38.1,
P000744,Completed,67.8,
P003109,Delayed,146.9,
P000774,Delayed,134.8,
P002493,Failed,,Regulatory Block
P000552,Completed,24.6,
P003333,Completed,50.7,
P001792,Completed,5.3,
P002891,Completed,37.7,
P003257,Completed,61.4,
P000817,Failed,,Compliance Hold
P002631,Completed,51.7,
P003124,Completed,46.7,
P001326,Failed,,Network Error
P003459,Completed,24.8,
P003106,Completed,18.5,
P004242,Completed,53.1,
P003674,Completed,39.4,
P003011,Completed,50.6,
P000047,Delayed,109.3,
P002255,Completed,39.5,
P002102,Completed,69.7,
P001631,Failed,,Network Error
P001110,Completed,19.9,
P001642,Delayed,215.4,
P000732,Completed,45.7,
P002775,Completed,29.1,
P004279,Completed,42.1,
P000001,Completed,51.0,
P003098,Completed,57.5,
P001204,Completed,7.9,
P001551,Failed,,Insufficient Funds
P003558,Completed,19.2,
P001622,Failed,,Network Error
P002763,Completed,31.0,
P003715,Completed,1.6,
P004012,Completed,12.6,
P000023,Completed,60.1,
P002405,Completed,36.7,
P000926,Delayed,111.8,
P002617,Completed,37.2,
P004202,Completed,56.9,
P003292,Completed,45.9,
P003256,Completed,54.1,
P002966,Completed,6.0,
P001476,Completed,59.0,Invalid Account Details
P001411,completed,45.2,
P003549,Failed,,Invalid Account Details
P001553,Completed,47.6,
P002058,Completed,13.6,
P001818,Completed,7.9,
P003803,Completed,71.3,
P003034,Completed,2.1,
P003055,Completed,59.9,
P003621,Completed,54.5,
P003933,Completed,12.1,
P000969,completed,41.1,
P001275,Completed,32.9,
P001776,Completed,66.5,
P001039,Failed,,Network Error
P000158,Completed,22.6,
P000310,Failed,,Network Error
P003402,Completed,30.7,
P002840,Completed,49.5,
P002445,Completed,54.0,
P002834,Completed,51.9,
P002303,Completed,71.7,
P003566,Completed,,
P000438,Completed,67.9,
P004481,Delayed,155.6,
P002543,Completed,51.7,
P001717,Completed,23.8,
P003656,Completed,6.8,
P002341,Completed,53.1,
P003571,Completed,28.9,
P004247,completed,32.2,
P002065,Completed,24.5,
P000350,Delayed,173.8,
P003709,Completed,22.4,
P003176,Completed,39.9,
P003962,Failed,,Compliance Hold
P000412,Completed,55.4,
P002278,Delayed,134.3,
P002585,Completed,60.5,
P000883,Completed,10.1,
P002321,Completed,26.5,
P002495,Completed,68.4,
P002382,Completed,13.5,
P002927,Completed,28.3,
P002316,Completed,51.9,
P003694,Delayed,197.5,
P002887,Completed,36.5,
P003928,Completed,51.1,
P001556,Completed,19.7,
P002191,Delayed,211.7,
P000469,Completed,47.4,
P003860,Completed,44.2,
P002500,Completed,63.0,
P001000,Completed,34.5,
P003328,Completed,68.6,
P003471,Completed,64.8,
P000419,Completed,38.2,
P002893,Completed,57.1,
P004173,Completed,31.4,
P002263,Delayed,132.4,
P003903,Completed,71.3,
P001079,Delayed,155.6,
P003050,Completed,19.0,
P000871,Completed,56.4,
P003679,Delayed,229.8,
P004191,Completed,27.1,
P002620,Completed,3.2,Network Error
P003380,Delayed,136.6,
P000258,Completed,24.3,
P000997,Delayed,164.9,
P003150,Completed,50.5,
P003618,Completed,12.4,
P001720,Completed,1.3,
P003971,Completed,60.5,
P002378,Completed,57.1,
P003973,Completed,67.1,
P001194,Completed,10.5,
P001862,Completed,9.0,
P000529,Completed,61.6,
P000406,completed,54.0,
